訂單編號,日期,星期,分店,時段,天氣,會員編號,品項,類別,數量,單價,金額
A23367,2026-08-23,星期日,信義店,下午,雨,,抹茶拿鐵,茶飲,2,100,200.0
A23497,2026-08-25,星期二,板橋店,早上,雨,,拿鐵,咖啡,1,90,90.0
A23159,2026-08-21,星期五,信義店,下午,陰,M0005,起司蛋糕,烘焙,2,120,240.0
A23116,2026-08-20,星期四,板橋店,下午,晴,,拿鐵,咖啡,2,90,180.0
A22795,2026-08-16,星期日,信義店,早上,陰,,肉桂捲,烘焙,2,85,170.0
A22273,2026-08-10,星期一,板橋店,下午,晴,,拿鐵,咖啡,1,90,90.0
A21594,20260802,星期日,信義店,下午,陰,M0232,美式咖啡,咖啡,3,70,210.0
A21702,2026-08-03,星期一,板橋店,晚上,晴,,紅茶,茶飲,2,50,100.0
A23466,2026-08-24,星期一,中壢店,早上,晴,M1172,拿鐵,咖啡,1,90,90.0
A23487,2026-08-25,星期二,信義店,下午,雨,M0754,拿鐵,咖啡,3,90,270.0
A21642,2026-08-02,星期日,中壢店,早上,陰,M1982,美式咖啡,咖啡,1,70,70.0
A22590,2026-08-14,星期五,中壢店,下午,晴,,可頌,烘焙,2,60,120.0
A22953,2026/08/18,星期二,信義店,下午,陰,M1104,肉桂捲,烘焙,1,85,85.0
A22564,2026-08-14,星期五,板橋店,下午,晴,,起司蛋糕,烘焙,1,120,120.0
A22730,2026-08-15,星期六,板橋店,早上,晴,M1278,美式咖啡,咖啡,10,70,700.0
A21991,2026-08-07,星期五,板橋店,下午,晴,,卡布奇諾,咖啡,2,95,190.0
A22572,2026-08-14,星期五,板橋店,下午,晴,M1070,可頌,烘焙,1,60,60.0
A21815,2026-08-05,星期三,板橋店,晚上,雨,,卡布奇諾,咖啡,1,95,95.0
A23960,20260830,星期日,中壢店,早上,晴,M1772,抹茶拿鐵,茶飲,2,100,200.0
A21550,2026-08-01,星期六,中壢店,下午,雨,M0717,卡布奇諾,咖啡,1,95,95.0
A22305,2026-08-10,星期一,中壢店,下午,晴,M1976,拿鐵,咖啡,1,90,90.0
A22603,2026-08-14,星期五,中壢店,晚上,晴,M1059,拿鐵,咖啡,1,90,90.0
A22214,2026-08-09,星期日,中壢店,下午,晴,,起司蛋糕,烘焙,2,120,240.0
A23697,2026-08-28,星期五,信義店,晚上,晴,M1277,卡布奇諾,咖啡,1,95,95.0
A23101,2026-08-20,星期四,板橋店,下午,晴,M1669,美式咖啡,咖啡,1,70,70.0
A23845,2026-08-29,星期六,中壢店,下午,陰,M1961,美式咖啡,咖啡,1,70,70.0
A23947,2026-08-30,星期日,中壢店,晚上,晴,M1793,起司蛋糕,烘焙,3,120,360.0
A22653,2026-08-15,星期六,信義店,晚上,晴,M1843,抹茶拿鐵,茶飲,3,100,300.0
A22146,20260809,星期日,信義店,早上,晴,M0419,拿鐵,咖啡,2,90,180.0
A23441,2026-08-24,星期一,板橋店,晚上,晴,,拿鐵,咖啡,1,90,90.0
A22403,2026-08-12,星期三,板橋店,晚上,陰,,美式咖啡,咖啡,3,70,210.0
A21859,2026-08-06,星期四,信義店,早上,陰,M1017,拿鐵,咖啡,3,90,270.0
A23717,2026/08/28,星期五,板橋店,早上,晴,M1539,抹茶拿鐵,茶飲,1,100,100.0
A22922,2026-08-17,星期一,板橋店,下午,晴,M1203,拿鐵,咖啡,1,90,90.0
A22686,2026-08-15,星期六,板橋店,下午,晴,M0679,卡布奇諾,咖啡,2,95,190.0
A21602,2026/08/02,星期日,板橋店,下午,陰,M0555,卡布奇諾,咖啡,1,95,95.0
A23410,2026-08-23,星期日,中壢店,早上,雨,M1941,拿鐵,咖啡,1,90,90.0
A23613,2026-08-27,星期四,信義店,早上,晴,,紅茶,茶飲,3,50,150.0
A22782,2026-08-16,星期日,信義店,下午,陰,M1379,起司蛋糕,烘焙,2,120,240.0
A23962,2026-08-30,星期日,中壢店,晚上,晴,,拿鐵,咖啡,1,90,90.0
A21701,2026-08-03,星期一,板橋店,下午,晴,,肉桂捲,烘焙,2,85,170.0
A21888,2026-08-06,星期四,板橋店,下午,陰,,拿鐵,咖啡,2,90,
A22422,2026-08-12,星期三,中壢店,早上,陰,M0471,拿鐵,咖啡,1,90,90.0
A21937,2026-08-07,星期五,信義店,下午,晴,,卡布奇諾,咖啡,1,95,95.0
A23000,2026-08-19,星期三,信義店,晚上,晴,M0932,拿鐵,咖啡,5,90,450.0
A22294,2026-08-10,星期一,中壢店,早上,晴,,卡布奇諾,咖啡,1,95,95.0
A21862,2026-08-06,星期四,信義店,下午,陰,M1144,紅茶,茶飲,1,50,50.0
A22984,2026-08-18,星期二,中壢店,下午,陰,,美式咖啡,咖啡,1,70,70.0
A22427,20260812,星期三,中壢店,下午,陰,,抹茶拿鐵,茶飲,2,100,200.0
A23502,2026-08-25,星期二,板橋店,下午,雨,M0959,抹茶拿鐵,茶飲,1,100,100.0
A23896,2026-08-30,星期日,板橋店,早上,晴,,可頌,烘焙,1,60,60.0
A22843,20260816,星期日,板橋店,晚上,陰,,可頌,烘焙,1,60,60.0
A23543,2026-08-26,星期三,信義店,下午,陰,M1468,拿鐵,咖啡,1,90,90.0
A23077,2026-08-20,星期四,信義店,下午,晴,M1113,肉桂捲,烘焙,2,85,170.0
A23765,2026-08-29,星期六,信義店,早上,陰,,拿鐵,咖啡,1,90,90.0
A22129,2026-08-09,星期日,信義店,晚上,晴,M0671,拿鐵,咖啡,1,90,90.0
A21921,2026-08-06,星期四,中壢店,下午,陰,,紅茶,茶飲,2,50,100.0
A22501,2026-08-13,星期四,中壢店,晚上,晴,M1242,拿鐵,咖啡,3,90,270.0
A22830,2026-08-16,星期日,板橋店,早上,陰,,卡布奇諾,咖啡,3,95,285.0
A22183,2026-08-09,星期日,板橋店,下午,晴,M1926,拿鐵,咖啡,1,90,90.0
A23623,2026-08-27,星期四,板橋店,早上,晴,,拿鐵,咖啡,1,90,90.0
A22571,2026-08-14,星期五,板橋店,晚上,晴,M1799,抹茶拿鐵,茶飲,2,100,200.0
A21811,2026-08-05,星期三,板橋店,早上,雨,M0145,可頌,烘焙,1,60,60.0
A23842,2026-08-29,星期六,中壢店,下午,陰,M1010,抹茶拿鐵,茶飲,1,100,100.0
A21881,2026-08-06,星期四,板橋店,早上,陰,M0182,紅茶,茶飲,1,50,50.0
A23882,2026-08-30,星期日,信義店,晚上,晴,M1190,可頌,烘焙,2,60,120.0
A22923,2026-08-17,星期一,中壢店,早上,晴,,美式咖啡,咖啡,2,70,140.0
A23072,2026-08-19,星期三,中壢店,下午,晴,M1612,抹茶拿鐵,茶飲,1,100,100.0
A23754,2026-08-28,星期五,中壢店,早上,晴,,美式咖啡,咖啡,1,70,70.0
A21789,2026-08-05,星期三,信義店,早上,雨,M1755,肉桂捲,烘焙,2,85,170.0
A21615,2026-08-02,星期日,板橋店,下午,陰,,拿鐵,咖啡,2,90,180.0
A23163,2026-08-21,星期五,信義店,早上,陰,M1246,美式咖啡,咖啡,1,70,70.0
A23459,2026-08-24,星期一,中壢店,晚上,晴,M0300,抹茶拿鐵,茶飲,1,100,100.0
A22038,2026/08/08,星期六,信義店,下午,雨,,紅茶,茶飲,1,50,50.0
A22121,2026-08-09,星期日,信義店,晚上,晴,,拿鐵,咖啡,2,90,180.0
A21857,2026-08-06,星期四,信義店,早上,陰,,起司蛋糕,烘焙,1,120,120.0
A22849,2026-08-16,星期日,中壢店,早上,陰,,抹茶拿鐵,茶飲,1,100,100.0
A24008,2026-08-31,星期一,板橋店,早上,晴,M1477,拿鐵,咖啡,2,90,180.0
A23533,2026-08-26,星期三,信義店,晚上,陰,,卡布奇諾,咖啡,2,95,190.0
A21798,20260805,星期三,信義店,下午,雨,M1748,美式咖啡,咖啡,1,70,70.0
A22112,2026-08-09,星期日,信義店,晚上,晴,,拿鐵,咖啡,2,90,180.0
A23047,2026-08-19,星期三,板橋店,早上,晴,M1390,拿鐵,咖啡,1,90,90.0
A22550,2026-08-14,星期五,信義店,早上,晴,M0981,美式咖啡,咖啡,2,70,140.0
A21597,2026-08-02,星期日,信義店,下午,陰,,拿鐵,咖啡,3,90,270.0
A23427,2026-08-24,星期一,信義店,早上,晴,M0339,紅茶,茶飲,1,50,50.0
A22743,2026/08/15,星期六,中壢店,下午,晴,M0726,拿鐵,咖啡,2,90,180.0
A21585,2026-08-02,星期日,信義店,晚上,陰,M1234,可頌,烘焙,1,60,60.0
A23308,2026/08/22,星期六,板橋店,早上,晴,M1084,抹茶拿鐵,茶飲,2,100,200.0
A23969,2026-08-31,星期一,信義店,晚上,晴,M0215,拿鐵,咖啡,1,90,90.0
A23977,2026-08-31,星期一,信義店 ,早上,晴,,美式咖啡,咖啡,1,70,70.0
A23952,2026-08-30,星期日,中壢店,晚上,晴,M0509,可頌,烘焙,1,60,60.0
A22684,2026-08-15,星期六,板橋店,下午,晴,M1440,可頌,烘焙,2,60,120.0
A21697,2026-08-03,星期一,板橋店,下午,晴,,拿鐵,咖啡,3,90,270.0
A22997,2026/08/19,星期三,信義店,下午,晴,,紅茶,茶飲,3,50,150.0
A23583,2026-08-27,星期四,信義店,早上,晴,,卡布奇諾,咖啡,1,95,95.0
A22153,2026-08-09,星期日,信義店,早上,晴,M1263,美式咖啡,咖啡,2,70,140.0
A22774,2026-08-16,星期日,信義店,早上,陰,M1346,抹茶拿鐵,茶飲,1,100,100.0
A22779,2026-08-16,星期日,信義店,早上,陰,M0777,紅茶,茶飲,1,50,50.0
A22144,2026-08-09,星期日,信義店,晚上,晴,M0445,紅茶,茶飲,2,50,100.0
A21751,2026-08-04,星期二,板橋店,早上,雨,M0052,美式咖啡,咖啡,2,70,140.0
A23324,2026-08-22,星期六,板橋店,晚上,晴,M1957,美式咖啡,咖啡,1,70,70.0
A22373,2026/08/12,星期三,信義店,下午,陰,M1484,紅茶,茶飲,2,50,100.0
A21939,2026-08-07,星期五,信義店,下午,晴,,拿鐵,咖啡,2,90,180.0
A22433,2026-08-12,星期三,中壢店,晚上,陰,,卡布奇諾,咖啡,1,95,95.0
A21663,2026-08-03,星期一,信義店,晚上,晴,M1869,拿鐵,咖啡,1,90,90.0
A23839,2026/08/29,星期六,中壢店,早上,陰,M0293,可頌,烘焙,1,60,60.0
A22274,2026-08-10,星期一,板橋店,下午,晴,M0282,可頌,烘焙,1,60,60.0
A22599,2026/08/14,星期五,中壢店,晚上,晴,,美式咖啡,咖啡,2,70,140.0
A22057,2026/08/08,星期六,板橋店,下午,雨,,美式咖啡,咖啡,3,70,210.0
A23992,2026-08-31,星期一,信義店,晚上,晴,M1820,抹茶拿鐵,茶飲,2,100,200.0
A23197,2026-08-21,星期五,板橋店,早上,陰,M0182,拿鐵,咖啡,1,9000,9000.0
A21943,2026-08-07,星期五,信義店,晚上,晴,M0002,紅茶,茶飲,1,50,50.0
A23401,2026-08-23,星期日,中壢店,下午,雨,M1587,拿鐵,咖啡,2,90,180.0
A21926,2026/08/07,星期五,信義店,早上,晴,,紅茶,茶飲,1,50,50.0
A22681,2026-08-15,星期六,信義店,晚上,晴,,拿鐵,咖啡,2,90,180.0
A21780,2026-08-04,星期二,中壢店,早上,雨,,卡布奇諾,咖啡,1,95,95.0
A21503,20260801,星期六,信義店,下午,雨,M0195,肉桂捲,烘焙,1,85,85.0
A22533,2026-08-14,星期五,信義店,下午,晴,M0221,可頌,烘焙,2,60,120.0
A22118,2026-08-09,星期日,信義店,早上,晴,,紅茶,茶飲,5,50,250.0
A23088,2026-08-20,星期四,信義店,早上,晴,M0724,美式咖啡,咖啡,1,70,70.0
A22435,2026/08/12,星期三,中壢店,早上,陰,M0240,拿鐵,咖啡,2,90,180.0
A22372,2026-08-12,星期三,信義店,早上,陰,M1272,可頌,烘焙,1,60,60.0
A22650,2026-08-15,星期六,信義,下午,晴,M1088,起司蛋糕,烘焙,1,120,120.0
A23687,2026-08-28,星期五,信義店,早上,晴,,拿鐵,咖啡,3,90,270.0
A21636,2026-08-02,星期日,中壢店,下午,陰,M1587,拿鐵,咖啡,1,90,90.0
A22802,2026-08-16,星期日,信義店,晚上,陰,M1906,拿鐵,咖啡,1,90,90.0
A21957,2026/08/07,星期五,信義店,早上,晴,,美式咖啡,咖啡,1,70,70.0
A22762,2026-08-15,星期六,中壢店,早上,晴,,美式咖啡,咖啡,3,70,210.0
A23173,2026-08-21,星期五,信義店,下午,陰,,拿鐵,咖啡,1,90,90.0
A21544,2026-08-01,星期六,中壢店,下午,雨,M1189,拿鐵,咖啡,1,90,90.0
A21609,2026-08-02,星期日,板橋店,晚上,陰,,紅茶,茶飲,3,50,150.0
A23194,2026-08-21,星期五,板橋店,早上,陰,M1198,可頌,烘焙,1,60,60.0
A22641,2026-08-15,星期六,信義店,早上,晴,,卡布奇諾,咖啡,3,95,285.0
A22281,2026-08-10,星期一,板橋店,下午,晴,M1899,紅茶,茶飲,3,50,150.0
A22047,2026-08-08,星期六,板橋店,下午,雨,,抹茶拿鐵,茶飲,1,100,100.0
A23086,2026-08-20,星期四,信義店,下午,晴,M0100,卡布奇諾,咖啡,2,95,190.0
A23606,2026/08/27,星期四,信義店,下午,晴,M1071,卡布奇諾,咖啡,1,95,95.0
A23328,2026-08-22,星期六,中壢店,下午,晴,,美式咖啡,咖啡,2,70,140.0
A23507,20260825,星期二,中壢店,下午,雨,,拿鐵,咖啡,1,90,90.0
A21965,2026-08-07,星期五,信義店,早上,晴,,美式咖啡,咖啡,1,70,70.0
A21996,2026-08-07,星期五,板橋店,下午,晴,M1380,拿鐵,咖啡,1,90,90.0
A22797,2026-08-16,星期日,信義店,早上,陰,M0814,起司蛋糕,烘焙,3,120,360.0
A23172,2026-08-21,星期五,信義店,早上,陰,M1058,拿鐵,咖啡,1,90,90.0
A23304,2026-08-22,星期六,板橋店,晚上,晴,,抹茶拿鐵,茶飲,1,100,100.0
A23079,2026-08-20,星期四,信義店,早上,晴,,可頌,烘焙,1,60,60.0
A23352,2026/08/22,星期六,中壢店,晚上,晴,,可頌,烘焙,3,60,180.0
A22902,2026-08-17,星期一,板橋店,早上,晴,,拿鐵,咖啡,1,90,90.0
A23684,2026-08-28,星期五,信義店,早上,晴,,美式咖啡,咖啡,1,70,70.0
A23392,2026-08-23,星期日,板橋店,早上,雨,M1759,卡布奇諾,咖啡,3,95,285.0
A22035,2026-08-08,星期六,信義店,下午,雨,M0032,卡布奇諾,咖啡,1,95,95.0
A23875,2026-08-30,星期日,信義店,下午,晴,,紅茶,茶飲,3,50,150.0
A22626,2026/08/15,星期六,信義店,早上,晴,M1816,美式咖啡,咖啡,1,70,70.0
A23715,2026-08-28,星期五,板橋店,下午,晴,,拿鐵,咖啡,4,90,360.0
A22145,2026-08-09,星期日,信義店,下午,晴,,肉桂捲,烘焙,1,85,85.0
A23651,2026/08/27,星期四,中壢店,早上,晴,,抹茶拿鐵,茶飲,1,100,100.0
A21772,2026-08-04,星期二,中壢店,早上,雨,M0811,美式咖啡,咖啡,1,70,70.0
A21546,2026-08-01,星期六,中壢店,早上,雨,M1959,美式咖啡,咖啡,3,70,210.0
A23945,2026-08-30,星期日,中壢店,早上,晴,,紅茶,茶飲,1,50,50.0
A23350,2026/08/22,星期六,中壢店,早上,晴,,紅茶,茶飲,2,50,100.0
A22500,2026-08-13,星期四,中壢店,下午,晴,,紅茶,茶飲,1,50,50.0
A23199,2026-08-21,星期五,板橋店,早上,陰,M1618,可頌,烘焙,2,60,120.0
A23274,2026-08-22,星期六,信義店,下午,晴,,卡布奇諾,咖啡,3,95,285.0
A22493,2026-08-13,星期四,中壢店,晚上,晴,,美式咖啡,咖啡,1,70,70.0
A21634,2026-08-02,星期日,中壢店,下午,陰,M1578,可頌,烘焙,2,60,120.0
A23914,2026-08-30,星期日,板橋店,晚上,晴,M0997,拿鐵,咖啡,2,90,180.0
A22263,2026-08-10,星期一,信義店,晚上,晴,M1282,起司蛋糕,烘焙,3,120,360.0
A23483,2026-08-25,星期二,信義店,下午,雨,,紅茶,茶飲,1,50,50.0
A23272,2026-08-22,星期六,信義店,下午,晴,M1661,拿鐵,咖啡,3,90,270.0
A21927,2026-08-07,星期五,信義店,下午,晴,,抹茶拿鐵,茶飲,2,100,200.0
A22150,2026-08-09,星期日,信義,下午,晴,M0239,拿鐵,咖啡,1,90,90.0
A22622,2026-08-14,星期五,中壢店,下午,晴,,肉桂捲,烘焙,1,85,85.0
A23670,2026-08-28,星期五,信義店,下午,晴,M0415,紅茶,茶飲,2,50,100.0
A23901,2026-08-30,星期日,板橋店,晚上,晴,M1270,拿鐵,咖啡,2,90,180.0
A23169,2026-08-21,星期五,信義店 ,下午,陰,,拿鐵,咖啡,1,90,90.0
A23283,2026-08-22,星期六,板橋店,下午,晴,,拿鐵,咖啡,2,90,180.0
A22804,2026-08-16,星期日, 信義店,早上,陰,,肉桂捲,烘焙,1,85,85.0
A22800,2026/08/16,星期日,信義店,下午,陰,M1894,起司蛋糕,烘焙,1,120,120.0
A23749,2026-08-28,星期五,中壢店,下午,晴,M1748,美式咖啡,咖啡,3,70,210.0
A21684,2026-08-03,星期一,板橋店,晚上,晴,M1093,拿鐵,咖啡,1,90,90.0
A22109,2026-08-09,星期日,信義店,早上,晴,M1126,美式咖啡,咖啡,1,70,70.0
A23628,2026-08-27,星期四,板橋店,下午,晴,,拿鐵,咖啡,1,90,90.0
A23143,2026-08-21,星期五,信義店,早上,陰,M0107,卡布奇諾,咖啡,1,95,95.0
A23542,2026-08-26,星期三,信義店,早上,陰,,拿鐵,咖啡,3,90,270.0
A23605,2026-08-27,星期四,信義店,下午,晴,,美式咖啡,咖啡,2,70,140.0
A23049,2026-08-19,星期三,板橋店,早上,晴,,拿鐵,咖啡,1,90,90.0
A23075,2026-08-20,星期四,信義店,早上,晴,M0938,拿鐵,咖啡,1,90,90.0
A22400,2026-08-12,星期三,板橋店 ,晚上,陰,M0279,拿鐵,咖啡,2,90,180.0
A21586,2026-08-02,星期日,信義店,早上,陰,,紅茶,茶飲,3,50,150.0
A21820,2026-08-05,星期三,中壢店,下午,雨,M0767,拿鐵,咖啡,2,90,180.0
A22677,2026/08/15,星期六,信義店,早上,晴,M1412,起司蛋糕,烘焙,1,120,120.0
A23451,2026-08-24,星期一,板橋店,下午,晴,,可頌,烘焙,1,60,60.0
A23624,2026/08/27,星期四,板橋店,早上,晴,M1102,美式咖啡,咖啡,2,70,140.0
A23381,2026-08-23,星期日,信義店,晚上,雨,,拿鐵,咖啡,3,90,270.0
A22915,2026-08-17,星期一,板橋店,早上,晴,M0613,拿鐵,咖啡,3,90,270.0
A23940,2026-08-30,星期日,中壢店,下午,晴,M1608,美式咖啡,咖啡,1,70,70.0
A23229,2026-08-21,星期五,中壢店,早上,陰,M0167,抹茶拿鐵,茶飲,2,100,200.0
A22262,2026-08-10,星期一,信義店,早上,晴,,卡布奇諾,咖啡,1,95,95.0
A23854,2026-08-29,星期六,中壢店,晚上,陰,M0804,美式咖啡,咖啡,2,70,140.0
A22656,2026-08-15,星期六,信義店,下午,晴,,拿鐵,咖啡,3,90,270.0
A22578,2026-08-14,星期五, 板橋店,早上,晴,M0685,美式咖啡,咖啡,1,70,70.0
A23604,2026-08-27,星期四,信義店,早上,晴,M0041,拿鐵,咖啡,2,90,180.0
X0002,2026-08-24,星期一,板橋店,早上,晴,M0338,肉桂捲,烘焙,0,85,0.0
A23282,20260822,星期六,板橋店,早上,晴,M0499,卡布奇諾,咖啡,1,95,95.0
A22514,2026-08-14,星期五,信義店,下午,晴,M0730,美式咖啡,咖啡,1,70,70.0
A22913,2026-08-17,星期一,板橋店,早上,晴,M0436,紅茶,茶飲,2,50,100.0
A22975,2026/08/18,星期二,板橋店,早上,陰,,紅茶,茶飲,3,50,150.0
A23652,2026-08-27,星期四,中壢店,早上,晴,M1163,抹茶拿鐵,茶飲,1,100,100.0
A23811,2026-08-29,星期六,板橋店,早上,陰,,抹茶拿鐵,茶飲,1,100,100.0
A22327,2026-08-11,星期二,信義店,早上,雨,,卡布奇諾,咖啡,3,95,285.0
A23488,2026-08-25,星期二,信義店,下午,雨,,抹茶拿鐵,茶飲,1,100,100.0
A23213,20260821,星期五,板橋店,晚上,陰,,拿鐵,咖啡,2,90,180.0
A21822,2026-08-05,星期三,中壢店,早上,雨,,紅茶,茶飲,1,50,50.0
A22549,2026-08-14,星期五,信義店,早上,晴,,可頌,烘焙,1,60,60.0
A22301,2026-08-10,星期一,中壢店,早上,晴,,拿鐵,咖啡,1,90,90.0
A23165,2026-08-21,星期五,信義店,晚上,陰,M1306,美式咖啡,咖啡,1,70,70.0
A21598,2026-08-02,星期日,信義店,下午,陰,,卡布奇諾,咖啡,1,95,95.0
A22206,2026-08-09,星期日,中壢店,下午,晴,,拿鐵,咖啡,3,90,270.0
A22423,2026-08-12,星期三,中壢店,早上,陰,M1288,可頌,烘焙,2,60,120.0
A22000,2026-08-07,星期五,板橋店,下午,晴,,抹茶拿鐵,茶飲,3,100,300.0
A21628,2026-08-02,星期日,板橋店,晚上,陰,M1218,拿鐵,咖啡,2,90,180.0
A23028,2026/08/19,星期三,信義店,晚上,晴,M1955,美式咖啡,咖啡,3,70,210.0
A21899,2026-08-06,星期四,中壢店,下午,陰,,紅茶,茶飲,1,50,50.0
A23894,2026/08/30,星期日,板橋店,早上,晴,,卡布奇諾,咖啡,2,95,190.0
A22807,2026-08-16,星期日,信義店,下午,陰,M1332,抹茶拿鐵,茶飲,2,100,
A23379,2026-08-23,星期日,信義店,下午,雨,M1982,拿鐵,咖啡,2,90,
A23639,2026-08-27,星期四,中壢店,下午,晴,M0449,卡布奇諾,咖啡,2,95,190.0
A22982,2026-08-18,星期二,中壢店,下午,陰,M1279,拿鐵,咖啡,1,90,90.0
A22597,2026-08-14,星期五,中壢店,早上,晴,M0956,肉桂捲,烘焙,2,85,170.0
A23610,2026-08-27,星期四,信義店,晚上,晴,M0898,卡布奇諾,咖啡,1,95,95.0
A23582,2026-08-27,星期四,信義店,下午,晴,M1053,拿鐵,咖啡,1,90,90.0
A22490,2026-08-13,星期四,板橋店,早上,晴,M0497,起司蛋糕,烘焙,1,120,120.0
A22133,2026-08-09,星期日,信義店,早上,晴,M0672,紅茶,茶飲,1,50,50.0
A21763,2026/08/04,星期二,板橋店,下午,雨,,紅茶,茶飲,3,50,150.0
A23449,2026-08-24,星期一,板橋店,下午,晴,M1602,抹茶拿鐵,茶飲,2,100,200.0
A22178,2026-08-09,星期日,板橋店,晚上,晴,M1904,肉桂捲,烘焙,2,85,170.0
A21915,2026-08-06,星期四,中壢店,晚上,陰,M0665,紅茶,茶飲,2,50,100.0
A21714,2026-08-03,星期一,中壢店,早上,晴,,美式咖啡,咖啡,2,70,140.0
A21969,2026-08-07,星期五,板橋店,下午,晴,,起司蛋糕,烘焙,2,120,240.0
A22088,2026-08-08,星期六,中壢店,早上,雨,M0251,起司蛋糕,烘焙,1,120,120.0
A22851,2026-08-16,星期日,中壢店,下午,陰,,紅茶,茶飲,2,50,100.0
A22333,2026-08-11,星期二,板橋店,晚上,雨,,拿鐵,咖啡,1,90,90.0
X0008,2026-08-09,星期日,信義店,下午,晴,,起司蛋糕,烘焙,-1,120,-120.0
A21865,2026-08-06,星期四,信義店,下午,陰,M0213,可頌,烘焙,2,60,120.0
A21864,2026-08-06,星期四,信義店,早上,陰,M0649,可頌,烘焙,1,60,60.0
A23746,2026-08-28,星期五,中壢店,下午,晴,,紅茶,茶飲,3,50,150.0
A23991,2026-08-31,星期一,信義店,早上,晴,M1042,卡布奇諾,咖啡,1,95,95.0
A22935,2026-08-17,星期一,中壢店,晚上,晴,M0518,抹茶拿鐵,茶飲,1,100,100.0
A22172,2026-08-09,星期日,板橋店,晚上,晴,M0137,拿鐵,咖啡,2,90,180.0
A22084,2026-08-08,星期六,中壢店,下午,雨,,抹茶拿鐵,茶飲,3,100,300.0
A24029,2026-08-31,星期一,中壢店,早上,晴,M1412,肉桂捲,烘焙,3,85,255.0
A23948,2026/08/30,星期日,中壢店,早上,晴,,可頌,烘焙,1,60,60.0
A23277,20260822,星期六,信義店,下午,晴,M1750,拿鐵,咖啡,1,90,90.0
A22575,2026-08-14,星期五,板橋店,晚上,晴,,可頌,烘焙,1,60,60.0
A23216,2026-08-21,星期五, 板橋店,晚上,陰,M0744,起司蛋糕,烘焙,1,120,120.0
A22398,20260812,星期三,板橋店,下午,陰,,卡布奇諾,咖啡,1,95,95.0
A21952,2026-08-07,星期五,信義店,早上,晴,,肉桂捲,烘焙,1,85,85.0
A23709,2026-08-28,星期五,板橋店,早上,晴,M1671,紅茶,茶飲,1,50,50.0
A22075,2026-08-08,星期六,板橋店,早上,雨,M0917,抹茶拿鐵,茶飲,1,100,100.0
A22076,2026-08-08,星期六, 板橋店,早上,雨,M1808,卡布奇諾,咖啡,1,95,95.0
A23785,2026-08-29,星期六,信義店,下午,陰,M1651,拿鐵,咖啡,1,90,90.0
A23966,2026/08/31,星期一,信義店,早上,晴,,抹茶拿鐵,茶飲,3,100,300.0
A22340,2026-08-11,星期二,板橋店,下午,雨,,拿鐵,咖啡,1,90,90.0
A22127,2026-08-09,星期日,信義店,晚上,晴,,美式咖啡,咖啡,2,70,140.0
A22369,2026-08-12,星期三,信義店,早上,陰,,可頌,烘焙,2,60,120.0
A23440,2026-08-24,星期一,板橋店,早上,晴,,紅茶,茶飲,2,50,100.0
A21539,2026-08-01,星期六,板橋店,早上,雨,,可頌,烘焙,3,60,180.0
A23398,2026-08-23,星期日,中壢店,下午,雨,,肉桂捲,烘焙,1,85,85.0
A23106,2026-08-20,星期四,板橋店,早上,晴,,紅茶,茶飲,3,50,150.0
A21994,20260807,星期五,板橋店,下午,晴,,美式咖啡,咖啡,1,70,70.0
A22300,2026-08-10,星期一,中壢店,下午,晴,,美式咖啡,咖啡,1,70,70.0
A22840,2026/08/16,星期日,板橋店,早上,陰,M1124,可頌,烘焙,1,60,60.0
A22816,2026-08-16,星期日,板橋店,下午,陰,,美式咖啡,咖啡,2,70,140.0
A23296,2026-08-22,星期六,板橋店,早上,晴,M1755,拿鐵,咖啡,1,90,90.0
A23005,2026/08/19,星期三,信義店,下午,晴,,拿鐵,咖啡,2,90,180.0
A22702,2026-08-15,星期六,板橋店,早上,晴,,可頌,烘焙,1,60,60.0
A22402,2026-08-12,星期三,板橋店,晚上,陰,,美式咖啡,咖啡,2,70,140.0
A21825,2026-08-05,星期三,中壢店,下午,雨,M1394,拿鐵,咖啡,2,90,180.0
A23538,2026-08-26,星期三,信義店,早上,陰,,紅茶,茶飲,1,50,50.0
A22993,20260818,星期二,中壢店,下午,陰,M0871,抹茶拿鐵,茶飲,1,100,100.0
A21838,2026-08-06,星期四,信義店,下午,陰,M1995,卡布奇諾,咖啡,1,95,95.0
A21802,2026-08-05,星期三,板橋店,晚上,雨,M1687,卡布奇諾,咖啡,1,95,95.0
A23941,2026-08-30,星期日,中壢店,下午,晴,M1301,起司蛋糕,烘焙,1,120,120.0
A21786,2026/08/05,星期三,信義店,早上,雨,,卡布奇諾,咖啡,5,95,475.0
A23377,2026-08-23,星期日,信義店,早上,雨,,美式咖啡,咖啡,2,70,140.0
A23976,2026-08-31,星期一,信義店,早上,晴,,拿鐵,咖啡,2,90,180.0
A22660,2026-08-15,星期六,信義店,早上,晴,M1797,紅茶,茶飲,1,50,50.0
A21703,2026-08-03,星期一,板橋店,早上,晴,M1001,肉桂捲,烘焙,2,85,170.0
A22383,2026-08-12,星期三,信義店,下午,陰,M1232,抹茶拿鐵,茶飲,1,100,100.0
A23611,2026-08-27,星期四,信義店,早上,晴,,拿鐵,咖啡,1,90,90.0
A23531,2026-08-26,星期三,信義店,下午,陰,M1432,拿鐵,咖啡,1,90,90.0
A22709,2026-08-15,星期六,板橋店,早上,晴,,起司蛋糕,烘焙,6,120,720.0
A23602,2026-08-27,星期四,信義店,下午,晴,,肉桂捲,烘焙,1,85,85.0
A22481,2026-08-13,星期四,板橋店,下午,晴,,起司蛋糕,烘焙,1,120,120.0
A23042,2026-08-19,星期三,板橋店,早上,晴,M0158,拿鐵,咖啡,1,90,90.0
A23188,2026-08-21,星期五,板橋店,晚上,陰,M1785,拿鐵,咖啡,2,90,180.0
A21741,2026-08-04,星期二,信義店,早上,雨,,美式咖啡,咖啡,3,70,210.0
A22200,2026-08-09,星期日,板橋店,早上,晴,M0249,美式咖啡,咖啡,3,70,210.0
A23023,2026/08/19,星期三,信義店,早上,晴,,拿鐵,咖啡,3,90,270.0
A21643,2026/08/02,星期日,中壢店,早上,陰,M0721,紅茶,茶飲,1,50,50.0
A21601,2026-08-02,星期日,板橋店,早上,陰,,紅茶,茶飲,3,50,150.0
A23490,2026-08-25,星期二,板橋店,下午,雨,M1886,美式咖啡,咖啡,2,70,140.0
A23369,2026-08-23,星期日,信義店,早上,雨,M1997,拿鐵,咖啡,3,90,270.0
A22850,2026-08-16,星期日,中壢店,早上,陰,,起司蛋糕,烘焙,2,120,240.0
A22835,2026-08-16,星期日,板橋店,晚上,陰,,卡布奇諾,咖啡,2,95,190.0
A21537,2026-08-01,星期六,板橋店,早上,雨,,拿鐵,咖啡,2,90,180.0
A22541,2026-08-14,星期五,信義店,晚上,晴,M1082,抹茶拿鐵,茶飲,1,100,100.0
A21895,2026-08-06,星期四,中壢店,早上,陰,,拿鐵,咖啡,3,90,270.0
A22290,2026-08-10,星期一,板橋店,早上,晴,,紅茶,茶飲,3,50,150.0
A22445,2026-08-13,星期四,信義店,下午,晴,M0710,拿鐵,咖啡,1,90,90.0
A22907,2026-08-17,星期一,板橋店,晚上,晴,M1072,可頌,烘焙,2,60,
A21790,2026-08-05,星期三,信義店,下午,雨,,美式咖啡,咖啡,1,70,70.0
A22494,2026-08-13,星期四,中壢店,早上,晴,M1877,可頌,烘焙,2,60,120.0
A23855,2026-08-29,星期六,中壢店,晚上,陰,,卡布奇諾,咖啡,1,95,95.0
A23528,2026-08-26,星期三,信義店,下午,陰,M0063,拿鐵,咖啡,1,90,90.0
A21599,2026-08-02,星期日,信義店,晚上,陰,M1123,美式咖啡,咖啡,3,70,210.0
A21715,2026-08-03,星期一,中壢店,下午,晴,M0333,拿鐵,咖啡,2,90,180.0
A22207,2026-08-09,星期日,中壢店,晚上,晴,M1591,紅茶,茶飲,1,50,50.0
A22408,2026-08-12,星期三,板橋店,早上,陰,,拿鐵,咖啡,1,90,90.0
A22174,2026-08-09,星期日,板橋店,早上,晴,,卡布奇諾,咖啡,1,95,95.0
A21578,2026-08-02,星期日,信義店,早上,陰,,美式咖啡,咖啡,1,70,70.0
A23494,2026-08-25,星期二,板橋店,早上,雨,M1519,美式咖啡,咖啡,1,70,70.0
A23417,2026-08-24,星期一,信義店,早上,晴,M0650,可頌,烘焙,2,60,120.0
A23659,2026-08-28,星期五,信義店,下午,晴,,紅茶,茶飲,2,50,100.0
A22742,2026-08-15,星期六,中壢店,早上,晴,M1174,美式咖啡,咖啡,1,70,70.0
A23730,2026-08-28,星期五,板橋店,下午,晴,M1847,拿鐵,咖啡,1,90,
A23791,20260829,星期六,信義店,早上,陰,M1103,美式咖啡,咖啡,1,70,70.0
A23271,2026-08-22,星期六,信義店,早上,晴,M1883,美式咖啡,咖啡,1,70,70.0
A23469,2026/08/24,星期一,中壢店,下午,晴,M1197,紅茶,茶飲,1,50,50.0
A22070,2026-08-08,星期六,板橋店,早上,雨,M0430,卡布奇諾,咖啡,1,95,95.0
A22919,2026-08-17,星期一,板橋店,早上,晴,M1614,可頌,烘焙,1,60,60.0
A23252,2026-08-22,星期六,信義店,下午,晴,M0932,美式咖啡,咖啡,3,70,210.0
A22543,2026-08-14,星期五,信義店,晚上,晴,,抹茶拿鐵,茶飲,1,100,100.0
A22713,2026-08-15,星期六,板橋店,下午,晴,,美式咖啡,咖啡,2,70,140.0
X0003,2026-08-17,星期一,板橋店,早上,晴,M0613,拿鐵,咖啡,-1,90,-90.0
A21740,2026-08-04,星期二,信義店,下午,雨,M1169,抹茶拿鐵,茶飲,2,100,200.0
A21487,20260801,星期六,信義店,晚上,雨,M1239,肉桂捲,烘焙,1,85,85.0
A22516,2026-08-14,星期五,信義店,早上,晴,M1441,拿鐵,咖啡,2,90,180.0
A23829,2026-08-29,星期六,中壢店,早上,陰,M0647,起司蛋糕,烘焙,2,120,240.0
A22908,2026/08/17,星期一,板橋店,下午,晴,M0535,拿鐵,咖啡,2,90,180.0
A23235,2026-08-21,星期五,中壢店,早上,陰,,卡布奇諾,咖啡,2,95,190.0
A23926,2026-08-30,星期日,板橋店,晚上,晴,,可頌,烘焙,1,60,60.0
A22068,2026-08-08,星期六,板橋店,下午,雨,M0681,可頌,烘焙,1,60,60.0
A22625,2026-08-15,星期六,信義店,晚上,晴,M1721,拿鐵,咖啡,2,90,180.0
A22314,2026-08-11,星期二,信義店,早上,雨,M0111,美式咖啡,咖啡,1,70,70.0
A23850,2026/08/29,星期六,中壢店,晚上,陰,M1706,美式咖啡,咖啡,2,70,140.0
A22488,2026-08-13,星期四,板橋店,早上,晴,M1906,抹茶拿鐵,茶飲,2,100,200.0
A21830,2026-08-05,星期三,中壢店　,下午,雨,M0753,紅茶,茶飲,1,50,50.0
A23368,2026-08-23,星期日,信義店,早上,雨,M0669,卡布奇諾,咖啡,2,95,190.0
A23818,2026-08-29,星期六,板橋店,下午,陰,,抹茶拿鐵,茶飲,1,100,100.0
A23471,2026-08-25,星期二,信義店,下午,雨,M0462,拿鐵,咖啡,1,90,90.0
A23178,2026-08-21,星期五,板橋店,下午,陰,M0335,起司蛋糕,烘焙,1,120,120.0
A23955,2026-08-30,星期日,中壢店,早上,晴,,可頌,烘焙,3,60,180.0
A23317,2026-08-22,星期六,板橋店,下午,晴,,紅茶,茶飲,1,50,50.0
A22081,2026-08-08,星期六,中壢店,下午,雨,M0696,起司蛋糕,烘焙,2,120,240.0
A22652,2026-08-15,星期六,信義店,早上,晴,M1379,起司蛋糕,烘焙,1,120,120.0
A21563,2026-08-01,星期六,中壢店,下午,雨,M0809,紅茶,茶飲,3,50,150.0
A21593,2026-08-02,星期日,信義店,早上,陰,M1497,美式咖啡,咖啡,2,70,140.0
A22688,2026-08-15,星期六,板橋店,下午,晴,M0525,卡布奇諾,咖啡,3,95,285.0
A21510,2026-08-01,星期六,板橋店,早上,雨,M0986,可頌,烘焙,1,60,60.0
A22671,2026-08-15,星期六,信義店,早上,晴,M0997,起司蛋糕,烘焙,2,120,240.0
A22418,2026-08-12,星期三,中壢店,早上,陰,,美式咖啡,咖啡,1,70,70.0
A23039,2026-08-19,星期三,板橋店,晚上,晴,M0489,拿鐵,咖啡,1,90,90.0
A23171,2026-08-21,星期五,信義店,下午,陰,M1550,拿鐵,咖啡,1,90,90.0
A22348,2026-08-11,星期二,中壢店,下午,雨,,拿鐵,咖啡,1,90,90.0
A21506,2026/08/01,星期六,信義店,下午,雨,M1506,卡布奇諾,咖啡,1,95,95.0
A23290,2026-08-22,星期六,板橋店,下午,晴,M0608,美式咖啡,咖啡,2,70,140.0
A21666,2026-08-03,星期一,信義店,下午,晴,,卡布奇諾,咖啡,3,95,285.0
A21554,2026-08-01,星期六,中壢店,下午,雨,M1356,起司蛋糕,烘焙,2,120,240.0
A22834,2026-08-16,星期日,板橋,早上,陰,,美式咖啡,咖啡,1,70,70.0
A22213,2026-08-09,星期日,中壢店,早上,晴,M1288,紅茶,茶飲,1,50,50.0
A23595,2026-08-27,星期四,信義店,下午,晴,M1572,美式咖啡,咖啡,2,70,140.0
A21842,2026-08-06,星期四,信義店,晚上,陰,M1569,拿鐵,咖啡,1,90,90.0
A23338,2026-08-22,星期六,中壢店,晚上,晴,M0679,肉桂捲,烘焙,1,85,85.0
A22853,2026-08-16,星期日,中壢店,下午,陰,,抹茶拿鐵,茶飲,3,100,300.0
A22003,2026-08-07,星期五,中壢店,晚上,晴,,拿鐵,咖啡,1,90,90.0
A21733,2026-08-04,星期二,信義店,早上,雨,,紅茶,茶飲,1,50,50.0
A22740,2026-08-15,星期六,中壢店,早上,晴,M0548,肉桂捲,烘焙,2,85,170.0
A22131,2026-08-09,星期日,信義店,早上,晴,M1982,紅茶,茶飲,9,50,450.0
A21659,2026-08-03,星期一,信義店,下午,晴,,紅茶,茶飲,1,50,50.0
A22219,2026/08/09,星期日,中壢店,晚上,晴,M0919,卡布奇諾,咖啡,2,95,190.0
A22649,2026-08-15,星期六,信義店,下午,晴,M1161,拿鐵,咖啡,2,90,180.0
A21907,2026-08-06,星期四,中壢店,早上,陰,,拿鐵,咖啡,3,90,270.0
A22663,2026-08-15,星期六,信義店,下午,晴,M1455,肉桂捲,烘焙,2,85,170.0
A23654,2026-08-27,星期四,中壢,下午,晴,M1300,拿鐵,咖啡,2,90,180.0
A23064,2026-08-19,星期三,中壢店,下午,晴,,紅茶,茶飲,1,50,50.0
X0018,2026-08-22,星期六,中壢店,早上,晴,M0879,紅茶,茶飲,-2,50,-100.0
A23786,20260829,星期六,信義店,下午,陰,,抹茶拿鐵,茶飲,2,100,200.0
A22904,2026/08/17,星期一,板橋店,下午,晴,,拿鐵,咖啡,1,90,90.0
A21748,2026-08-04,星期二,信義店,早上,雨,,美式咖啡,咖啡,3,70,210.0
A23004,2026-08-19,星期三,信義店,早上,晴,M1983,拿鐵,咖啡,1,90,90.0
A23720,2026-08-28,星期五,板橋店,下午,晴,,可頌,烘焙,1,60,60.0
A22897,2026-08-17,星期一,信義店,下午,晴,M0229,可頌,烘焙,2,60,120.0
A23006,2026-08-19,星期三,信義店,下午,晴,,拿鐵,咖啡,1,90,90.0
A23944,2026-08-30,星期日,中壢店,下午,晴,M1534,可頌,烘焙,1,60,60.0
A21496,2026/08/01,星期六,信義店,晚上,雨,M0219,拿鐵,咖啡,2,90,180.0
A23034,2026-08-19,星期三,板橋店,晚上,晴,M1963,紅茶,茶飲,1,50,50.0
A22297,2026-08-10,星期一,中壢店,下午,晴,,美式咖啡,咖啡,2,70,140.0
A22186,2026-08-09,星期日,板橋店,晚上,晴,,抹茶拿鐵,茶飲,2,100,200.0
A22881,2026-08-17,星期一,信義店,下午,晴,,美式咖啡,咖啡,1,70,70.0
A23686,2026-08-28,星期五,信義店,早上,晴,M0061,拿鐵,咖啡,3,90,270.0
A21925,2026-08-07,星期五,信義店,下午,晴,,拿鐵,咖啡,2,90,180.0
A22546,2026-08-14,星期五,信義店,晚上,晴,,拿鐵,咖啡,3,90,270.0
A23723,2026-08-28,星期五,板橋店,下午,晴,,拿鐵,咖啡,1,90,90.0
A21661,2026-08-03,星期一,信義店 ,早上,晴,M0510,拿鐵,咖啡,1,90,90.0
A22474,2026-08-13,星期四,板橋店,下午,晴,M0679,抹茶拿鐵,茶飲,2,100,200.0
A22540,2026-08-14,星期五,信義店,下午,晴,M0489,可頌,烘焙,2,60,120.0
A21627,2026-08-02,星期日,板橋店,早上,陰,,卡布奇諾,咖啡,1,95,95.0
A23448,2026-08-24,星期一,板橋店,早上,晴,M0338,肉桂捲,烘焙,1,85,85.0
A22977,2026-08-18,星期二,板橋店,早上,陰,M0989,拿鐵,咖啡,3,90,270.0
A21855,2026-08-06,星期四,信義店,早上,陰,M0241,紅茶,茶飲,1,50,50.0
A22547,2026-08-14,星期五,信義店,早上,晴,,美式咖啡,咖啡,2,70,140.0
A21753,2026-08-04,星期二,板橋店,晚上,雨,M1769,拿鐵,咖啡,1,90,90.0
A21579,2026-08-02,星期日,信義店,下午,陰,M1164,卡布奇諾,咖啡,1,95,95.0
A23819,2026-08-29,星期六,板橋店,晚上,陰,M0180,肉桂捲,烘焙,3,85,255.0
A23758,2026-08-29,星期六,信義店,早上,陰,,拿鐵,咖啡,3,90,270.0
A23200,2026/08/21,星期五,板橋店,晚上,陰,M1051,紅茶,茶飲,3,50,150.0
A22409,2026-08-12,星期三,板橋店,早上,陰,,拿鐵,咖啡,1,90,90.0
A22451,2026-08-13,星期四,信義店,早上,晴,,拿鐵,咖啡,2,90,180.0
A22784,2026-08-16,星期日,信義店,早上,陰,M1117,起司蛋糕,烘焙,1,120,120.0
A22453,2026-08-13,星期四,信義店,下午,晴,,拿鐵,咖啡,1,90,90.0
A21930,2026-08-07,星期五,信義店,下午,晴,M0555,拿鐵,咖啡,1,90,90.0
A23656,2026-08-27,星期四,中壢店,早上,晴,M0592,抹茶拿鐵,茶飲,1,100,100.0
A23126,2026-08-20,星期四,中壢店,早上,晴,,美式咖啡,咖啡,1,70,70.0
A21690,2026/08/03,星期一,板橋店,下午,晴,,美式咖啡,咖啡,3,70,210.0
A22828,2026-08-16,星期日,板橋店,下午,陰,,卡布奇諾,咖啡,1,95,95.0
A22386,2026-08-12,星期三,信義店,早上,陰,M1254,拿鐵,咖啡,3,90,270.0
A23388,2026/08/23,星期日,板橋店,早上,雨,,起司蛋糕,烘焙,1,120,120.0
A21892,2026-08-06,星期四,中壢店,晚上,陰,M1202,美式咖啡,咖啡,1,70,70.0
A23883,2026-08-30,星期日,信義店,下午,晴,M1450,肉桂捲,烘焙,1,85,85.0
A23120,2026/08/20,星期四,板橋店,晚上,晴,,可頌,烘焙,2,60,120.0
A21719,2026-08-03,星期一,中壢店,下午,晴,,拿鐵,咖啡,3,90,270.0
A22228,2026/08/09,星期日,中壢店,下午,晴,,拿鐵,咖啡,1,90,90.0
A22744,2026-08-15,星期六,中壢店,早上,晴,,美式咖啡,咖啡,3,70,210.0
A21803,2026/08/05,星期三,板橋店,下午,雨,M1779,可頌,烘焙,1,60,60.0
A22937,2026-08-17,星期一,中壢,早上,晴,M1949,卡布奇諾,咖啡,2,95,190.0
A23975,2026-08-31,星期一,信義店,晚上,晴,,美式咖啡,咖啡,2,70,140.0
A23540,20260826,星期三,信義店,下午,陰,M1514,可頌,烘焙,1,60,60.0
A22296,2026/08/10,星期一,中壢店,早上,晴,M0501,拿鐵,咖啡,1,90,90.0
A22719,2026-08-15,星期六,板橋店,早上,晴,,美式咖啡,咖啡,1,70,70.0
A22831,2026/08/16,星期日,板橋店,早上,陰,M0210,美式咖啡,咖啡,1,70,70.0
A22289,2026-08-10,星期一, 板橋店,早上,晴,M1270,可頌,烘焙,3,60,180.0
A23232,2026-08-21,星期五,中壢店,晚上,陰,,拿鐵,咖啡,1,90,90.0
A21908,2026-08-06,星期四,中壢店,早上,陰,,拿鐵,咖啡,1,90,90.0
A21885,2026/08/06,星期四,板橋店,下午,陰,,紅茶,茶飲,1,50,50.0
A23939,2026-08-30,星期日,中壢店,晚上,晴,,美式咖啡,咖啡,3,70,210.0
A23891,2026-08-30,星期日,板橋店,早上,晴,M0239,起司蛋糕,烘焙,1,120,120.0
A23835,2026-08-29,星期六,中壢店,早上,陰,M1511,拿鐵,咖啡,3,90,270.0
A23812,2026-08-29,星期六,板橋店,晚上,陰,M0398,可頌,烘焙,2,60,120.0
A23260,2026-08-22,星期六,信義店,下午,晴,,可頌,烘焙,1,60,60.0
A21833,2026-08-05,星期三,中壢店,下午,雨,M1703,可頌,烘焙,2,60,120.0
A22316,2026-08-11,星期二,信義店,下午,雨,M0224,拿鐵,咖啡,3,90,270.0
A23218,2026/08/21,星期五,中壢店,早上,陰,M0530,起司蛋糕,烘焙,2,120,240.0
A23727,2026-08-28,星期五,板橋店,早上,晴,M1708,拿鐵,咖啡,1,90,90.0
A21664,2026/08/03,星期一,信義店,下午,晴,,卡布奇諾,咖啡,1,95,95.0
A23871,2026-08-30,星期日, 信義店,晚上,晴,M1366,可頌,烘焙,3,60,180.0
A23430,2026-08-24,星期一,信義店,早上,晴,M1184,拿鐵,咖啡,2,90,180.0
A22865,2026-08-16,星期日,中壢店,下午,陰,M0365,拿鐵,咖啡,1,90,90.0
A22666,2026-08-15,星期六,信義店,早上,晴,,抹茶拿鐵,茶飲,2,100,200.0
A21872,2026-08-06,星期四,板橋店,下午,陰,M0513,美式咖啡,咖啡,3,70,
A21668,2026-08-03,星期一,信義店,下午,晴,M0415,拿鐵,咖啡,1,90,90.0
A22764,2026-08-15,星期六,中壢店,下午,晴,,拿鐵,咖啡,1,90,90.0
A23256,2026-08-22,星期六,信義店,下午,晴,M0631,卡布奇諾,咖啡,2,95,190.0
A21509,2026-08-01,星期六,板橋店,下午,雨,M0598,美式咖啡,咖啡,1,70,70.0
A22350,2026-08-11,星期二,中壢店,下午,雨,M1992,起司蛋糕,烘焙,1,120,120.0
A21784,2026-08-04,星期二,中壢店,早上,雨,M1987,肉桂捲,烘焙,2,85,170.0
A21724,2026-08-03,星期一,中壢店,早上,晴,M0243,紅茶,茶飲,1,50,
A22528,2026-08-14,星期五,信義店,早上,晴,M1182,拿鐵,咖啡,1,90,90.0
A23025,2026-08-19,星期三,信義店,早上,晴,,拿鐵,咖啡,2,90,180.0
A22946,2026-08-18,星期二,信義店,早上,陰,,拿鐵,咖啡,2,90,180.0
A22170,20260809,星期日,板橋店,下午,晴,,抹茶拿鐵,茶飲,2,100,200.0
A21992,2026-08-07,星期五,板橋店,早上,晴,,美式咖啡,咖啡,1,70,70.0
A22456,20260813,星期四,信義店,下午,晴,M1908,拿鐵,咖啡,2,90,180.0
A22108,2026-08-09,星期日,信義店,下午,晴,M0783,美式咖啡,咖啡,1,70,70.0
A21532,2026-08-01,星期六,板橋店,下午,雨,,拿鐵,咖啡,3,90,270.0
A23340,2026-08-22,星期六,中壢店,早上,晴,M1120,可頌,烘焙,1,60,60.0
A22871,2026-08-16,星期日,中壢店,晚上,陰,M1379,拿鐵,咖啡,3,90,270.0
A22218,2026-08-09,星期日,中壢店,下午,晴,M1910,美式咖啡,咖啡,2,70,140.0
A23237,2026-08-21,星期五,中壢店　,下午,陰,M0363,抹茶拿鐵,茶飲,1,100,100.0
A22454,2026/08/13,星期四,信義店,下午,晴,,美式咖啡,咖啡,1,70,70.0
A22011,2026-08-07,星期五,中壢店,早上,晴,M0262,抹茶拿鐵,茶飲,1,100,100.0
A21911,2026/08/06,星期四,中壢店,下午,陰,,肉桂捲,烘焙,1,85,85.0
A21708,2026-08-03,星期一,中壢店,早上,晴,M0563,抹茶拿鐵,茶飲,2,100,200.0
A21667,2026-08-03,星期一,信義店,下午,晴,M0825,紅茶,茶飲,1,50,50.0
A21577,2026/08/02,星期日,信義店,早上,陰,,拿鐵,咖啡,1,90,90.0
A23021,2026-08-19,星期三,信義店,早上,晴,,美式咖啡,咖啡,1,70,70.0
A22741,2026-08-15,星期六,中壢店,下午,晴,M1597,拿鐵,咖啡,1,90,90.0
A21884,2026-08-06,星期四,板橋店,早上,陰,,拿鐵,咖啡,2,90,180.0
A23382,20260823,星期日,板橋店,晚上,雨,M1002,可頌,烘焙,1,60,60.0
A22280,2026-08-10,星期一,板橋店,早上,晴,,起司蛋糕,烘焙,1,120,120.0
A23799,2026-08-29,星期六,板橋店,晚上,陰,,美式咖啡,咖啡,2,70,140.0
A24002,2026-08-31,星期一,板橋,下午,晴,,紅茶,茶飲,1,50,50.0
A22505,2026-08-13,星期四,中壢店,下午,晴,M1314,抹茶拿鐵,茶飲,2,100,200.0
A23056,2026-08-19,星期三,中壢店,下午,晴,,紅茶,茶飲,1,50,50.0
A22008,2026-08-07,星期五,中壢店,下午,晴,,美式咖啡,咖啡,1,70,70.0
A22123,2026-08-09,星期日,信義店,下午,晴,M1553,卡布奇諾,咖啡,2,95,190.0
A22929,2026-08-17,星期一,中壢店,早上,晴,M1116,起司蛋糕,烘焙,1,120,120.0
A23823,2026-08-29,星期六,板橋店,下午,陰,M0303,拿鐵,咖啡,2,90,180.0
A22646,2026-08-15,星期六,信義店,下午,晴,,肉桂捲,烘焙,1,85,85.0
A23046,2026-08-19,星期三,板橋店,下午,晴,M1886,拿鐵,咖啡,2,90,180.0
A23852,2026-08-29,星期六,中壢店,下午,陰,M0534,拿鐵,咖啡,3,90,270.0
A22247,2026-08-10,星期一,信義店,早上,晴,,拿鐵,咖啡,2,90,180.0
A23666,2026-08-28,星期五,信義店,早上,晴,,美式咖啡,咖啡,2,70,140.0
A22105,2026/08/09,星期日,信義店,早上,晴,M1322,美式咖啡,咖啡,1,70,70.0
A21870,2026-08-06,星期四,板橋店,早上,陰,,紅茶,茶飲,1,50,50.0
A21551,2026-08-01,星期六,中壢店,晚上,雨,M0766,拿鐵,咖啡,2,90,180.0
A23890,2026-08-30,星期日,板橋店,晚上,晴,,卡布奇諾,咖啡,2,95,190.0
A21530,2026-08-01,星期六,板橋店,晚上,雨,M0675,拿鐵,咖啡,1,90,90.0
A22362,2026-08-12,星期三,信義店,下午,陰,M1851,拿鐵,咖啡,2,90,180.0
A23366,2026-08-23,星期日,信義店,下午,雨,M0686,拿鐵,咖啡,3,90,270.0
A23309,2026-08-22,星期六,板橋店,早上,晴,,起司蛋糕,烘焙,1,120,120.0
A21619,2026-08-02,星期日,板橋店,早上,陰,,肉桂捲,烘焙,1,85,85.0
A23053,2026/08/19,星期三,中壢店,下午,晴,,抹茶拿鐵,茶飲,3,100,300.0
A22344,2026-08-11,星期二,板橋店,下午,雨,,可頌,烘焙,1,60,60.0
A22198,2026/08/09,星期日,板橋店,早上,晴,,拿鐵,咖啡,1,90,90.0
A23331,2026-08-22,星期六,中壢店,下午,晴,,起司蛋糕,烘焙,2,120,240.0
A23932,2026-08-30,星期日,中壢店,早上,晴,M0386,美式咖啡,咖啡,2,70,140.0
A21533,2026-08-01,星期六,板橋店,早上,雨,M0268,拿鐵,咖啡,1,90,90.0
A23264,20260822,星期六,信義店,早上,晴,M0440,美式咖啡,咖啡,1,70,70.0
A21654,2026/08/02,星期日,中壢店,早上,陰,,紅茶,茶飲,1,50,50.0
A21826,2026-08-05,星期三,中壢店,下午,雨,M0298,拿鐵,咖啡,1,90,90.0
A22330,20260811,星期二,板橋店,下午,雨,,美式咖啡,咖啡,1,70,70.0
A22940,2026/08/18,星期二,信義店,晚上,陰,M1479,拿鐵,咖啡,1,90,90.0
A23074,2026-08-20,星期四,信義店,晚上,晴,,卡布奇諾,咖啡,2,95,190.0
A23151,2026-08-21,星期五,信義店,晚上,陰,,起司蛋糕,烘焙,1,120,120.0
A22814,2026-08-16,星期日,板橋店,下午,陰,M0745,卡布奇諾,咖啡,1,95,95.0
A23026,2026/08/19,星期三,信義店,早上,晴,M1164,拿鐵,咖啡,1,90,90.0
A22535,2026-08-14,星期五,信義店,早上,晴,,美式咖啡,咖啡,1,70,70.0
A23734,2026-08-28,星期五,中壢店,下午,晴,M1043,紅茶,茶飲,1,50,50.0
A23552,2026/08/26,星期三,板橋店,下午,陰,M1785,拿鐵,咖啡,1,90,90.0
A23615,2026-08-27,星期四,信義店,早上,晴,M1345,紅茶,茶飲,2,50,100.0
A24021,20260831,星期一,板橋店,下午,晴,,可頌,烘焙,3,60,180.0
A22796,2026-08-16,星期日,信義店,早上,陰,M0989,拿鐵,咖啡,3,90,270.0
A23207,2026-08-21,星期五,板橋店,下午,陰,M0859,紅茶,茶飲,2,50,100.0
A22748,2026-08-15,星期六,中壢店,下午,晴,M1712,卡布奇諾,咖啡,3,95,285.0
A22514,2026-08-14,星期五,信義店,下午,晴,M0730,美式咖啡,咖啡,1,70,70.0
A24003,2026-08-31,星期一,板橋店,下午,晴,M1582,美式咖啡,咖啡,1,70,70.0
A22210,2026-08-09,星期日,中壢店,早上,晴,,拿鐵,咖啡,2,90,180.0
A23668,2026-08-28,星期五,信義店,晚上,晴,,肉桂捲,烘焙,1,85,
A24010,2026-08-31,星期一,板橋店,早上,晴,,起司蛋糕,烘焙,3,120,
A23872,2026-08-30,星期日,信義店 ,早上,晴,,拿鐵,咖啡,2,90,180.0
A21653,2026-08-02,星期日,中壢店,下午,陰,M0238,起司蛋糕,烘焙,3,120,360.0
A23979,2026-08-31,星期一,信義店,晚上,晴,,拿鐵,咖啡,1,90,90.0
A22846,2026-08-16,星期日,板橋店,早上,陰,,紅茶,茶飲,3,50,150.0
A21696,2026-08-03,星期一,板橋店,晚上,晴,M1011,卡布奇諾,咖啡,3,95,285.0
A22472,2026-08-13,星期四,板橋店,早上,晴,M1248,卡布奇諾,咖啡,1,95,95.0
A23936,2026-08-30,星期日,中壢店,早上,晴,M1425,起司蛋糕,烘焙,3,120,360.0
A23052,2026-08-19,星期三,中壢店,早上,晴,,拿鐵,咖啡,1,90,90.0
A23953,2026-08-30,星期日,中壢店,下午,晴,,抹茶拿鐵,茶飲,1,100,100.0
A21791,2026-08-05,星期三,信義店,早上,雨,,美式咖啡,咖啡,1,70,70.0
A22738,2026-08-15,星期六,中壢店,晚上,晴,,抹茶拿鐵,茶飲,1,100,100.0
A23292,2026-08-22,星期六, 板橋店,下午,晴,M0830,抹茶拿鐵,茶飲,3,100,300.0
A23485,2026-08-25,星期二,信義店,晚上,雨,M1020,卡布奇諾,咖啡,2,95,190.0
A22512,2026-08-13,星期四,中壢店,晚上,晴,,拿鐵,咖啡,2,90,180.0
A23980,2026-08-31,星期一,信義店,晚上,晴,M1343,可頌,烘焙,1,60,60.0
A22275,2026-08-10,星期一,板橋店,晚上,晴,M1430,抹茶拿鐵,茶飲,2,100,200.0
A23373,2026-08-23,星期日,信義店,下午,雨,M1197,美式咖啡,咖啡,2,70,140.0
A22379,2026-08-12,星期三,信義店,晚上,陰,M1900,卡布奇諾,咖啡,2,95,190.0
A22835,2026-08-16,星期日,板橋店,晚上,陰,,卡布奇諾,咖啡,2,95,190.0
A22412,2026-08-12,星期三,板橋店 ,早上,陰,M0868,紅茶,茶飲,1,50,50.0
A22534,2026-08-14,星期五,信義店,下午,晴,M0232,拿鐵,咖啡,2,90,180.0
A22137,2026-08-09,星期日,信義店,下午,晴,,起司蛋糕,烘焙,1,120,120.0
A21508,2026-08-01,星期六,信義店,早上,雨,M0694,抹茶拿鐵,茶飲,1,100,100.0
A22387,2026/08/12,星期三,信義店,早上,陰,,肉桂捲,烘焙,1,85,85.0
A22765,2026-08-15,星期六,中壢店,早上,晴,M0255,肉桂捲,烘焙,2,85,170.0
A23419,2026-08-24,星期一,信義店,下午,晴,,美式咖啡,咖啡,2,70,140.0
A23788,2026-08-29,星期六,信義店,下午,陰,M0462,抹茶拿鐵,茶飲,2,100,200.0
A21876,2026-08-06,星期四,板橋店,晚上,陰,M0452,紅茶,茶飲,1,50,50.0
A22696,2026-08-15,星期六,板橋店,下午,晴,M0122,起司蛋糕,烘焙,1,120,120.0
A22481,2026-08-13,星期四,板橋店,下午,晴,,起司蛋糕,烘焙,1,120,120.0
A22665,2026-08-15,星期六,信義店,下午,晴,,美式咖啡,咖啡,2,70,140.0
A22196,20260809,星期日,板橋店,早上,晴,,紅茶,茶飲,3,50,150.0
A22463,2026-08-13,星期四,信義店,下午,晴,M0960,起司蛋糕,烘焙,1,120,120.0
A22706,20260815,星期六,板橋店,下午,晴,M0268,可頌,烘焙,2,60,120.0
A22176,2026-08-09,星期日,板橋店,早上,晴,M0349,拿鐵,咖啡,2,90,180.0
A23499,2026-08-25,星期二,板橋店,下午,雨,M0741,拿鐵,咖啡,3,90,270.0
A23884,2026-08-30,星期日,信義店,早上,晴,M1709,可頌,烘焙,2,60,120.0
A23426,2026-08-24,星期一,信義店 ,早上,晴,M1012,拿鐵,咖啡,1,90,90.0
A22941,2026-08-18,星期二,信義店,下午,陰,M1803,抹茶拿鐵,茶飲,1,100,100.0
A23275,2026-08-22,星期六,信義店,早上,晴,,抹茶拿鐵,茶飲,2,100,200.0
A21559,2026/08/01,星期六,中壢店,早上,雨,M1190,起司蛋糕,烘焙,1,120,120.0
A22673,2026-08-15,星期六,信義店,晚上,晴,,紅茶,茶飲,2,50,100.0
A21651,2026-08-02,星期日,中壢店,下午,陰,M1398,卡布奇諾,咖啡,2,95,190.0
A23795,2026/08/29,星期六,板橋店,下午,陰,,可頌,烘焙,5,60,300.0
A23385,2026-08-23,星期日,板橋店,早上,雨,,可頌,烘焙,2,60,120.0
A22952,20260818,星期二,信義店,下午,陰,,拿鐵,咖啡,1,90,90.0
A23268,2026-08-22,星期六,信義店,早上,晴,,抹茶拿鐵,茶飲,3,100,300.0
A22968,2026-08-18,星期二,板橋店,晚上,陰,M0803,拿鐵,咖啡,1,90,90.0
A23177,2026-08-21,星期五,板橋店,晚上,陰,,肉桂捲,烘焙,1,85,85.0
A21671,2026-08-03,星期一,信義店,下午,晴,,拿鐵,咖啡,1,90,90.0
A22600,2026-08-14,星期五,中壢店,早上,晴,,紅茶,茶飲,2,50,100.0
A22527,2026-08-14,星期五,信義店,下午,晴,M0981,拿鐵,咖啡,1,90,
A21621,20260802,星期日,板橋店,晚上,陰,M0197,起司蛋糕,烘焙,1,120,120.0
A21592,2026-08-02,星期日,信義店,早上,陰,M1848,起司蛋糕,烘焙,1,120,120.0
A22832,2026-08-16,星期日,板橋店,晚上,陰,M0637,美式咖啡,咖啡,2,70,140.0
A22619,2026-08-14,星期五,中壢店,晚上,晴,M0054,抹茶拿鐵,茶飲,2,100,200.0
A22025,2026-08-07,星期五,中壢店,下午,晴,,拿鐵,咖啡,1,90,90.0
A22768,2026-08-15,星期六,中壢店,早上,晴,,起司蛋糕,烘焙,2,120,240.0
A23809,2026-08-29,星期六,板橋店,下午,陰,,紅茶,茶飲,2,50,100.0
A21920,2026-08-06,星期四,中壢店,晚上,陰,M1713,卡布奇諾,咖啡,2,95,190.0
A23464,2026-08-24,星期一,中壢店,早上,晴,,可頌,烘焙,1,60,60.0
A23767,2026-08-29,星期六,信義店,下午,陰,,美式咖啡,咖啡,3,70,210.0
A22947,2026-08-18,星期二,信義店,早上,陰,M1165,紅茶,茶飲,1,50,50.0
A23596,2026-08-27,星期四,信義店,晚上,晴,M1587,抹茶拿鐵,茶飲,2,100,200.0
A22710,2026-08-15,星期六,板橋店,下午,晴,M1847,拿鐵,咖啡,1,90,90.0
A22538,2026/08/14,星期五,信義店,早上,晴,,可頌,烘焙,3,60,180.0
A21488,2026-08-01,星期六,信義店,下午,雨,M1848,紅茶,茶飲,1,50,50.0
A21717,2026/08/03,星期一,中壢店,早上,晴,M1618,起司蛋糕,烘焙,2,120,240.0
A23424,2026-08-24,星期一,信義店,早上,晴,,拿鐵,咖啡,1,90,90.0
A23342,2026-08-22,星期六,中壢店,早上,晴,M0879,紅茶,茶飲,3,50,150.0
A22601,20260814,星期五,中壢店,早上,晴,M0498,可頌,烘焙,2,60,120.0
A22926,2026/08/17,星期一,中壢店,下午,晴,,抹茶拿鐵,茶飲,3,100,300.0
A23800,2026-08-29,星期六,板橋店,早上,陰,M0081,拿鐵,咖啡,2,90,180.0
A23167,2026-08-21,星期五,信義店,下午,陰,,拿鐵,咖啡,1,90,90.0
A22155,2026-08-09,星期日,板橋店,早上,晴,M1908,起司蛋糕,烘焙,2,120,
A22321,2026-08-11,星期二,信義店,晚上,雨,M1143,紅茶,茶飲,1,50,50.0
A22485,2026-08-13,星期四,板橋店,下午,晴,M1841,拿鐵,咖啡,1,90,90.0
A23325,2026-08-22,星期六,板橋店,早上,晴,M0725,抹茶拿鐵,茶飲,2,100,200.0
A23931,2026/08/30,星期日,中壢店,早上,晴,M0590,美式咖啡,咖啡,1,70,70.0
A22163,2026-08-09,星期日,板橋店,早上,晴,,拿鐵,咖啡,1,90,90.0
A22254,2026-08-10,星期一,信義店,下午,晴,M1217,美式咖啡,咖啡,2,7000,14000.0
A22910,2026-08-17,星期一,板橋店,晚上,晴,,美式咖啡,咖啡,1,70,70.0
A23560,2026/08/26,星期三,板橋店,下午,陰,M1814,抹茶拿鐵,茶飲,1,100,100.0
A23095,2026-08-20,星期四,信義店,早上,晴,,肉桂捲,烘焙,2,85,170.0
A22803,2026-08-16,星期日,信義店,下午,陰,,肉桂捲,烘焙,1,85,85.0
A23557,2026-08-26,星期三,板橋店,下午,陰,,肉桂捲,烘焙,2,85,170.0
A22356,2026-08-12,星期三,信義店,下午,陰,M0075,肉桂捲,烘焙,1,85,85.0
A22613,2026/08/14,星期五,中壢店,下午,晴,M0943,紅茶,茶飲,1,50,50.0
A23943,20260830,星期日,中壢店,早上,晴,,抹茶拿鐵,茶飲,1,100,100.0
A21840,2026-08-06,星期四,信義店,早上,陰,,美式咖啡,咖啡,2,70,140.0
A21861,2026-08-06,星期四,信義店,晚上,陰,,美式咖啡,咖啡,3,70,210.0
A22523,2026-08-14,星期五,信義店,晚上,晴,,紅茶,茶飲,3,50,150.0
A22563,2026-08-14,星期五,板橋店,早上,晴,,拿鐵,咖啡,1,90,90.0
A23285,2026-08-22,星期六,板橋店,下午,晴,M0939,紅茶,茶飲,3,50,150.0
A22789,2026-08-16,星期日,信義店,晚上,陰,,卡布奇諾,咖啡,3,95,285.0
A22683,2026-08-15,星期六,信義店,下午,晴,M1913,拿鐵,咖啡,1,90,90.0
A23831,2026/08/29,星期六,中壢店,下午,陰,M1614,抹茶拿鐵,茶飲,2,100,200.0
A23231,20260821,星期五,中壢店,下午,陰,M0184,美式咖啡,咖啡,1,70,70.0
A22101,2026-08-09,星期日,信義店,晚上,晴,,拿鐵,咖啡,2,90,180.0
A22152,2026-08-09,星期日,信義店,晚上,晴,M0231,卡布奇諾,咖啡,1,95,95.0
A22224,2026-08-09,星期日,中壢店,早上,晴,M0641,起司蛋糕,烘焙,1,120,120.0
A22826,2026-08-16,星期日,板橋店 ,早上,陰,,肉桂捲,烘焙,2,85,170.0
A22190,2026-08-09,星期日,板橋店,晚上,晴,,拿鐵,咖啡,2,90,180.0
A21693,2026-08-03,星期一,板橋店,早上,晴,M0829,拿鐵,咖啡,1,90,90.0
A23009,2026-08-19,星期三,信義,晚上,晴,M1258,紅茶,茶飲,2,50,100.0
A21568,2026-08-02,星期日,信義店,下午,陰,M0572,拿鐵,咖啡,2,90,180.0
A23420,2026-08-24,星期一,信義店,早上,晴,M0690,美式咖啡,咖啡,1,70,70.0
A22555,2026-08-14,星期五,信義店,下午,晴,M0320,拿鐵,咖啡,1,90,90.0
A22272,2026-08-10,星期一,板橋店,下午,晴,,卡布奇諾,咖啡,1,9500,9500.0
A22891,2026-08-17,星期一,信義店,早上,晴,,拿鐵,咖啡,2,90,180.0
A22229,2026-08-09,星期日,中壢店,下午,晴,M1850,起司蛋糕,烘焙,2,120,240.0
A23766,2026-08-29,星期六,信義店,下午,陰,M0150,拿鐵,咖啡,1,90,90.0
A23599,2026-08-27,星期四,信義店 ,早上,晴,M0223,紅茶,茶飲,1,50,50.0
A21951,2026-08-07,星期五,信義店,早上,晴,,美式咖啡,咖啡,2,70,140.0
A22939,2026-08-18,星期二,信義店,早上,陰,M0322,美式咖啡,咖啡,1,70,70.0
A21928,2026-08-07,星期五,信義店,晚上,晴,M0250,肉桂捲,烘焙,2,85,170.0
A22821,2026/08/16,星期日,板橋店,下午,陰,M1439,美式咖啡,咖啡,2,70,140.0
A22255,2026-08-10,星期一,信義店,早上,晴,M1074,美式咖啡,咖啡,1,70,70.0
A23210,2026-08-21,星期五,板橋店,晚上,陰,,起司蛋糕,烘焙,2,120,240.0
A21570,2026-08-02,星期日,信義店,早上,陰,M1461,拿鐵,咖啡,1,90,90.0
A21699,20260803,星期一,板橋店,早上,晴,M0314,紅茶,茶飲,1,50,50.0
A22827,2026-08-16,星期日,板橋店,下午,陰,M1274,抹茶拿鐵,茶飲,3,100,300.0
A23060,20260819,星期三,中壢店,晚上,晴,,美式咖啡,咖啡,1,70,70.0
A21783,2026-08-04,星期二,中壢店,下午,雨,,抹茶拿鐵,茶飲,3,100,300.0
A23033,2026-08-19,星期三,板橋店,早上,晴,M0062,起司蛋糕,烘焙,1,120,120.0
A23655,20260827,星期四,中壢店,早上,晴,M1956,拿鐵,咖啡,1,90,90.0
A23133,2026-08-20,星期四,中壢店,下午,晴,M1596,美式咖啡,咖啡,1,70,70.0
X0014,2026-08-15,星期六,中壢店,早上,晴,M0255,肉桂捲,烘焙,0,85,0.0
A22391,2026-08-12,星期三,信義店,早上,陰,M1426,可頌,烘焙,1,60,60.0
A22467,2026-08-13,星期四,板橋店,下午,晴,,美式咖啡,咖啡,1,70,70.0
A22670,2026-08-15,星期六,信義店,下午,晴,,美式咖啡,咖啡,3,70,210.0
A21685,2026-08-03,星期一,板橋店,晚上,晴,M0260,抹茶拿鐵,茶飲,2,100,200.0
A22980,2026-08-18,星期二,中壢,下午,陰,M0681,拿鐵,咖啡,1,90,90.0
A23737,2026-08-28,星期五,中壢店,早上,晴,M1266,拿鐵,咖啡,2,90,180.0
A23517,2026-08-26,星期三,信義店,早上,陰,M0174,抹茶拿鐵,茶飲,2,100,200.0
A21665,2026-08-03,星期一,信義店,晚上,晴,M0232,美式咖啡,咖啡,1,70,70.0
A21626,20260802,星期日,板橋店,早上,陰,M0063,拿鐵,咖啡,1,90,90.0
A22132,2026-08-09,星期日,信義店,下午,晴,M0445,卡布奇諾,咖啡,1,95,95.0
A22465,2026-08-13,星期四,板橋店,晚上,晴,,紅茶,茶飲,1,50,50.0
A22878,2026-08-17,星期一,信義店,早上,晴,M0618,拿鐵,咖啡,1,90,90.0
A23374,20260823,星期日,信義店,早上,雨,M1656,抹茶拿鐵,茶飲,2,100,200.0
A21805,2026-08-05,星期三,板橋店,下午,雨,M0350,拿鐵,咖啡,1,90,90.0
A22334,2026-08-11,星期二,板橋店,早上,雨,M1191,拿鐵,咖啡,1,9000,9000.0
A22042,2026-08-08,星期六,信義店,早上,雨,M1859,美式咖啡,咖啡,2,70,140.0
A21810,2026-08-05,星期三,板橋店,早上,雨,M1544,可頌,烘焙,1,60,60.0
A23166,2026-08-21,星期五,信義店,下午,陰,,可頌,烘焙,1,6000,6000.0
A23295,2026-08-22,星期六,板橋店,早上,晴,,紅茶,茶飲,1,50,50.0
A23573,2026-08-26,星期三,中壢店,晚上,陰,M1975,美式咖啡,咖啡,2,70,140.0
A21596,2026-08-02,星期日,信義店,下午,陰,M1488,起司蛋糕,烘焙,3,120,360.0
A21541,2026-08-01,星期六,板橋店,晚上,雨,,起司蛋糕,烘焙,3,120,360.0
A22065,2026-08-08,星期六,板橋店,早上,雨,M0126,起司蛋糕,烘焙,1,120,
A22018,2026-08-07,星期五,中壢店,下午,晴,M1315,可頌,烘焙,1,60,60.0
A23974,2026-08-31,星期一,信義店,早上,晴,M1002,卡布奇諾,咖啡,2,95,190.0
A22033,20260808,星期六,信義店,晚上,雨,,拿鐵,咖啡,3,90,270.0
A22458,2026-08-13,星期四,信義店,下午,晴,M0498,紅茶,茶飲,2,50,100.0
A22303,2026-08-10,星期一,中壢店,早上,晴,M0900,紅茶,茶飲,1,50,50.0
A22761,2026-08-15,星期六,中壢店,早上,晴,,美式咖啡,咖啡,2,70,140.0
A21622,2026-08-02,星期日,板橋店,早上,陰,M1669,拿鐵,咖啡,1,90,90.0
A22140,2026-08-09,星期日,信義店,早上,晴,,拿鐵,咖啡,1,90,90.0
A23230,2026-08-21,星期五,中壢店,下午,陰,M1304,卡布奇諾,咖啡,3,95,285.0
A22959,2026-08-18,星期二,板橋店,早上,陰,,抹茶拿鐵,茶飲,1,100,100.0
A21524,2026-08-01,星期六,板橋店,早上,雨,M0074,起司蛋糕,烘焙,2,120,240.0
A22432,2026-08-12,星期三,中壢店,早上,陰,M1936,抹茶拿鐵,茶飲,1,100,100.0
A24039,2026-08-31,星期一,中壢店,下午,晴,,肉桂捲,烘焙,1,85,85.0
A22931,2026-08-17,星期一,中壢店,下午,晴,M1067,美式咖啡,咖啡,1,70,70.0
A22741,2026-08-15,星期六,中壢店,下午,晴,M1597,拿鐵,咖啡,1,90,90.0
A22006,2026-08-07,星期五,中壢店,下午,晴,,抹茶拿鐵,茶飲,1,100,100.0
A23351,2026-08-22,星期六,中壢店,下午,晴,M1239,美式咖啡,咖啡,1,70,70.0
A21486,2026-08-01,星期六,信義店,下午,雨,,紅茶,茶飲,1,50,50.0
A23266,2026-08-22,星期六,信義店,早上,晴,M0151,美式咖啡,咖啡,1,70,70.0
A21481,2026/08/01,星期六,信義店,下午,雨,,可頌,烘焙,1,60,60.0
A22526,2026-08-14,星期五,信義店,下午,晴,,可頌,烘焙,1,60,60.0
A23300,2026-08-22,星期六,板橋店,早上,晴,M0048,拿鐵,咖啡,3,90,270.0
A23102,2026-08-20,星期四,板橋店,早上,晴,,紅茶,茶飲,1,50,50.0
A23732,2026-08-28,星期五,中壢店,下午,晴,M0527,拿鐵,咖啡,2,90,180.0
A23946,2026-08-30,星期日,中壢店,下午,晴,,拿鐵,咖啡,3,90,270.0
A22092,2026-08-09,星期日,信義店,下午,晴,M1730,卡布奇諾,咖啡,2,95,190.0
A23592,2026-08-27,星期四,信義店,下午,晴,,拿鐵,咖啡,2,90,180.0
A23370,2026/08/23,星期日,信義店,早上,雨,,拿鐵,咖啡,3,90,270.0
A23817,2026-08-29,星期六,板橋店,下午,陰,M1857,抹茶拿鐵,茶飲,3,100,300.0
A22899,2026-08-17,星期一,信義店,下午,晴,M0521,拿鐵,咖啡,1,90,90.0
A23307,2026-08-22,星期六,板橋店,下午,晴,,美式咖啡,咖啡,3,70,210.0
A23465,2026-08-24,星期一,中壢店,早上,晴,,美式咖啡,咖啡,3,70,210.0
A22222,2026-08-09,星期日,中壢店,下午,晴,M1109,美式咖啡,咖啡,2,70,140.0
A23576,2026-08-26,星期三,中壢店,下午,陰,M1695,起司蛋糕,烘焙,1,120,120.0
A22783,2026-08-16,星期日,信義店,早上,陰,M1321,卡布奇諾,咖啡,2,95,190.0
A22887,2026-08-17,星期一,信義店,晚上,晴,M0150,肉桂捲,烘焙,2,85,170.0
A23406,2026-08-23,星期日,中壢店,早上,雨,M1332,拿鐵,咖啡,1,90,90.0
A22838,2026-08-16,星期日,板橋店,早上,陰,,美式咖啡,咖啡,1,70,70.0
A23627,2026-08-27,星期四,板橋,下午,晴,M1483,紅茶,茶飲,1,50,50.0
A23476,2026-08-25,星期二,信義店,晚上,雨,,美式咖啡,咖啡,1,70,70.0
A21640,2026-08-02,星期日,中壢店,下午,陰,M0919,肉桂捲,烘焙,2,85,170.0
A22067,2026/08/08,星期六,板橋店,晚上,雨,,肉桂捲,烘焙,2,85,170.0
A23876,2026-08-30,星期日,信義店,下午,晴,,拿鐵,咖啡,2,90,180.0
A23958,2026-08-30,星期日,中壢店,晚上,晴,M0052,可頌,烘焙,1,60,60.0
A21936,2026-08-07,星期五,信義店,下午,晴,M1563,卡布奇諾,咖啡,3,95,285.0
A21809,2026-08-05,星期三,板橋店,早上,雨,,美式咖啡,咖啡,1,70,70.0
A21843,2026-08-06,星期四,信義店,下午,陰,M0421,肉桂捲,烘焙,3,85,255.0
A22410,2026-08-12,星期三,板橋店,晚上,陰,,卡布奇諾,咖啡,1,95,95.0
A23132,2026-08-20,星期四,中壢店,下午,晴,M0632,美式咖啡,咖啡,1,70,70.0
A23141,2026-08-21,星期五,信義店,下午,陰,,可頌,烘焙,1,60,60.0
A22645,2026-08-15,星期六,信義店,早上,晴,,拿鐵,咖啡,2,90,180.0
A21656,2026-08-03,星期一,信義店,早上,晴,,卡布奇諾,咖啡,1,95,95.0
A23919,2026-08-30,星期日,板橋店,早上,晴,M0365,起司蛋糕,烘焙,1,120,120.0
A23436,2026-08-24,星期一,信義店,下午,晴,M1425,拿鐵,咖啡,1,90,90.0
A24016,2026-08-31,星期一,板橋店,下午,晴,M0471,起司蛋糕,烘焙,1,120,120.0
A23257,2026-08-22,星期六,信義店,早上,晴,,美式咖啡,咖啡,1,70,70.0
A21657,2026-08-03,星期一,信義店,晚上,晴,M1667,抹茶拿鐵,茶飲,1,100,100.0
A22634,2026-08-15,星期六,信義店,早上,晴,,拿鐵,咖啡,3,90,270.0
A23242,2026-08-21,星期五,中壢店,晚上,陰,,美式咖啡,咖啡,3,70,210.0
A22015,2026-08-07,星期五,中壢店,早上,晴,M0055,拿鐵,咖啡,3,90,270.0
A22844,2026-08-16,星期日, 板橋店,早上,陰,,肉桂捲,烘焙,3,85,255.0
A22888,2026-08-17,星期一,信義店,下午,晴,,美式咖啡,咖啡,2,70,140.0
A23832,2026-08-29,星期六,中壢店　,晚上,陰,,拿鐵,咖啡,1,90,90.0
A23933,2026-08-30,星期日,中壢店,下午,晴,,紅茶,茶飲,3,50,150.0
A23183,2026-08-21,星期五,板橋店,早上,陰,M1922,抹茶拿鐵,茶飲,1,100,100.0
A22837,2026-08-16,星期日,板橋店,下午,陰,M0728,拿鐵,咖啡,1,90,90.0
A23954,2026-08-30,星期日,中壢店　,下午,晴,M1940,美式咖啡,咖啡,2,70,140.0
A21961,2026-08-07,星期五,信義店,晚上,晴,M0473,美式咖啡,咖啡,3,70,210.0
A23900,2026-08-30,星期日,板橋店,下午,晴,M0321,拿鐵,咖啡,3,90,270.0
A22470,2026-08-13,星期四,板橋店,下午,晴,,美式咖啡,咖啡,2,70,140.0
A23553,2026/08/26,星期三,板橋店,早上,陰,,起司蛋糕,烘焙,1,120,120.0
A23184,2026-08-21,星期五,板橋店,早上,陰,M1200,卡布奇諾,咖啡,1,95,95.0
A22708,2026-08-15,星期六,板橋店,早上,晴,M0627,抹茶拿鐵,茶飲,2,100,200.0
A22478,2026-08-13,星期四,板橋店,晚上,晴,M1939,卡布奇諾,咖啡,2,95,190.0
A23176,2026/08/21,星期五,板橋店,下午,陰,M0422,拿鐵,咖啡,2,90,180.0
A22944,2026-08-18,星期二,信義店,下午,陰,M1737,美式咖啡,咖啡,2,70,140.0
A21757,2026-08-04,星期二,板橋店,下午,雨,,紅茶,茶飲,1,50,50.0
A21851,2026-08-06,星期四,信義店,下午,陰,,拿鐵,咖啡,2,90,180.0
A22399,2026-08-12,星期三,板橋,早上,陰,M1817,可頌,烘焙,2,60,120.0
A23722,2026-08-28,星期五,板橋,下午,晴,M0276,肉桂捲,烘焙,2,85,170.0
A24042,2026-08-31,星期一,中壢店,下午,晴,M1548,肉桂捲,烘焙,2,85,170.0
A21874,2026-08-06,星期四,板橋店,早上,陰,M0940,拿鐵,咖啡,3,90,270.0
A22029,2026-08-07,星期五,中壢店,下午,晴,M0751,抹茶拿鐵,茶飲,1,100,100.0
A23372,2026-08-23,星期日,信義店,下午,雨,M0690,起司蛋糕,烘焙,2,120,240.0
A22022,2026-08-07,星期五,中壢店,早上,晴,M0694,起司蛋糕,烘焙,1,120,120.0
A23121,2026-08-20,星期四,板橋店,晚上,晴,,肉桂捲,烘焙,2,85,170.0
A21745,2026-08-04,星期二,信義店,晚上,雨,,美式咖啡,咖啡,1,70,70.0
A23444,2026-08-24,星期一,板橋店,早上,晴,,拿鐵,咖啡,1,90,
A23550,2026-08-26,星期三,板橋店,下午,陰,,可頌,烘焙,1,60,60.0
A22698,2026-08-15,星期六,板橋店,早上,晴,,可頌,烘焙,1,60,60.0
A22041,2026-08-08,星期六,信義店,早上,雨,M1954,拿鐵,咖啡,2,90,180.0
A22483,2026-08-13,星期四,板橋店,下午,晴,M0859,可頌,烘焙,1,60,60.0
A22664,2026-08-15,星期六,信義店,下午,晴,M0025,起司蛋糕,烘焙,2,120,240.0
A21782,2026/08/04,星期二,中壢店,晚上,雨,M1751,紅茶,茶飲,1,50,50.0
A23868,2026-08-30,星期日,信義店,下午,晴,,美式咖啡,咖啡,1,70,70.0
A22685,2026-08-15,星期六,板橋店,晚上,晴,M1350,卡布奇諾,咖啡,9,95,855.0
A22991,2026-08-18,星期二,中壢店,早上,陰,,紅茶,茶飲,1,50,50.0
A22676,2026-08-15,星期六,信義店,下午,晴,,抹茶拿鐵,茶飲,3,100,300.0
A24015,2026-08-31,星期一,板橋店,早上,晴,,美式咖啡,咖啡,1,70,70.0
A21507,2026-08-01,星期六,信義店,早上,雨,M1423,肉桂捲,烘焙,1,85,85.0
A23996,2026-08-31,星期一,信義店,下午,晴,M0670,紅茶,茶飲,1,50,50.0
A23196,2026/08/21,星期五,板橋店,下午,陰,M1074,抹茶拿鐵,茶飲,2,100,200.0
A22102,2026-08-09,星期日,信義店,下午,晴,,卡布奇諾,咖啡,3,95,285.0
A21692,2026-08-03,星期一,板橋店,晚上,晴,M1252,卡布奇諾,咖啡,3,95,285.0
A23963,2026-08-30,星期日,中壢店,早上,晴,M1425,卡布奇諾,咖啡,3,95,285.0
A22407,2026-08-12,星期三,板橋店,早上,陰,M0428,卡布奇諾,咖啡,3,95,285.0
A22793,2026-08-16,星期日,信義店,早上,陰,,卡布奇諾,咖啡,1,95,95.0
A23728,2026-08-28,星期五,板橋店,晚上,晴,,拿鐵,咖啡,2,90,180.0
A23360,2026-08-23,星期日,信義店,晚上,雨,M0232,紅茶,茶飲,1,50,50.0
A23520,2026-08-26,星期三,信義店,下午,陰,M0231,抹茶拿鐵,茶飲,2,100,200.0
A23881,2026-08-30,星期日,信義店 ,早上,晴,M1093,可頌,烘焙,1,60,60.0
A23657,2026-08-27,星期四,中壢店,早上,晴,M1951,美式咖啡,咖啡,2,70,140.0
A23212,2026/08/21,星期五,板橋店,晚上,陰,M0423,肉桂捲,烘焙,1,85,85.0
A22030,20260808,星期六,信義店,早上,雨,,拿鐵,咖啡,1,90,90.0
A22586,2026-08-14,星期五,中壢店,晚上,晴,,拿鐵,咖啡,1,90,90.0
A21516,2026-08-01,星期六,板橋店,早上,雨,,抹茶拿鐵,茶飲,2,100,200.0
A21750,2026-08-04,星期二,板橋店,早上,雨,M1182,美式咖啡,咖啡,1,70,
A22365,2026-08-12,星期三,信義店,早上,陰,M1671,卡布奇諾,咖啡,1,95,95.0
A22815,2026-08-16,星期日,板橋店,下午,陰,M0650,美式咖啡,咖啡,1,70,70.0
A22792,2026-08-16,星期日,信義店,下午,陰,M1909,拿鐵,咖啡,2,90,180.0
A23511,2026-08-25,星期二,中壢店,晚上,雨,M1191,抹茶拿鐵,茶飲,2,100,200.0
A22767,20260815,星期六,中壢店,晚上,晴,M0038,美式咖啡,咖啡,1,70,70.0
A23630,2026-08-27,星期四,板橋店,下午,晴,,拿鐵,咖啡,1,90,90.0
A21799,2026-08-05,星期三,信義店,晚上,雨,M0418,美式咖啡,咖啡,1,70,70.0
A22889,2026-08-17,星期一,信義店,下午,晴,,拿鐵,咖啡,1,90,90.0
A23097,2026-08-20,星期四,信義店,下午,晴,,可頌,烘焙,2,60,120.0
A22044,20260808,星期六,信義店,早上,雨,M0263,美式咖啡,咖啡,1,70,70.0
A23480,2026-08-25,星期二,信義店,早上,雨,M1255,紅茶,茶飲,3,50,150.0
A21644,2026-08-02,星期日,中壢店,下午,陰,M0999,拿鐵,咖啡,1,90,90.0
A23153,2026-08-21,星期五,信義店,早上,陰,,紅茶,茶飲,3,50,
A21824,2026-08-05,星期三,中壢店,早上,雨,,紅茶,茶飲,2,50,100.0
A23181,2026-08-21,星期五,板橋店,晚上,陰,M1725,卡布奇諾,咖啡,3,95,285.0
A22266,2026-08-10,星期一,信義店,早上,晴,M1778,拿鐵,咖啡,1,90,90.0
A22326,2026-08-11,星期二,信義店,早上,雨,M1833,美式咖啡,咖啡,1,70,70.0
A22431,2026-08-12,星期三,中壢店,下午,陰,M1888,可頌,烘焙,1,60,60.0
A21913,2026-08-06,星期四,中壢店,早上,陰,,美式咖啡,咖啡,1,70,70.0
A23838,2026-08-29,星期六,中壢店,下午,陰,,美式咖啡,咖啡,1,70,70.0
A22511,2026/08/13,星期四,中壢店,早上,晴,,卡布奇諾,咖啡,2,95,190.0
A21873,2026-08-06,星期四,板橋店,晚上,陰,,美式咖啡,咖啡,2,70,140.0
A21893,2026-08-06,星期四,中壢店,早上,陰,M1774,肉桂捲,烘焙,1,85,85.0
A23182,2026-08-21,星期五,板橋店,早上,陰,M0704,美式咖啡,咖啡,1,70,70.0
A22961,2026-08-18,星期二,板橋店,早上,陰,M1834,拿鐵,咖啡,1,90,90.0
A23603,2026-08-27,星期四,信義店,晚上,晴,,拿鐵,咖啡,2,90,180.0
A21635,2026-08-02,星期日,中壢店,下午,陰,,美式咖啡,咖啡,3,70,210.0
A23044,2026-08-19,星期三,板橋店,早上,晴,,卡布奇諾,咖啡,1,95,95.0
A23587,2026-08-27,星期四,信義店,下午,晴,M0114,拿鐵,咖啡,1,90,90.0
A22166,2026-08-09,星期日,板橋店,晚上,晴,,拿鐵,咖啡,2,90,180.0
A21814,2026-08-05,星期三,板橋店,晚上,雨,M1578,肉桂捲,烘焙,1,85,85.0
A23305,2026-08-22,星期六,板橋店,早上,晴,M0291,可頌,烘焙,1,60,60.0
A21954,2026-08-07,星期五,信義店,下午,晴,M1217,紅茶,茶飲,1,50,50.0
A22621,2026-08-14,星期五,中壢店,早上,晴,M0746,肉桂捲,烘焙,1,85,85.0
A23619,2026-08-27,星期四,信義店,早上,晴,M1401,拿鐵,咖啡,1,90,90.0
A22662,2026/08/15,星期六,信義店,晚上,晴,,可頌,烘焙,1,60,60.0
A22121,2026-08-09,星期日,信義店,晚上,晴,,拿鐵,咖啡,2,90,180.0
A21866,2026-08-06,星期四,板橋店,晚上,陰,,抹茶拿鐵,茶飲,2,100,200.0
A23565,2026-08-26,星期三,中壢店,早上,陰,,拿鐵,咖啡,3,90,270.0
A22877,2026-08-16,星期日,中壢店,晚上,陰,M0025,美式咖啡,咖啡,1,70,70.0
A22905,2026/08/17,星期一,板橋店,早上,晴,,抹茶拿鐵,茶飲,1,100,100.0
A21760,2026-08-04,星期二,板橋店,晚上,雨,M1003,起司蛋糕,烘焙,2,120,240.0
A22701,2026-08-15,星期六,板橋店,早上,晴,,紅茶,茶飲,3,50,150.0
A22862,2026-08-16,星期日,中壢店,早上,陰,M1953,可頌,烘焙,2,60,120.0
A23679,2026-08-28,星期五,信義店,下午,晴,,肉桂捲,烘焙,1,85,85.0
A22598,2026-08-14,星期五,中壢店,晚上,晴,M1762,紅茶,茶飲,1,50,50.0
A23185,2026/08/21,星期五,板橋店,晚上,陰,,抹茶拿鐵,茶飲,1,100,100.0
A22199,2026-08-09,星期日,板橋店,下午,晴,M0576,美式咖啡,咖啡,2,70,140.0
A21718,2026-08-03,星期一,中壢店,晚上,晴,M0965,拿鐵,咖啡,3,90,270.0
A23984,2026-08-31,星期一,信義店,早上,晴,,美式咖啡,咖啡,1,70,70.0
A21743,20260804,星期二,信義店,早上,雨,M1893,卡布奇諾,咖啡,3,95,285.0
A22582,2026/08/14,星期五,板橋店,下午,晴,,拿鐵,咖啡,1,90,90.0
A23157,20260821,星期五,信義店,下午,陰,M0576,肉桂捲,烘焙,1,85,85.0
A22061,2026-08-08,星期六,板橋店,下午,雨,M0259,卡布奇諾,咖啡,1,95,95.0
A21704,2026-08-03,星期一,中壢店,早上,晴,,拿鐵,咖啡,1,90,90.0
A23650,2026-08-27,星期四,中壢店,晚上,晴,M0135,拿鐵,咖啡,1,90,90.0
A21620,2026-08-02,星期日,板橋店,晚上,陰,,起司蛋糕,烘焙,1,120,120.0
A22436,2026-08-12,星期三,中壢店,早上,陰,M0117,紅茶,茶飲,1,50,50.0
A22726,2026-08-15,星期六,板橋店,下午,晴,M1590,可頌,烘焙,2,60,120.0
A23418,2026-08-24,星期一,信義店,早上,晴,,肉桂捲,烘焙,3,85,255.0
A22231,2026-08-09,星期日,中壢店,下午,晴,M0526,美式咖啡,咖啡,1,70,70.0
A22552,2026-08-14,星期五,信義店,晚上,晴,,卡布奇諾,咖啡,1,95,95.0
A21543,2026-08-01,星期六,中壢店,早上,雨,M0554,美式咖啡,咖啡,1,70,70.0
A23344,2026-08-22,星期六,中壢店,下午,晴,M0956,拿鐵,咖啡,2,90,180.0
A23475,2026-08-25,星期二,信義店,早上,雨,M0689,紅茶,茶飲,2,50,100.0
A21614,2026/08/02,星期日,板橋店,晚上,陰,M1997,抹茶拿鐵,茶飲,2,100,200.0
A22648,20260815,星期六,信義店,早上,晴,,拿鐵,咖啡,1,90,90.0
A22351,2026-08-11,星期二,中壢店,晚上,雨,,美式咖啡,咖啡,2,70,140.0
A23248,2026-08-22,星期六,信義店,早上,晴,M0254,卡布奇諾,咖啡,3,95,285.0
A22055,2026-08-08,星期六,板橋店,晚上,雨,M0820,拿鐵,咖啡,1,90,90.0
A23269,2026-08-22,星期六,信義店,下午,晴,,拿鐵,咖啡,1,90,90.0
A21981,2026-08-07,星期五,板橋店,早上,晴,M0263,拿鐵,咖啡,1,90,90.0
A22557,2026-08-14,星期五,信義店,早上,晴,M1494,拿鐵,咖啡,2,90,180.0
A22416,2026-08-12,星期三,中壢店,早上,陰,,卡布奇諾,咖啡,2,95,190.0
A22573,2026-08-14,星期五,板橋店,下午,晴,M0263,美式咖啡,咖啡,1,70,70.0
A21705,2026-08-03,星期一,中壢店,晚上,晴,M0875,可頌,烘焙,2,60,120.0
A22052,2026-08-08,星期六,板橋店 ,早上,雨,M1885,紅茶,茶飲,1,50,50.0
A23428,2026-08-24,星期一,信義店,下午,晴,M0981,拿鐵,咖啡,3,90,270.0
A21901,2026-08-06,星期四,中壢店,下午,陰,,抹茶拿鐵,茶飲,1,100,100.0
A22479,2026-08-13,星期四,板橋店,晚上,晴,M0465,抹茶拿鐵,茶飲,3,100,300.0
A22695,2026-08-15,星期六,板橋店,下午,晴,,拿鐵,咖啡,1,90,90.0
A23536,2026-08-26,星期三,信義店,早上,陰,M0262,起司蛋糕,烘焙,1,120,120.0
A22920,2026-08-17,星期一,板橋店,下午,晴,M0536,紅茶,茶飲,1,50,50.0
A22642,2026-08-15,星期六,信義店,下午,晴,,卡布奇諾,咖啡,1,95,95.0
A21584,2026-08-02,星期日,信義店,早上,陰,,拿鐵,咖啡,3,90,270.0
A23571,2026-08-26,星期三,中壢店,晚上,陰,,抹茶拿鐵,茶飲,1,100,100.0
A23191,2026-08-21,星期五,板橋店,晚上,陰,M0519,拿鐵,咖啡,1,90,90.0
A21536,2026-08-01,星期六,板橋店,下午,雨,M1629,拿鐵,咖啡,1,90,90.0
A22875,2026-08-16,星期日,中壢店,早上,陰,,拿鐵,咖啡,2,90,180.0
A22001,2026-08-07,星期五,板橋店,早上,晴,M1904,卡布奇諾,咖啡,1,95,95.0
A22306,2026/08/10,星期一,中壢店,晚上,晴,M0889,卡布奇諾,咖啡,3,95,285.0
A22078,2026-08-08,星期六,板橋店,下午,雨,M0362,美式咖啡,咖啡,2,70,140.0
A22004,2026-08-07,星期五,中壢店,晚上,晴,,可頌,烘焙,2,60,120.0
A22448,2026-08-13,星期四,信義店,晚上,晴,,可頌,烘焙,2,60,120.0
A22149,2026-08-09,星期日,信義店,早上,晴,M0110,美式咖啡,咖啡,1,70,70.0
A21522,2026-08-01,星期六,板橋店,早上,雨,,拿鐵,咖啡,3,90,270.0
A22927,2026-08-17,星期一,中壢店,下午,晴,,美式咖啡,咖啡,1,70,70.0
A22156,2026-08-09,星期日,板橋店,早上,晴,M1285,美式咖啡,咖啡,2,70,140.0
A23062,20260819,星期三,中壢店,晚上,晴,M0130,抹茶拿鐵,茶飲,1,100,100.0
A21538,2026-08-01,星期六,板橋店,下午,雨,M1159,卡布奇諾,咖啡,1,95,95.0
A23671,2026-08-28,星期五,信義店,晚上,晴,,拿鐵,咖啡,2,90,180.0
A23347,2026-08-22,星期六,中壢店,下午,晴,,可頌,烘焙,3,60,180.0
A23914,2026-08-30,星期日,板橋店,晚上,晴,M0997,拿鐵,咖啡,2,90,180.0
A21494,2026-08-01,星期六,信義店,晚上,雨,M0846,可頌,烘焙,2,60,120.0
A22016,2026-08-07,星期五,中壢店　,下午,晴,M0912,起司蛋糕,烘焙,2,120,240.0
A23170,2026-08-21,星期五,信義店,下午,陰,M0723,起司蛋糕,烘焙,1,120,120.0
A23019,2026/08/19,星期三,信義店,早上,晴,,拿鐵,咖啡,1,90,90.0
A22679,2026-08-15,星期六,信義店,晚上,晴,,抹茶拿鐵,茶飲,6,100,600.0
A23867,2026-08-30,星期日,信義店,早上,晴,M1271,抹茶拿鐵,茶飲,1,100,100.0
A23343,2026-08-22,星期六,中壢店,早上,晴,M0803,卡布奇諾,咖啡,2,95,190.0
A23364,2026-08-23,星期日,信義店,下午,雨,,拿鐵,咖啡,1,90,90.0
A22098,2026-08-09,星期日,信義店 ,早上,晴,M0799,肉桂捲,烘焙,3,85,255.0
A23892,2026-08-30,星期日,板橋店,早上,晴,M1098,美式咖啡,咖啡,1,70,70.0
A22355,2026-08-12,星期三,信義店,晚上,陰,,紅茶,茶飲,2,50,100.0
A23863,2026-08-30,星期日,信義店,晚上,晴,M0989,拿鐵,咖啡,1,90,90.0
A22759,2026-08-15,星期六,中壢店,早上,晴,M0044,可頌,烘焙,1,60,60.0
A23633,2026-08-27,星期四,板橋店,下午,晴,,可頌,烘焙,2,60,
A23527,2026-08-26,星期三,信義店,下午,陰,M1762,可頌,烘焙,1,60,60.0
A23498,2026-08-25,星期二,板橋店,早上,雨,M0277,紅茶,茶飲,3,50,150.0
A22268,2026-08-10,星期一,信義店,下午,晴,M0448,美式咖啡,咖啡,1,70,70.0
A21914,2026-08-06,星期四,中壢店,晚上,陰,,紅茶,茶飲,1,50,50.0
A23937,2026-08-30,星期日,中壢店,下午,晴,,紅茶,茶飲,3,50,150.0
A21590,2026-08-02,星期日,信義店,早上,陰,M0500,美式咖啡,咖啡,1,70,70.0
A23221,2026-08-21,星期五,中壢店,下午,陰,M1846,美式咖啡,咖啡,2,70,140.0
A21504,2026-08-01,星期六,信義店,下午,雨,M0359,美式咖啡,咖啡,1,70,70.0
A22363,2026-08-12,星期三,信義店,下午,陰,M0288,美式咖啡,咖啡,1,70,70.0
A23796,2026-08-29,星期六,板橋店,下午,陰,,拿鐵,咖啡,3,90,270.0
A22419,2026-08-12,星期三,中壢店,晚上,陰,,肉桂捲,烘焙,1,85,85.0
A22790,2026/08/16,星期日,信義店,晚上,陰,,拿鐵,咖啡,3,90,270.0
A22570,2026-08-14,星期五,板橋店,晚上,晴,M0996,拿鐵,咖啡,1,90,90.0
A24037,2026-08-31,星期一,中壢店,下午,晴,,紅茶,茶飲,1,50,50.0
A23588,2026-08-27,星期四,信義店,下午,晴,,拿鐵,咖啡,1,90,90.0
A22203,2026-08-09,星期日,中壢店,下午,晴,,可頌,烘焙,1,60,60.0
A23253,2026-08-22,星期六,信義店,下午,晴,,美式咖啡,咖啡,2,70,140.0
A23243,2026/08/21,星期五,中壢店,早上,陰,M1637,美式咖啡,咖啡,2,70,140.0
A22872,2026-08-16,星期日,中壢店,下午,陰,M1198,美式咖啡,咖啡,1,70,70.0
A22942,2026-08-18,星期二,信義店,晚上,陰,M0929,卡布奇諾,咖啡,2,95,190.0
A21853,2026-08-06,星期四,信義店,晚上,陰,M1410,紅茶,茶飲,1,50,50.0
A23316,2026/08/22,星期六,板橋店,下午,晴,M0126,紅茶,茶飲,3,50,150.0
A21639,2026-08-02,星期日,中壢店,下午,陰,,紅茶,茶飲,3,50,150.0
A23674,2026-08-28,星期五,信義店,早上,晴,,起司蛋糕,烘焙,2,120,240.0
A23348,2026-08-22,星期六,中壢店,下午,晴,M1598,可頌,烘焙,1,60,60.0
A21489,2026/08/01,星期六,信義店,早上,雨,M1741,拿鐵,咖啡,1,90,90.0
A23649,2026-08-27,星期四,中壢店,晚上,晴,,拿鐵,咖啡,1,90,90.0
A22370,2026-08-12,星期三,信義店,下午,陰,M0387,起司蛋糕,烘焙,2,120,240.0
A22763,2026-08-15,星期六,中壢店,早上,晴,M1589,拿鐵,咖啡,1,90,90.0
A22812,2026-08-16,星期日,信義店,早上,陰,M0203,紅茶,茶飲,1,50,50.0
A22651,2026-08-15,星期六,信義店,早上,晴,M1097,起司蛋糕,烘焙,1,120,120.0
A23972,2026-08-31,星期一,信義店,早上,晴,,可頌,烘焙,1,60,60.0
A23641,2026-08-27,星期四,中壢店,晚上,晴,M0562,抹茶拿鐵,茶飲,1,100,100.0
A22380,2026-08-12,星期三,信義店,晚上,陰,,可頌,烘焙,2,60,120.0
A21610,2026-08-02,星期日,板橋店,晚上,陰,,紅茶,茶飲,1,50,50.0
A22113,2026-08-09,星期日,信義店,晚上,晴,,美式咖啡,咖啡,2,70,140.0
A21768,2026/08/04,星期二,板橋店,早上,雨,M1979,拿鐵,咖啡,1,90,90.0
A23190,2026-08-21,星期五,板橋店,早上,陰,,拿鐵,咖啡,10,90,900.0
A23661,2026-08-28,星期五,信義店,下午,晴,M0911,拿鐵,咖啡,2,90,180.0
A21519,2026-08-01,星期六,板橋店,下午,雨,M1898,美式咖啡,咖啡,1,70,70.0
A22668,2026-08-15,星期六,信義店,下午,晴,,肉桂捲,烘焙,1,85,85.0
A22476,2026-08-13,星期四,板橋店 ,晚上,晴,,起司蛋糕,烘焙,2,120,240.0
A22245,2026-08-10,星期一,信義店,早上,晴,,美式咖啡,咖啡,2,70,140.0
A21801,2026-08-05,星期三,信義店,早上,雨,M1834,可頌,烘焙,2,60,120.0
A22346,2026-08-11,星期二,中壢店,下午,雨,,拿鐵,咖啡,2,90,180.0
A23801,2026-08-29,星期六,板橋店,晚上,陰,M1259,美式咖啡,咖啡,2,70,140.0
A22448,2026-08-13,星期四,信義店,晚上,晴,,可頌,烘焙,2,60,120.0
A23580,2026-08-26,星期三,中壢店,下午,陰,,拿鐵,咖啡,1,90,90.0
A22259,2026-08-10,星期一,信義店,早上,晴,M1161,卡布奇諾,咖啡,2,95,190.0
A21713,2026-08-03,星期一,中壢店,早上,晴,,紅茶,茶飲,1,50,50.0
A23035,2026-08-19,星期三,板橋店,早上,晴,M1904,美式咖啡,咖啡,1,70,70.0
A23995,2026/08/31,星期一,信義店,晚上,晴,M1446,起司蛋糕,烘焙,3,120,360.0
A21675,2026-08-03,星期一,信義店,早上,晴,,美式咖啡,咖啡,1,70,70.0
A23016,2026-08-19,星期三,信義店,早上,晴,M1052,抹茶拿鐵,茶飲,3,100,300.0
A22201,20260809,星期日,板橋店,下午,晴,,肉桂捲,烘焙,1,85,85.0
A22956,2026-08-18,星期二,信義店,早上,陰,M0084,拿鐵,咖啡,1,90,90.0
A23815,20260829,星期六,板橋店,晚上,陰,M1990,拿鐵,咖啡,1,90,90.0
A22267,2026-08-10,星期一,信義店,早上,晴,,拿鐵,咖啡,1,90,90.0
A23986,2026-08-31,星期一,信義店,早上,晴,M0666,抹茶拿鐵,茶飲,1,100,100.0
A23187,2026-08-21,星期五,板橋店,晚上,陰,,抹茶拿鐵,茶飲,1,100,100.0
A21613,2026-08-02,星期日,板橋店,下午,陰,,拿鐵,咖啡,1,90,90.0
A21706,2026-08-03,星期一,中壢店,早上,晴,M1763,起司蛋糕,烘焙,1,120,120.0
A22032,2026-08-08,星期六,信義店,晚上,雨,M0568,肉桂捲,烘焙,1,85,85.0
A23474,2026-08-25,星期二,信義店,晚上,雨,,卡布奇諾,咖啡,1,95,95.0
A23065,2026-08-19,星期三,中壢店,早上,晴,,起司蛋糕,烘焙,1,120,120.0
A22120,2026-08-09,星期日,信義店,晚上,晴,M1679,拿鐵,咖啡,2,90,180.0
A21734,2026-08-04,星期二,信義店,早上,雨,,肉桂捲,烘焙,1,85,85.0
A23837,2026-08-29,星期六,中壢店,晚上,陰,,美式咖啡,咖啡,2,70,140.0
A23341,2026/08/22,星期六,中壢店,晚上,晴,M0499,拿鐵,咖啡,3,90,270.0
A22687,2026-08-15,星期六,板橋店,下午,晴,,美式咖啡,咖啡,1,70,70.0
A23055,2026/08/19,星期三,中壢店,下午,晴,M1690,抹茶拿鐵,茶飲,1,100,100.0
A21756,2026-08-04,星期二,板橋店,早上,雨,M1099,起司蛋糕,烘焙,1,120,120.0
A21922,2026-08-06,星期四,中壢店,下午,陰,,紅茶,茶飲,2,50,100.0
A23096,2026-08-20,星期四,信義店,早上,晴,,卡布奇諾,咖啡,3,95,285.0
A23083,2026-08-20,星期四,信義店,早上,晴,M0725,起司蛋糕,烘焙,1,120,120.0
A22277,2026-08-10,星期一,板橋店,晚上,晴,,肉桂捲,烘焙,1,85,85.0
A23825,2026-08-29,星期六,板橋店,晚上,陰,,紅茶,茶飲,2,50,100.0
A21856,2026-08-06,星期四,信義店,早上,陰,,可頌,烘焙,3,60,180.0
A21641,2026/08/02,星期日,中壢店,晚上,陰,M0439,拿鐵,咖啡,2,90,180.0
A23254,20260822,星期六,信義店,早上,晴,,拿鐵,咖啡,1,90,90.0
A22667,2026-08-15,星期六, 信義店,下午,晴,M0709,美式咖啡,咖啡,2,70,140.0
A22188,2026-08-09,星期日,板橋店,下午,晴,M1833,肉桂捲,烘焙,3,85,255.0
A22111,2026-08-09,星期日,信義店,下午,晴,M1672,可頌,烘焙,1,60,60.0
A22914,2026-08-17,星期一,板橋店,下午,晴,,卡布奇諾,咖啡,2,95,190.0
A22911,2026-08-17,星期一,板橋店,下午,晴,M1898,肉桂捲,烘焙,1,85,85.0
A22358,2026-08-12,星期三,信義店,早上,陰,M1565,可頌,烘焙,1,60,
A23076,2026-08-20,星期四,信義店,晚上,晴,M0357,卡布奇諾,咖啡,1,95,95.0
A23308,2026/08/22,星期六,板橋店,早上,晴,M1084,抹茶拿鐵,茶飲,2,100,200.0
A23934,2026-08-30,星期日,中壢店,晚上,晴,M0670,紅茶,茶飲,2,50,100.0
A22302,2026-08-10,星期一,中壢店,下午,晴,M0231,可頌,烘焙,1,60,60.0
A22462,2026-08-13,星期四,信義店,下午,晴,M1041,卡布奇諾,咖啡,1,95,95.0
A22798,2026/08/16,星期日,信義店,下午,陰,M1136,肉桂捲,烘焙,2,85,170.0
A23691,2026-08-28,星期五,信義店,晚上,晴,M1405,肉桂捲,烘焙,2,85,170.0
A23245,2026-08-22,星期六,信義店,早上,晴,M0422,肉桂捲,烘焙,2,85,170.0
A22864,2026-08-16,星期日,中壢店,早上,陰,M0054,紅茶,茶飲,3,50,150.0
A23745,2026-08-28,星期五,中壢店,下午,晴,,可頌,烘焙,1,60,60.0
A22530,2026-08-14,星期五,信義店,早上,晴,M1225,拿鐵,咖啡,1,90,90.0
A22605,2026/08/14,星期五,中壢店,下午,晴,M1503,起司蛋糕,烘焙,2,120,240.0
A22073,2026-08-08,星期六,板橋店,早上,雨,M0989,紅茶,茶飲,2,50,100.0
A22385,2026/08/12,星期三,信義店,下午,陰,,美式咖啡,咖啡,3,70,210.0
A21955,2026-08-07,星期五,信義店,下午,晴,M0486,美式咖啡,咖啡,2,70,140.0
A23429,2026-08-24,星期一,信義店,早上,晴,M1741,肉桂捲,烘焙,2,85,170.0
A23323,2026-08-22,星期六,板橋店,下午,晴,M0537,肉桂捲,烘焙,2,85,170.0
A21792,2026/08/05,星期三,信義店,早上,雨,,拿鐵,咖啡,1,90,90.0
A21896,2026-08-06,星期四,中壢店,下午,陰,M1880,可頌,烘焙,1,60,60.0
A23808,20260829,星期六,板橋店,下午,陰,M1163,紅茶,茶飲,1,50,50.0
A22988,2026-08-18,星期二,中壢店,早上,陰,,抹茶拿鐵,茶飲,1,100,100.0
A21988,2026/08/07,星期五,板橋店,晚上,晴,M0900,肉桂捲,烘焙,3,85,255.0
A23561,2026-08-26,星期三,板橋店,下午,陰,M1550,紅茶,茶飲,1,50,50.0
A22467,2026-08-13,星期四,板橋店,下午,晴,,美式咖啡,咖啡,1,70,70.0
A23994,2026-08-31,星期一,信義店,下午,晴,M1252,起司蛋糕,烘焙,3,120,360.0
A23772,2026-08-29,星期六,信義店,早上,陰,M0987,拿鐵,咖啡,3,90,270.0
A22134,2026-08-09,星期日,信義店,早上,晴,M1249,起司蛋糕,烘焙,3,120,360.0
A22378,2026-08-12,星期三,信義店,早上,陰,M0606,起司蛋糕,烘焙,1,120,120.0
A23693,2026-08-28,星期五,信義店,晚上,晴,,抹茶拿鐵,茶飲,1,100,100.0
A22343,2026-08-11,星期二,板橋店,下午,雨,M0725,起司蛋糕,烘焙,2,120,240.0
A23711,2026-08-28,星期五,板橋店,下午,晴,M0126,紅茶,茶飲,1,50,50.0
A21871,2026-08-06,星期四,板橋店,下午,陰,M0313,卡布奇諾,咖啡,1,95,95.0
A22583,2026-08-14,星期五,板橋店,下午,晴,M1620,抹茶拿鐵,茶飲,1,100,100.0
A21676,2026-08-03,星期一,信義店,早上,晴,M0018,卡布奇諾,咖啡,1,95,95.0
A21839,2026-08-06,星期四,信義,下午,陰,,拿鐵,咖啡,1,90,90.0
A21762,2026-08-04,星期二,板橋店,早上,雨,M0506,起司蛋糕,烘焙,1,120,120.0
A21623,2026-08-02,星期日,板橋店,下午,陰,,美式咖啡,咖啡,3,70,210.0
A23647,2026/08/27,星期四,中壢店,下午,晴,,拿鐵,咖啡,1,90,90.0
A21941,2026-08-07,星期五,信義店,下午,晴,M1677,起司蛋糕,烘焙,1,120,120.0
A23635,2026-08-27,星期四,板橋店,下午,晴,,拿鐵,咖啡,2,90,180.0
A22861,2026-08-16,星期日,中壢店,早上,陰,,拿鐵,咖啡,1,90,90.0
A21711,2026-08-03,星期一,中壢店,下午,晴,,美式咖啡,咖啡,1,70,70.0
A22017,2026/08/07,星期五,中壢店,晚上,晴,M0110,拿鐵,咖啡,1,90,90.0
A22960,2026-08-18,星期二,板橋店,下午,陰,M0342,拿鐵,咖啡,1,90,90.0
A22162,2026/08/09,星期日,板橋店,早上,晴,,拿鐵,咖啡,1,90,90.0
A23226,2026-08-21,星期五,中壢店,早上,陰,,抹茶拿鐵,茶飲,2,100,200.0
A22130,2026-08-09,星期日,信義店,早上,晴,M0940,卡布奇諾,咖啡,3,95,285.0
A23920,2026-08-30,星期日,板橋店,早上,晴,M1425,肉桂捲,烘焙,3,85,255.0
A22051,2026-08-08,星期六,板橋店,早上,雨,M0798,拿鐵,咖啡,1,90,90.0
A22896,2026-08-17,星期一,信義店,晚上,晴,,美式咖啡,咖啡,2,70,140.0
A23394,2026-08-23,星期日,板橋店,晚上,雨,M1656,美式咖啡,咖啡,2,70,140.0
A24027,2026-08-31,星期一,中壢店,早上,晴,M0434,紅茶,茶飲,2,50,100.0
A23136,2026-08-20,星期四,中壢店,下午,晴,,拿鐵,咖啡,1,90,90.0
A23220,2026-08-21,星期五,中壢店,下午,陰,M1393,紅茶,茶飲,1,50,50.0
A23692,2026-08-28,星期五,信義店,晚上,晴,M0190,抹茶拿鐵,茶飲,3,100,300.0
A22996,2026-08-18,星期二,中壢店,早上,陰,M1619,起司蛋糕,烘焙,3,120,360.0
A22936,2026-08-17,星期一,中壢店,早上,晴,M1789,抹茶拿鐵,茶飲,1,100,100.0
A23414,2026-08-24,星期一,信義店,下午,晴,M0191,可頌,烘焙,1,60,60.0
A23704,2026-08-28,星期五,板橋店,早上,晴,M0865,美式咖啡,咖啡,2,70,140.0
A21766,2026/08/04,星期二,板橋店,早上,雨,M1934,可頌,烘焙,2,60,120.0
A22074,2026-08-08,星期六,板橋店,下午,雨,,美式咖啡,咖啡,2,70,140.0
A21973,2026-08-07,星期五,板橋店,早上,晴,M1738,抹茶拿鐵,茶飲,2,100,200.0
A23858,2026-08-30,星期日,信義店,晚上,晴,,拿鐵,咖啡,2,90,180.0
A23294,20260822,星期六,板橋店,早上,晴,M1599,肉桂捲,烘焙,1,85,85.0
A22721,2026-08-15,星期六,板橋店,早上,晴,,卡布奇諾,咖啡,1,95,95.0
A23339,20260822,星期六,中壢店,下午,晴,M0176,拿鐵,咖啡,1,90,90.0
A24023,2026-08-31,星期一,板橋店,早上,晴,M1953,拿鐵,咖啡,1,90,90.0
A22352,2026-08-11,星期二,中壢店,下午,雨,,起司蛋糕,烘焙,2,120,240.0
A22860,2026-08-16,星期日,中壢店,早上,陰,,抹茶拿鐵,茶飲,1,100,100.0
A22819,2026-08-16,星期日,板橋店 ,早上,陰,,拿鐵,咖啡,1,90,90.0
A22382,2026-08-12,星期三,信義店,早上,陰,,美式咖啡,咖啡,2,70,140.0
A22405,2026-08-12,星期三,板橋店,晚上,陰,M1059,拿鐵,咖啡,3,90,270.0
A22517,2026-08-14,星期五,信義店,早上,晴,M0079,抹茶拿鐵,茶飲,1,100,100.0
A21774,2026-08-04,星期二,中壢店,下午,雨,M0243,美式咖啡,咖啡,2,70,140.0
A21650,2026-08-02,星期日,中壢店,早上,陰,M1273,抹茶拿鐵,茶飲,2,100,200.0
A22957,2026-08-18,星期二,信義店,晚上,陰,M0350,肉桂捲,烘焙,2,85,170.0
A22718,2026-08-15,星期六,板橋店,下午,晴,,起司蛋糕,烘焙,3,120,360.0
A21677,2026-08-03,星期一,信義店,早上,晴,,肉桂捲,烘焙,3,85,255.0
A21515,2026-08-01,星期六,板橋店,下午,雨,M0401,美式咖啡,咖啡,2,70,140.0
A22357,2026-08-12,星期三,信義店,早上,陰,M1586,起司蛋糕,烘焙,3,120,360.0
A23930,2026-08-30,星期日,中壢店,早上,晴,M1756,抹茶拿鐵,茶飲,1,100,100.0
A22954,2026/08/18,星期二,信義店,早上,陰,M0046,美式咖啡,咖啡,1,70,70.0
A21655,2026-08-03,星期一,信義店,早上,晴,M1790,起司蛋糕,烘焙,1,120,
A21497,2026-08-01,星期六,信義店,下午,雨,M1160,抹茶拿鐵,茶飲,1,100,100.0
A23270,2026-08-22,星期六,信義店,早上,晴,,拿鐵,咖啡,3,90,270.0
A22682,2026-08-15,星期六,信義店,下午,晴,,可頌,烘焙,1,60,
A23549,2026-08-26,星期三,板橋店,早上,陰,M0913,起司蛋糕,烘焙,1,120,120.0
A21580,2026-08-02,星期日,信義店,晚上,陰,M0565,起司蛋糕,烘焙,3,120,360.0
A23478,2026/08/25,星期二,信義店,晚上,雨,M0614,拿鐵,咖啡,1,90,90.0
A22766,2026-08-15,星期六,中壢店,下午,晴,M0968,拿鐵,咖啡,1,90,90.0
A21560,2026-08-01,星期六,中壢店,下午,雨,,拿鐵,咖啡,2,90,180.0
A22823,2026-08-16,星期日,板橋店,早上,陰,M0443,肉桂捲,烘焙,3,85,
A21637,2026/08/02,星期日,中壢店,早上,陰,M1543,拿鐵,咖啡,1,90,90.0
A21695,2026/08/03,星期一,板橋店,早上,晴,M1160,紅茶,茶飲,1,50,50.0
A23902,2026-08-30,星期日,板橋店,晚上,晴,,美式咖啡,咖啡,1,70,70.0
A23259,2026-08-22,星期六,信義店,晚上,晴,M0878,美式咖啡,咖啡,2,70,140.0
A22593,2026-08-14,星期五,中壢店,早上,晴,,拿鐵,咖啡,1,90,90.0
A22043,2026-08-08,星期六,信義店,下午,雨,M0555,拿鐵,咖啡,1,90,90.0
A23523,2026-08-26,星期三,信義店,下午,陰,M0945,拿鐵,咖啡,1,90,90.0
A23514,2026/08/25,星期二,中壢店,晚上,雨,M1903,美式咖啡,咖啡,1,70,70.0
A22874,2026/08/16,星期日,中壢店,早上,陰,M1877,美式咖啡,咖啡,1,70,70.0
A23905,2026-08-30,星期日,板橋店,下午,晴,M0999,抹茶拿鐵,茶飲,2,100,200.0
A21739,20260804,星期二,信義店,早上,雨,M1605,拿鐵,咖啡,2,90,180.0
A22545,2026-08-14,星期五,信義店,晚上,晴,M0152,美式咖啡,咖啡,2,70,140.0
A22143,2026-08-09,星期日,信義店,下午,晴,M0698,拿鐵,咖啡,2,90,180.0
A21518,2026-08-01,星期六,板橋店,早上,雨,M0156,抹茶拿鐵,茶飲,2,100,200.0
A22734,2026/08/15,星期六,中壢店,早上,晴,M1825,拿鐵,咖啡,1,90,90.0
A23175,2026-08-21,星期五,信義店,早上,陰,,可頌,烘焙,1,60,60.0
A22856,2026/08/16,星期日,中壢店,下午,陰,M0104,紅茶,茶飲,1,50,50.0
A23828,2026-08-29,星期六,中壢店,晚上,陰,M0806,起司蛋糕,烘焙,2,120,240.0
A22034,2026-08-08,星期六,信義店,下午,雨,M0895,拿鐵,咖啡,1,90,90.0
A22542,2026-08-14,星期五,信義店,早上,晴,M1539,拿鐵,咖啡,1,90,90.0
A23957,20260830,星期日,中壢店,下午,晴,M0266,紅茶,茶飲,1,50,50.0
A23873,2026-08-30,星期日,信義店,晚上,晴,M1853,拿鐵,咖啡,2,90,180.0
A22846,2026-08-16,星期日,板橋店,早上,陰,,紅茶,茶飲,3,50,150.0
A21997,2026-08-07,星期五,板橋店,下午,晴,,可頌,烘焙,3,60,180.0
A21549,2026-08-01,星期六,中壢店,早上,雨,M0656,抹茶拿鐵,茶飲,2,100,200.0
A24020,20260831,星期一,板橋店,早上,晴,M1772,拿鐵,咖啡,1,90,90.0
A21806,2026-08-05,星期三,板橋店,晚上,雨,,拿鐵,咖啡,1,90,90.0
A22300,2026-08-10,星期一,中壢店,下午,晴,,美式咖啡,咖啡,1,70,70.0
A23911,2026-08-30,星期日,板橋店,下午,晴,M1974,紅茶,茶飲,1,50,
A22452,2026-08-13,星期四,信義店,下午,晴,,拿鐵,咖啡,1,90,90.0
A22499,2026-08-13,星期四,中壢店,晚上,晴,,拿鐵,咖啡,3,90,270.0
A23067,2026-08-19,星期三, 中壢店,晚上,晴,,紅茶,茶飲,1,50,50.0
A22529,2026/08/14,星期五,信義店,晚上,晴,M1758,美式咖啡,咖啡,3,70,210.0
A22238,2026-08-09,星期日,中壢店,晚上,晴,M1741,紅茶,茶飲,3,50,150.0
A23898,2026-08-30,星期日,板橋店,晚上,晴,M0984,美式咖啡,咖啡,1,70,70.0
A23970,2026-08-31,星期一,信義店,早上,晴,,拿鐵,咖啡,1,90,90.0
A22658,2026-08-15,星期六,信義店,下午,晴,M0994,抹茶拿鐵,茶飲,1,100,100.0
A23903,2026-08-30,星期日,板橋店,早上,晴,M0349,起司蛋糕,烘焙,1,120,120.0
A22859,2026-08-16,星期日,中壢店,下午,陰,,起司蛋糕,烘焙,1,120,120.0
A21917,2026-08-06,星期四,中壢店,下午,陰,M1365,紅茶,茶飲,1,50,50.0
A22046,2026-08-08,星期六,信義店,下午,雨,M1741,美式咖啡,咖啡,1,70,70.0
A23442,2026-08-24,星期一,板橋店,下午,晴,,拿鐵,咖啡,1,90,90.0
A22949,2026-08-18,星期二,信義店,下午,陰,M0653,拿鐵,咖啡,1,90,90.0
A22873,2026-08-16,星期日,中壢店,下午,陰,,紅茶,茶飲,1,50,50.0
A23337,2026-08-22,星期六,中壢店,下午,晴,M0519,美式咖啡,咖啡,6,70,420.0
A23288,2026-08-22,星期六,板橋店,下午,晴,M1260,拿鐵,咖啡,1,90,90.0
A22091,2026-08-08,星期六,中壢店,早上,雨,M1248,拿鐵,咖啡,1,90,90.0
A21561,2026-08-01,星期六,中壢店,晚上,雨,M0611,抹茶拿鐵,茶飲,1,100,100.0
A22963,2026-08-18,星期二,板橋店,下午,陰,M0385,起司蛋糕,烘焙,1,120,120.0
A22312,2026-08-10,星期一,中壢店,下午,晴,M0395,卡布奇諾,咖啡,2,95,190.0
A22139,2026-08-09,星期日,信義店,早上,晴,,美式咖啡,咖啡,3,70,210.0
A22824,2026-08-16,星期日,板橋店,下午,陰,M1655,卡布奇諾,咖啡,2,95,190.0
A23301,2026-08-22,星期六,板橋店,晚上,晴,M0880,肉桂捲,烘焙,3,85,255.0
A23860,2026/08/30,星期日,信義店,下午,晴,M0447,卡布奇諾,咖啡,2,95,190.0
A23982,2026-08-31,星期一,信義店,晚上,晴,M0508,美式咖啡,咖啡,3,70,210.0
A22661,2026-08-15,星期六,信義店,下午,晴,M0506,紅茶,茶飲,2,50,100.0
A23888,2026-08-30,星期日,板橋店,晚上,晴,,美式咖啡,咖啡,1,70,70.0
A21761,2026-08-04,星期二,板橋店,晚上,雨,,拿鐵,咖啡,1,90,90.0
A22468,2026/08/13,星期四,板橋店,下午,晴,M0223,紅茶,茶飲,1,50,50.0
A22587,2026-08-14,星期五,中壢店,早上,晴,M1817,紅茶,茶飲,1,50,50.0
A23598,2026-08-27,星期四,信義店,早上,晴,M0460,紅茶,茶飲,3,50,150.0
A23827,2026-08-29,星期六,中壢店,早上,陰,M0657,抹茶拿鐵,茶飲,3,100,300.0
A23705,2026-08-28,星期五,板橋店,早上,晴,M0746,拿鐵,咖啡,1,90,90.0
A23698,2026-08-28,星期五,板橋店,早上,晴,,拿鐵,咖啡,1,90,90.0
A23762,2026/08/29,星期六,信義店,下午,陰,,可頌,烘焙,2,60,120.0
A21589,2026-08-02,星期日,信義店,晚上,陰,,卡布奇諾,咖啡,1,95,95.0
A23798,2026/08/29,星期六,板橋店,早上,陰,M1732,卡布奇諾,咖啡,2,95,190.0
A22498,2026-08-13,星期四,中壢店,下午,晴,,可頌,烘焙,1,60,60.0
A21875,2026-08-06,星期四,板橋店,下午,陰,,肉桂捲,烘焙,3,85,255.0
A22917,2026-08-17,星期一,板橋店,晚上,晴,M0212,美式咖啡,咖啡,1,70,70.0
A22062,2026-08-08,星期六,板橋店,晚上,雨,,抹茶拿鐵,茶飲,2,100,200.0
A22437,2026-08-13,星期四,信義店,早上,晴,M0637,可頌,烘焙,3,60,180.0
A22592,2026-08-14,星期五,中壢店,下午,晴,,可頌,烘焙,5,60,300.0
A22548,2026-08-14,星期五,信義店,下午,晴,M0271,肉桂捲,烘焙,1,85,85.0
A23757,2026-08-29,星期六,信義店,早上,陰,M0584,抹茶拿鐵,茶飲,3,100,300.0
A23879,2026-08-30,星期日,信義店,晚上,晴,,美式咖啡,咖啡,2,70,140.0
A23137,2026-08-20,星期四,中壢店,下午,晴,M0635,美式咖啡,咖啡,2,70,140.0
A22337,2026-08-11,星期二,板橋店,下午,雨,M0601,肉桂捲,烘焙,2,85,170.0
A22941,2026-08-18,星期二,信義店,下午,陰,M1803,抹茶拿鐵,茶飲,1,100,100.0
A23158,2026-08-21,星期五,信義店,晚上,陰,,美式咖啡,咖啡,2,70,140.0
A23522,2026-08-26,星期三,信義店,下午,陰,,拿鐵,咖啡,3,90,270.0
A23423,2026-08-24,星期一,信義店,下午,晴,,拿鐵,咖啡,1,90,90.0
A23885,2026-08-30,星期日,信義店,晚上,晴,M1721,拿鐵,咖啡,3,90,270.0
A21638,2026-08-02,星期日,中壢店,晚上,陰,M0121,起司蛋糕,烘焙,3,120,360.0
A23927,2026/08/30,星期日,板橋店,早上,晴,M0598,起司蛋糕,烘焙,1,120,120.0
A22657,2026/08/15,星期六,信義店,下午,晴,M0081,拿鐵,咖啡,1,90,90.0
X0015,2026-08-17,星期一,中壢店,早上,晴,,美式咖啡,咖啡,-1,70,-70.0
A23375,2026-08-23,星期日,信義店,下午,雨,M1293,美式咖啡,咖啡,3,70,210.0
A22252,2026-08-10,星期一,信義店,下午,晴,M1237,起司蛋糕,烘焙,1,120,120.0
A23617,2026-08-27,星期四,信義店,下午,晴,M1181,拿鐵,咖啡,1,90,90.0
A21710,2026-08-03,星期一,中壢店,早上,晴,,肉桂捲,烘焙,2,85,170.0
A23912,2026-08-30,星期日,板橋店,早上,晴,,拿鐵,咖啡,2,90,180.0
A22588,2026-08-14,星期五,中壢店,晚上,晴,M1793,抹茶拿鐵,茶飲,1,100,100.0
A22023,2026-08-07,星期五,中壢店,下午,晴,,拿鐵,咖啡,3,90,270.0
A22253,2026-08-10,星期一,信義店,晚上,晴,M1396,拿鐵,咖啡,2,90,180.0
A23726,2026-08-28,星期五,板橋店,下午,晴,M0508,拿鐵,咖啡,2,90,180.0
A23804,2026-08-29,星期六,板橋店,下午,陰,M0398,拿鐵,咖啡,1,90,90.0
A21980,20260807,星期五,板橋店,晚上,晴,M1633,起司蛋糕,烘焙,1,120,120.0
A23741,2026-08-28,星期五,中壢店,下午,晴,M0722,抹茶拿鐵,茶飲,1,10000,10000.0
A21938,2026-08-07,星期五,信義店,下午,晴,M0978,美式咖啡,咖啡,3,70,210.0
A21600,2026-08-02,星期日,信義店,早上,陰,M0569,拿鐵,咖啡,2,90,180.0
A22366,2026-08-12,星期三,信義店,早上,陰,M0721,肉桂捲,烘焙,2,85,170.0
A23454,2026-08-24,星期一,板橋店,下午,晴,,拿鐵,咖啡,3,90,270.0
A22252,2026-08-10,星期一,信義店,下午,晴,M1237,起司蛋糕,烘焙,1,120,120.0
A23612,2026-08-27,星期四,信義店,晚上,晴,M0462,美式咖啡,咖啡,3,70,210.0
A22187,2026-08-09,星期日,板橋店,下午,晴,M1675,卡布奇諾,咖啡,2,95,190.0
A21858,2026-08-06,星期四,信義店,早上,陰,M0589,美式咖啡,咖啡,1,70,70.0
A23105,2026-08-20,星期四,板橋店,早上,晴,M1982,肉桂捲,烘焙,1,85,85.0
A23174,2026-08-21,星期五,信義店,早上,陰,M0679,拿鐵,咖啡,1,90,90.0
A21990,2026-08-07,星期五,板橋店,下午,晴,,紅茶,茶飲,2,50,100.0
A23574,2026-08-26,星期三,中壢店,下午,陰,M0499,紅茶,茶飲,2,50,100.0
A22724,2026-08-15,星期六,板橋店,晚上,晴,M0354,拿鐵,咖啡,1,90,90.0
A21492,2026-08-01,星期六,信義店,晚上,雨,M0693,拿鐵,咖啡,1,90,90.0
A23477,2026-08-25,星期二,信義店,早上,雨,,拿鐵,咖啡,1,90,90.0
A23813,2026/08/29,星期六,板橋店,下午,陰,M0739,拿鐵,咖啡,1,90,90.0
A22772,2026-08-16,星期日,信義店,下午,陰,,拿鐵,咖啡,3,90,270.0
A22331,2026-08-11,星期二,板橋店,早上,雨,,肉桂捲,烘焙,2,85,170.0
A23281,2026-08-22,星期六,板橋店,早上,晴,M1268,美式咖啡,咖啡,2,70,140.0
A22318,2026-08-11,星期二,信義店,下午,雨,M1023,美式咖啡,咖啡,1,70,70.0
A23119,2026/08/20,星期四,板橋店,下午,晴,,美式咖啡,咖啡,3,70,210.0
A22192,2026/08/09,星期日,板橋店,晚上,晴,,拿鐵,咖啡,1,90,90.0
A23518,2026-08-26,星期三,信義店,早上,陰,,可頌,烘焙,1,60,60.0
A23504,2026-08-25,星期二,板橋店,晚上,雨,M0339,紅茶,茶飲,1,50,50.0
A23866,2026-08-30,星期日,信義店,早上,晴,M0463,肉桂捲,烘焙,1,85,85.0
A22612,2026-08-14,星期五,中壢店,下午,晴,,肉桂捲,烘焙,2,85,170.0
A21712,2026-08-03,星期一,中壢店,早上,晴,M1048,起司蛋糕,烘焙,2,120,240.0
A21673,2026-08-03,星期一,信義店,早上,晴,,起司蛋糕,烘焙,2,120,240.0
A22138,2026-08-09,星期日,信義店,晚上,晴,,起司蛋糕,烘焙,2,120,240.0
A22524,2026-08-14,星期五,信義店,下午,晴,M0782,抹茶拿鐵,茶飲,2,100,200.0
A21608,20260802,星期日,板橋店,早上,陰,M1964,起司蛋糕,烘焙,3,120,360.0
A23217,2026-08-21,星期五,中壢店,下午,陰,M0231,紅茶,茶飲,1,50,50.0
A22059,2026-08-08,星期六,板橋店,早上,雨,M1696,美式咖啡,咖啡,1,70,70.0
A22577,2026-08-14,星期五,板橋店,下午,晴,,可頌,烘焙,1,60,60.0
A23103,2026-08-20,星期四,板橋店,下午,晴,M1605,起司蛋糕,烘焙,1,120,120.0
A21689,2026-08-03,星期一,板橋店,下午,晴,,抹茶拿鐵,茶飲,1,100,100.0
A21883,2026/08/06,星期四,板橋店,下午,陰,M0338,紅茶,茶飲,3,50,150.0
A21999,2026-08-07,星期五,板橋店,下午,晴,,紅茶,茶飲,2,50,100.0
A23956,2026-08-30,星期日,中壢店,早上,晴,M1991,紅茶,茶飲,1,50,50.0
A22242,2026/08/10,星期一,信義店,早上,晴,M1125,抹茶拿鐵,茶飲,3,100,300.0
A21963,2026-08-07,星期五,信義店,下午,晴,,起司蛋糕,烘焙,3,120,360.0
A22345,2026-08-11,星期二,中壢店,早上,雨,,紅茶,茶飲,1,50,50.0
A23669,2026/08/28,星期五,信義店,下午,晴,M0377,可頌,烘焙,1,60,60.0
A23776,2026-08-29,星期六,信義店,早上,陰,M1036,可頌,烘焙,3,60,180.0
A23403,2026/08/23,星期日,中壢店,下午,雨,M1599,可頌,烘焙,1,60,60.0
A23100,2026-08-20,星期四,板橋店,早上,晴,,肉桂捲,烘焙,2,85,170.0
A24034,2026-08-31,星期一,中壢店,早上,晴,,紅茶,茶飲,1,50,50.0
A22014,2026-08-07,星期五, 中壢店,早上,晴,M1213,美式咖啡,咖啡,1,70,70.0
A23706,2026-08-28,星期五,板橋店,下午,晴,M0318,抹茶拿鐵,茶飲,3,100,300.0
A22495,2026-08-13,星期四,中壢店,早上,晴,M0721,拿鐵,咖啡,1,90,90.0
A23463,2026-08-24,星期一,中壢店,晚上,晴,,肉桂捲,烘焙,1,85,85.0
A22735,2026-08-15,星期六,中壢店,下午,晴,,卡布奇諾,咖啡,3,95,285.0
A22486,2026-08-13,星期四,板橋店,晚上,晴,M0216,美式咖啡,咖啡,2,70,140.0
A22415,2026-08-12,星期三, 板橋店,晚上,陰,,可頌,烘焙,1,60,60.0
X0013,2026-08-21,星期五,中壢店,早上,陰,,卡布奇諾,咖啡,0,95,0.0
A22506,2026-08-13,星期四,中壢店,晚上,晴,M0971,拿鐵,咖啡,1,90,90.0
A23747,2026-08-28,星期五,中壢店,下午,晴,M1647,拿鐵,咖啡,2,90,180.0
A22680,2026-08-15,星期六,信義店,早上,晴,,抹茶拿鐵,茶飲,1,100,100.0
A22627,2026-08-15,星期六,信義店,晚上,晴,M0013,拿鐵,咖啡,1,90,90.0
A23297,2026-08-22,星期六,板橋店,早上,晴,M0749,卡布奇諾,咖啡,1,95,
A21682,2026-08-03,星期一,板橋店,早上,晴,M0973,拿鐵,咖啡,1,90,90.0
A22809,2026/08/16,星期日,信義店,早上,陰,M1665,美式咖啡,咖啡,2,70,140.0
A23506,2026-08-25,星期二,中壢,下午,雨,M1270,美式咖啡,咖啡,1,70,70.0
A24036,2026-08-31,星期一,中壢店,下午,晴,,紅茶,茶飲,3,50,150.0
A21767,2026-08-04,星期二,板橋店,下午,雨,M0009,紅茶,茶飲,1,50,50.0
A22169,2026/08/09,星期日,板橋店,早上,晴,,抹茶拿鐵,茶飲,2,100,200.0
A22776,2026-08-16,星期日,信義店,早上,陰,M0867,美式咖啡,咖啡,2,70,140.0
A22040,2026-08-08,星期六,信義店,晚上,雨,M1749,起司蛋糕,烘焙,3,120,360.0
A21531,2026-08-01,星期六,板橋店,早上,雨,M1029,可頌,烘焙,1,60,60.0
A23681,2026-08-28,星期五,信義店,早上,晴,,卡布奇諾,咖啡,3,95,285.0
A23589,2026/08/27,星期四,信義店,下午,晴,M0368,美式咖啡,咖啡,1,70,70.0
A21818,2026-08-05,星期三,中壢店,早上,雨,M1405,起司蛋糕,烘焙,3,120,360.0
A21929,2026-08-07,星期五,信義店,下午,晴,M0280,肉桂捲,烘焙,1,85,85.0
A22507,2026-08-13,星期四,中壢店,下午,晴,M1306,美式咖啡,咖啡,1,70,70.0
A23470,2026-08-25,星期二,信義店,早上,雨,M1583,肉桂捲,烘焙,2,85,170.0
A23378,2026-08-23,星期日,信義店,早上,雨,,美式咖啡,咖啡,2,70,140.0
A23942,20260830,星期日,中壢店,下午,晴,M0066,紅茶,茶飲,2,50,100.0
A22278,2026-08-10,星期一,板橋店,下午,晴,,起司蛋糕,烘焙,1,120,120.0
A22374,2026-08-12,星期三,信義店,下午,陰,M0392,拿鐵,咖啡,3,90,270.0
A21558,2026-08-01,星期六,中壢店,早上,雨,,拿鐵,咖啡,1,90,
A22304,2026-08-10,星期一,中壢店,下午,晴,M1996,紅茶,茶飲,2,50,100.0
A22969,2026-08-18,星期二,板橋店,下午,陰,,美式咖啡,咖啡,2,70,140.0
A22700,2026-08-15,星期六,板橋店,下午,晴,M1922,拿鐵,咖啡,1,90,90.0
A23688,2026-08-28,星期五,信義店,早上,晴,,拿鐵,咖啡,1,90,90.0
A22328,2026-08-11,星期二,板橋店,早上,雨,M1437,抹茶拿鐵,茶飲,2,100,200.0
A22704,2026-08-15,星期六,板橋店,下午,晴,M0472,抹茶拿鐵,茶飲,1,100,100.0
A21647,2026-08-02,星期日,中壢店,晚上,陰,M0078,拿鐵,咖啡,1,90,90.0
A23180,2026-08-21,星期五,板橋店,早上,陰,M1480,紅茶,茶飲,3,50,150.0
A23546,2026-08-26,星期三,信義店,早上,陰,M1057,拿鐵,咖啡,1,90,90.0
A23424,2026-08-24,星期一,信義店,早上,晴,,拿鐵,咖啡,1,90,90.0
A23721,2026-08-28,星期五,板橋店,晚上,晴,M0108,肉桂捲,烘焙,3,85,255.0
A22428,2026-08-12,星期三,中壢店,早上,陰,,卡布奇諾,咖啡,3,95,285.0
A22635,2026-08-15,星期六,信義店,晚上,晴,M0414,美式咖啡,咖啡,1,70,70.0
A22497,2026-08-13,星期四,中壢店,下午,晴,M0145,肉桂捲,烘焙,1,85,85.0
A21831,2026-08-05,星期三,中壢店,下午,雨,M0233,拿鐵,咖啡,8,90,720.0
A23356,2026-08-22,星期六,中壢店,早上,晴,M1071,拿鐵,咖啡,1,90,90.0
X0016,2026-08-19,星期三,信義店,早上,晴,,美式咖啡,咖啡,-2,70,-140.0
A23405,2026-08-23,星期日,中壢店,下午,雨,,紅茶,茶飲,1,50,50.0
A22329,2026-08-11,星期二,板橋店,早上,雨,,紅茶,茶飲,2,50,100.0
A23154,2026-08-21,星期五,信義店,下午,陰,,抹茶拿鐵,茶飲,2,100,200.0
A22502,2026-08-13,星期四,中壢店,下午,晴,,紅茶,茶飲,1,50,50.0
A22998,2026-08-19,星期三,信義店,晚上,晴,,美式咖啡,咖啡,2,70,140.0
A21527,2026-08-01,星期六,板橋店,早上,雨,,拿鐵,咖啡,2,90,180.0
A23663,2026-08-28,星期五,信義店,下午,晴,M1976,拿鐵,咖啡,1,90,90.0
A21912,2026-08-06,星期四,中壢店,早上,陰,M0715,紅茶,茶飲,1,50,50.0
A21891,2026/08/06,星期四,板橋店,晚上,陰,M1390,拿鐵,咖啡,2,90,180.0
A23038,2026-08-19,星期三,板橋,早上,晴,,紅茶,茶飲,3,50,150.0
A23081,2026-08-20,星期四,信義店,下午,晴,M1572,紅茶,茶飲,1,50,50.0
A23508,2026-08-25,星期二,中壢店,下午,雨,,肉桂捲,烘焙,2,85,170.0
A23703,2026-08-28,星期五,板橋店,下午,晴,M1998,可頌,烘焙,1,60,60.0
A24006,2026-08-31,星期一,板橋店,早上,晴,,起司蛋糕,烘焙,1,120,120.0
A22771,2026-08-16,星期日,信義店,早上,陰,M1859,卡布奇諾,咖啡,2,95,190.0
A22690,2026-08-15,星期六,板橋店,早上,晴,,卡布奇諾,咖啡,2,95,190.0
A21511,2026-08-01,星期六,板橋店,晚上,雨,M0280,美式咖啡,咖啡,2,70,140.0
A22591,2026-08-14,星期五,中壢店,早上,晴,M0388,肉桂捲,烘焙,1,85,85.0
A23526,2026-08-26,星期三,信義店,早上,陰,M0059,起司蛋糕,烘焙,2,120,240.0
A22377,2026-08-12,星期三,信義店,下午,陰,M1875,卡布奇諾,咖啡,1,95,95.0
A23450,2026-08-24,星期一,板橋店,晚上,晴,M0457,紅茶,茶飲,3,50,150.0
A22095,2026-08-09,星期日,信義店,晚上,晴,M0176,美式咖啡,咖啡,2,70,140.0
A23924,2026-08-30,星期日,板橋店,晚上,晴,M0210,美式咖啡,咖啡,2,70,140.0
A24011,2026/08/31,星期一,板橋店,下午,晴,M1612,拿鐵,咖啡,1,90,90.0
A23240,20260821,星期五,中壢店,早上,陰,M0151,肉桂捲,烘焙,1,85,85.0
A21777,2026-08-04,星期二,中壢店,早上,雨,M0616,肉桂捲,烘焙,1,85,85.0
A23030,2026-08-19,星期三,板橋店,下午,晴,,抹茶拿鐵,茶飲,1,100,100.0
A22317,2026-08-11,星期二,信義店,下午,雨,,拿鐵,咖啡,2,90,180.0
A22746,2026-08-15,星期六,中壢店,早上,晴,M0220,可頌,烘焙,2,60,120.0
A22116,2026-08-09,星期日,信義店,早上,晴,,紅茶,茶飲,1,50,50.0
A21882,2026-08-06,星期四,板橋店,晚上,陰,M1121,肉桂捲,烘焙,2,85,170.0
A21877,2026-08-06,星期四,板橋店,早上,陰,,美式咖啡,咖啡,1,70,
A23513,2026-08-25,星期二,中壢店,早上,雨,,可頌,烘焙,3,60,180.0
A23731,2026-08-28,星期五,中壢店,下午,晴,,卡布奇諾,咖啡,1,95,95.0
A22510,2026-08-13,星期四,中壢店,早上,晴,M0139,可頌,烘焙,2,60,120.0
A22324,2026-08-11,星期二,信義店,下午,雨,M0856,美式咖啡,咖啡,1,70,70.0
A22491,2026-08-13,星期四,板橋店,早上,晴,M1329,抹茶拿鐵,茶飲,2,100,200.0
A23228,2026-08-21,星期五,中壢店,早上,陰,,美式咖啡,咖啡,1,70,70.0
A22617,2026-08-14,星期五,中壢店,下午,晴,M0200,拿鐵,咖啡,1,90,90.0
A22393,2026-08-12,星期三,板橋店,早上,陰,M1729,抹茶拿鐵,茶飲,2,100,200.0
A21993,2026-08-07,星期五,板橋店,下午,晴,M0105,紅茶,茶飲,1,50,50.0
A23491,2026-08-25,星期二,板橋店,早上,雨,M1563,紅茶,茶飲,3,50,150.0
A22114,2026-08-09,星期日,信義店,晚上,晴,,美式咖啡,咖啡,2,70,140.0
A22973,2026-08-18,星期二,板橋店,下午,陰,M1205,可頌,烘焙,1,60,60.0
A22012,2026-08-07,星期五,中壢店,下午,晴,M0721,起司蛋糕,烘焙,1,120,120.0
A22090,2026-08-08,星期六,中壢店,晚上,雨,,拿鐵,咖啡,1,90,90.0
A23718,2026-08-28,星期五,板橋店,早上,晴,,抹茶拿鐵,茶飲,1,100,100.0
A23127,2026-08-20,星期四,中壢店,下午,晴,M0055,美式咖啡,咖啡,2,70,140.0
A23058,20260819,星期三,中壢店,下午,晴,,起司蛋糕,烘焙,2,120,240.0
A21977,2026-08-07,星期五,板橋店,早上,晴,M0802,美式咖啡,咖啡,1,70,70.0
A22568,2026/08/14,星期五,板橋店,下午,晴,M0917,拿鐵,咖啡,1,90,90.0
A21555,2026-08-01,星期六,中壢店,下午,雨,M1026,拿鐵,咖啡,2,90,180.0
A21897,2026-08-06,星期四,中壢店,早上,陰,M0253,抹茶拿鐵,茶飲,1,100,100.0
A22270,20260810,星期一,板橋店,下午,晴,M0512,卡布奇諾,咖啡,3,95,285.0
A22211,2026-08-09,星期日,中壢店,早上,晴,,紅茶,茶飲,1,50,50.0
A21526,2026-08-01,星期六,板橋店,下午,雨,,拿鐵,咖啡,3,90,270.0
A23148,2026-08-21,星期五,信義店,下午,陰,,肉桂捲,烘焙,1,85,85.0
A23921,2026-08-30,星期日,板橋店,下午,晴,M1098,肉桂捲,烘焙,1,85,85.0
A22758,2026-08-15,星期六,中壢店,下午,晴,M0697,紅茶,茶飲,2,50,100.0
A21505,2026-08-01,星期六,信義店,下午,雨,M0118,拿鐵,咖啡,1,90,90.0
A21616,2026-08-02,星期日,板橋店,晚上,陰,M1681,抹茶拿鐵,茶飲,3,100,300.0
A23404,2026-08-23,星期日,中壢店,下午,雨,M1026,卡布奇諾,咖啡,3,95,285.0
A22855,2026-08-16,星期日,中壢店,下午,陰,M1517,抹茶拿鐵,茶飲,1,100,100.0
A23778,20260829,星期六,信義店,早上,陰,,美式咖啡,咖啡,1,70,70.0
A23763,2026-08-29,星期六,信義店,下午,陰,M1450,起司蛋糕,烘焙,2,120,240.0
A23993,2026-08-31,星期一,信義店,下午,晴,M0985,肉桂捲,烘焙,1,85,85.0
A22241,2026-08-10,星期一,信義店,早上,晴,M1443,美式咖啡,咖啡,1,70,70.0
A23622,2026-08-27,星期四,板橋店,下午,晴,M1619,紅茶,茶飲,1,50,50.0
A22421,2026-08-12,星期三,中壢店,下午,陰,M1660,紅茶,茶飲,1,50,50.0
A22466,2026-08-13,星期四,板橋店,晚上,晴,M0396,拿鐵,咖啡,1,90,90.0
A23897,2026/08/30,星期日,板橋店,下午,晴,,肉桂捲,烘焙,1,85,85.0
A23503,2026-08-25,星期二,板橋店,下午,雨,M0772,拿鐵,咖啡,8,90,720.0
A23564,2026-08-26,星期三,中壢店,下午,陰,M1770,美式咖啡,咖啡,3,70,210.0
A23683,2026-08-28,星期五,信義店,早上,晴,M1752,卡布奇諾,咖啡,2,95,
A21670,2026-08-03,星期一,信義店,下午,晴,,拿鐵,咖啡,3,90,
A22732,2026-08-15,星期六, 板橋店,下午,晴,,紅茶,茶飲,1,50,50.0
A21979,2026-08-07,星期五,板橋店,下午,晴,M1641,紅茶,茶飲,1,50,50.0
A22160,2026-08-09,星期日,板橋店,早上,晴,,起司蛋糕,烘焙,1,120,120.0
A22325,2026-08-11,星期二,信義店,早上,雨,M1251,卡布奇諾,咖啡,1,95,95.0
A22053,2026-08-08,星期六,板橋店,早上,雨,M0901,卡布奇諾,咖啡,2,95,190.0
A22009,2026-08-07,星期五,中壢店,下午,晴,,美式咖啡,咖啡,1,70,70.0
A23460,2026/08/24,星期一,中壢店,晚上,晴,M0528,可頌,烘焙,3,60,180.0
A23468,2026-08-24,星期一, 中壢店,下午,晴,M1285,美式咖啡,咖啡,1,70,70.0
A22608,2026-08-14,星期五,中壢店,下午,晴,,美式咖啡,咖啡,1,70,70.0
A21716,2026-08-03,星期一,中壢店,下午,晴,,起司蛋糕,烘焙,3,120,360.0
A23085,2026-08-20,星期四,信義店,早上,晴,M1399,可頌,烘焙,1,60,60.0
A23584,2026/08/27,星期四,信義店,下午,晴,,紅茶,茶飲,1,50,50.0
A22614,2026/08/14,星期五,中壢店,下午,晴,M0523,拿鐵,咖啡,3,90,270.0
A21591,2026-08-02,星期日,信義店,早上,陰,,美式咖啡,咖啡,2,70,140.0
A22579,2026-08-14,星期五,板橋店,早上,晴,M0673,可頌,烘焙,1,60,60.0
A22007,2026/08/07,星期五,中壢店,晚上,晴,M0165,拿鐵,咖啡,1,90,90.0
A23577,2026-08-26,星期三,中壢店,早上,陰,M0183,卡布奇諾,咖啡,3,95,285.0
A24014,2026-08-31,星期一,板橋店,早上,晴,,抹茶拿鐵,茶飲,2,100,200.0
A23489,2026-08-25,星期二,板橋店,早上,雨,M1485,美式咖啡,咖啡,1,70,70.0
A23877,2026-08-30,星期日,信義店,晚上,晴,M1825,抹茶拿鐵,茶飲,1,100,100.0
A23950,2026-08-30,星期日,中壢店,晚上,晴,M0335,紅茶,茶飲,2,50,100.0
A22847,2026-08-16,星期日,板橋店 ,下午,陰,,拿鐵,咖啡,3,90,270.0
A23987,2026-08-31,星期一,信義店 ,下午,晴,,拿鐵,咖啡,2,90,180.0
A24000,2026-08-31,星期一,信義店,早上,晴,M1049,紅茶,茶飲,1,50,50.0
A22357,2026-08-12,星期三,信義店,早上,陰,M1586,起司蛋糕,烘焙,3,120,360.0
A21691,2026-08-03,星期一,板橋店,晚上,晴,M1843,可頌,烘焙,1,60,60.0
A22903,2026-08-17,星期一,板橋店,早上,晴,M1992,抹茶拿鐵,茶飲,2,100,200.0
A22559,2026-08-14,星期五,信義店,晚上,晴,,卡布奇諾,咖啡,2,95,190.0
A23620,2026-08-27,星期四,板橋店,早上,晴,,拿鐵,咖啡,2,90,180.0
A23099,2026-08-20,星期四,板橋店,下午,晴,,紅茶,茶飲,3,50,150.0
A22441,2026-08-13,星期四,信義店,晚上,晴,,起司蛋糕,烘焙,1,120,120.0
A23519,2026/08/26,星期三,信義店,晚上,陰,M1982,拿鐵,咖啡,1,90,90.0
A21923,2026-08-07,星期五,信義店,下午,晴,M1368,卡布奇諾,咖啡,2,95,190.0
A21946,2026-08-07,星期五,信義店,下午,晴,,起司蛋糕,烘焙,3,120,360.0
A24043,2026-08-31,星期一,中壢,下午,晴,M0440,拿鐵,咖啡,1,90,90.0
A22276,2026/08/10,星期一,板橋店,早上,晴,M1694,美式咖啡,咖啡,2,70,140.0
A23893,2026-08-30,星期日,板橋店,下午,晴,M1465,拿鐵,咖啡,1,90,90.0
A23673,2026-08-28,星期五,信義店,晚上,晴,M0170,拿鐵,咖啡,1,90,90.0
A21674,2026/08/03,星期一,信義店,早上,晴,M1111,可頌,烘焙,1,60,60.0
A22449,2026-08-13,星期四,信義店,早上,晴,M1185,卡布奇諾,咖啡,1,95,95.0
A21748,2026-08-04,星期二,信義店,早上,雨,,美式咖啡,咖啡,3,70,210.0
A21612,2026-08-02,星期日,板橋店,下午,陰,,可頌,烘焙,3,60,180.0
A23864,2026-08-30,星期日,信義店,早上,晴,M0721,拿鐵,咖啡,1,90,90.0
A21903,2026-08-06,星期四,中壢店,早上,陰,,拿鐵,咖啡,1,90,90.0
A22459,2026-08-13,星期四,信義店,早上,晴,,抹茶拿鐵,茶飲,1,100,100.0
A21879,2026-08-06,星期四,板橋店,早上,陰,M0650,可頌,烘焙,1,60,60.0
A23309,2026-08-22,星期六,板橋店,早上,晴,,起司蛋糕,烘焙,1,120,120.0
A23250,2026-08-22,星期六,信義店,早上,晴,M1193,起司蛋糕,烘焙,1,120,120.0
A21976,2026-08-07,星期五,板橋店,早上,晴,,肉桂捲,烘焙,1,85,85.0
A23180,2026-08-21,星期五,板橋店,早上,陰,M1480,紅茶,茶飲,3,50,150.0
A23057,2026-08-19,星期三,中壢店,下午,晴,M0635,卡布奇諾,咖啡,8,95,760.0
A23780,2026-08-29,星期六,信義店,下午,陰,M1024,肉桂捲,烘焙,1,85,85.0
A22093,2026-08-09,星期日,信義店,下午,晴,M1251,拿鐵,咖啡,1,90,90.0
A21630,2026-08-02,星期日,中壢店,晚上,陰,M1959,卡布奇諾,咖啡,2,95,190.0
A23061,2026-08-19,星期三,中壢店　,早上,晴,,卡布奇諾,咖啡,2,95,190.0
A21986,2026-08-07,星期五,板橋店,下午,晴,M1726,拿鐵,咖啡,1,90,90.0
A23376,2026-08-23,星期日,信義店,早上,雨,M1769,可頌,烘焙,2,60,120.0
A22298,2026-08-10,星期一,中壢店,早上,晴,M0855,起司蛋糕,烘焙,3,120,360.0
A22010,20260807,星期五,中壢店,晚上,晴,M1113,紅茶,茶飲,1,50,50.0
A22531,20260814,星期五,信義店,早上,晴,M1316,拿鐵,咖啡,1,90,90.0
A23699,2026-08-28,星期五,板橋店,下午,晴,M1236,卡布奇諾,咖啡,3,95,285.0
A21902,2026-08-06,星期四,中壢店,下午,陰,,可頌,烘焙,1,60,60.0
A23690,2026-08-28,星期五,信義店,晚上,晴,,美式咖啡,咖啡,1,70,70.0
A23224,2026/08/21,星期五,中壢店,晚上,陰,M1794,美式咖啡,咖啡,1,70,70.0
A22994,2026-08-18,星期二,中壢店,早上,陰,M0883,拿鐵,咖啡,1,90,90.0
A21531,2026-08-01,星期六,板橋店,早上,雨,M1029,可頌,烘焙,1,60,60.0
A23411,2026-08-23,星期日,中壢店,下午,雨,,拿鐵,咖啡,1,90,90.0
A24007,2026-08-31,星期一,板橋店,下午,晴,M0981,拿鐵,咖啡,1,90,90.0
A23586,2026-08-27,星期四,信義店,早上,晴,M1794,美式咖啡,咖啡,1,70,70.0
A22745,2026-08-15,星期六,中壢店,下午,晴,M0199,紅茶,茶飲,1,50,50.0
A21572,2026-08-02,星期日,信義店,下午,陰,,肉桂捲,烘焙,2,85,
A22760,2026-08-15,星期六,中壢店,早上,晴,M0937,美式咖啡,咖啡,1,70,70.0
A23209,2026-08-21,星期五,板橋店,下午,陰,,美式咖啡,咖啡,3,70,210.0
A23251,2026-08-22,星期六,信義店,下午,晴,,拿鐵,咖啡,1,90,90.0
A23870,2026-08-30,星期日,信義店,下午,晴,,抹茶拿鐵,茶飲,1,100,100.0
A21906,2026-08-06,星期四,中壢店,晚上,陰,M0630,紅茶,茶飲,1,50,50.0
A22147,2026-08-09,星期日,信義店,早上,晴,,美式咖啡,咖啡,2,70,
A23131,2026-08-20,星期四,中壢店,下午,晴,,起司蛋糕,烘焙,1,120,120.0
A21827,2026-08-05,星期三,中壢店,早上,雨,,起司蛋糕,烘焙,1,120,120.0
A22632,2026-08-15,星期六,信義店,早上,晴,M1128,起司蛋糕,烘焙,3,120,360.0
A23999,2026-08-31,星期一,信義店,晚上,晴,,拿鐵,咖啡,1,90,90.0
A22193,20260809,星期日,板橋店,早上,晴,,起司蛋糕,烘焙,1,120,120.0
A23947,2026-08-30,星期日,中壢店,晚上,晴,M1793,起司蛋糕,烘焙,3,120,360.0
A21754,2026-08-04,星期二,板橋店,早上,雨,M0806,美式咖啡,咖啡,2,70,140.0
A22085,2026-08-08,星期六,中壢店,早上,雨,M0338,拿鐵,咖啡,2,90,180.0
A22307,2026-08-10,星期一,中壢店,早上,晴,M0901,可頌,烘焙,2,60,120.0
A22225,2026-08-09,星期日,中壢店,下午,晴,,可頌,烘焙,3,60,180.0
A21771,2026-08-04,星期二,中壢店,晚上,雨,M1135,美式咖啡,咖啡,2,70,140.0
X0017,2026-08-03,星期一,板橋店,晚上,晴,,紅茶,茶飲,0,50,0.0
A22515,2026-08-14,星期五,信義店,早上,晴,,抹茶拿鐵,茶飲,2,100,200.0
A22477,2026/08/13,星期四,板橋店,下午,晴,M0837,美式咖啡,咖啡,2,70,140.0
A21779,2026-08-04,星期二,中壢店,早上,雨,,可頌,烘焙,1,60,60.0
A22249,2026-08-10,星期一,信義店,晚上,晴,,起司蛋糕,烘焙,1,120,120.0
A23925,2026-08-30,星期日,板橋店,下午,晴,M0182,美式咖啡,咖啡,3,70,210.0
A22309,2026-08-10,星期一,中壢店,晚上,晴,M1411,紅茶,茶飲,3,50,150.0
A21681,2026-08-03,星期一,信義店,下午,晴,M0264,拿鐵,咖啡,2,90,180.0
A22836,2026-08-16,星期日,板橋店,下午,陰,M1458,美式咖啡,咖啡,2,70,140.0
A23013,2026-08-19,星期三,信義店,下午,晴,,拿鐵,咖啡,1,90,90.0
A23314,2026-08-22,星期六,板橋店,下午,晴,M0137,美式咖啡,咖啡,1,70,70.0
A21829,2026-08-05,星期三,中壢店,早上,雨,M1493,起司蛋糕,烘焙,8,120,960.0
A21680,2026-08-03,星期一,信義店,早上,晴,M0314,拿鐵,咖啡,1,90,90.0
A23710,2026-08-28,星期五,板橋店,下午,晴,M0765,卡布奇諾,咖啡,3,95,285.0
A22921,2026-08-17,星期一,板橋店,早上,晴,,起司蛋糕,烘焙,1,120,120.0
A23578,2026-08-26,星期三,中壢店,早上,陰,M0825,紅茶,茶飲,3,50,150.0
A23087,2026-08-20,星期四,信義店,早上,晴,M1765,美式咖啡,咖啡,1,70,70.0
A22233,2026/08/09,星期日,中壢店,晚上,晴,M0865,美式咖啡,咖啡,1,70,70.0
A23361,20260823,星期日,信義店,早上,雨,,肉桂捲,烘焙,2,85,170.0
A23700,2026-08-28,星期五,板橋店,晚上,晴,M0470,美式咖啡,咖啡,2,70,140.0
A22342,20260811,星期二,板橋店,晚上,雨,,美式咖啡,咖啡,1,70,70.0
A23579,2026-08-26,星期三,中壢店　,早上,陰,,拿鐵,咖啡,1,90,90.0
A21547,2026-08-01,星期六,中壢店,晚上,雨,,起司蛋糕,烘焙,1,120,120.0
A23505,2026-08-25,星期二,板橋店,晚上,雨,M0157,美式咖啡,咖啡,1,70,70.0
A22747,2026-08-15,星期六,中壢店,早上,晴,,紅茶,茶飲,1,50,50.0
A22285,20260810,星期一,板橋店,下午,晴,,紅茶,茶飲,3,50,150.0
A22473,2026-08-13,星期四,板橋店,下午,晴,M1737,拿鐵,咖啡,2,90,180.0
A22508,2026-08-13,星期四,中壢店,晚上,晴,,紅茶,茶飲,1,50,50.0
A22692,2026-08-15,星期六,板橋店,下午,晴,,可頌,烘焙,3,60,180.0
X0007,2026-08-03,星期一,板橋店,下午,晴,,拿鐵,咖啡,0,90,0.0
A21852,2026-08-06,星期四,信義店,晚上,陰,M0198,卡布奇諾,咖啡,1,95,95.0
A22005,2026-08-07,星期五,中壢店,早上,晴,,卡布奇諾,咖啡,1,95,95.0
A22157,2026/08/09,星期日,板橋店,下午,晴,M1179,起司蛋糕,烘焙,10,120,1200.0
A22221,2026-08-09,星期日,中壢店,早上,晴,M1741,抹茶拿鐵,茶飲,1,100,100.0
A23017,2026-08-19,星期三,信義店,下午,晴,M0218,拿鐵,咖啡,1,90,90.0
A23802,2026-08-29,星期六,板橋店,下午,陰,M1646,拿鐵,咖啡,3,90,270.0
A22717,2026-08-15,星期六,板橋店,晚上,晴,,可頌,烘焙,1,60,60.0
A23753,2026-08-28,星期五,中壢店,早上,晴,,紅茶,茶飲,1,50,50.0
A22220,2026-08-09,星期日,中壢店,早上,晴,M1072,美式咖啡,咖啡,3,70,210.0
A23201,2026/08/21,星期五,板橋店,早上,陰,M0985,起司蛋糕,烘焙,1,120,120.0
A21683,2026-08-03,星期一,板橋店,早上,晴,M1270,拿鐵,咖啡,1,90,90.0
A22918,2026-08-17,星期一,板橋店,早上,晴,,肉桂捲,烘焙,2,85,170.0
A22006,2026-08-07,星期五,中壢店,下午,晴,,抹茶拿鐵,茶飲,1,100,100.0
A22857,2026-08-16,星期日,中壢店,晚上,陰,M0353,紅茶,茶飲,1,50,50.0
A22086,2026-08-08,星期六,中壢店,早上,雨,,美式咖啡,咖啡,2,70,140.0
A22607,2026-08-14,星期五,中壢店,下午,晴,M1886,卡布奇諾,咖啡,1,9500,9500.0
A21845,2026-08-06,星期四,信義店,早上,陰,M1236,紅茶,茶飲,1,50,50.0
A21499,2026-08-01,星期六,信義店,早上,雨,,美式咖啡,咖啡,3,70,210.0
A22354,2026-08-11,星期二,中壢店,晚上,雨,M1892,肉桂捲,烘焙,2,85,170.0
A23500,2026-08-25,星期二,板橋店,下午,雨,M0165,起司蛋糕,烘焙,2,120,240.0
A23318,2026-08-22,星期六,板橋店,早上,晴,M0099,卡布奇諾,咖啡,1,95,95.0
A23400,2026-08-23,星期日,中壢店,下午,雨,M0151,美式咖啡,咖啡,3,70,210.0
A22243,2026-08-10,星期一,信義店,晚上,晴,M0122,美式咖啡,咖啡,2,70,140.0
A22168,2026-08-09,星期日,板橋店,早上,晴,,拿鐵,咖啡,1,90,90.0
A23719,2026/08/28,星期五,板橋店,下午,晴,M1961,美式咖啡,咖啡,1,70,70.0
A23810,2026-08-29,星期六,板橋店,晚上,陰,,美式咖啡,咖啡,1,70,70.0
A21800,2026-08-05,星期三,信義店,下午,雨,M0880,肉桂捲,烘焙,2,85,170.0
A21989,2026-08-07,星期五,板橋店,下午,晴,,可頌,烘焙,1,60,60.0
A23664,2026-08-28,星期五,信義店,早上,晴,M1048,美式咖啡,咖啡,2,70,140.0
A23402,2026-08-23,星期日,中壢店,下午,雨,,美式咖啡,咖啡,1,70,70.0
A22351,2026-08-11,星期二,中壢店,晚上,雨,,美式咖啡,咖啡,2,70,140.0
A24012,2026-08-31,星期一,板橋店,下午,晴,,卡布奇諾,咖啡,3,95,285.0
A23222,2026-08-21,星期五,中壢店,下午,陰,M0151,拿鐵,咖啡,1,90,90.0
A21894,2026-08-06,星期四,中壢店,下午,陰,,抹茶拿鐵,茶飲,1,100,100.0
A23315,2026-08-22,星期六,板橋店,下午,晴,M1949,肉桂捲,烘焙,1,85,85.0
A23383,2026-08-23,星期日,板橋店,早上,雨,M0882,美式咖啡,咖啡,2,70,140.0
A23889,2026-08-30,星期日,板橋店,早上,晴,M1884,美式咖啡,咖啡,1,70,70.0
A23577,2026-08-26,星期三,中壢店,早上,陰,M0183,卡布奇諾,咖啡,3,95,285.0
A21732,2026-08-04,星期二,信義店,早上,雨,M1526,可頌,烘焙,1,60,60.0
A21975,2026-08-07,星期五,板橋店,早上,晴,M0247,美式咖啡,咖啡,1,70,70.0
A23708,2026-08-28,星期五,板橋店,下午,晴,M1625,紅茶,茶飲,3,50,150.0
A23632,2026-08-27,星期四,板橋店,下午,晴,,可頌,烘焙,2,60,120.0
A21819,2026-08-05,星期三,中壢店,早上,雨,,美式咖啡,咖啡,1,70,70.0
A22216,2026-08-09,星期日,中壢店,下午,晴,M0926,拿鐵,咖啡,3,90,270.0
A21738,2026-08-04,星期二,信義店,晚上,雨,,拿鐵,咖啡,1,90,90.0
A22215,2026-08-09,星期日,中壢店,早上,晴,M0879,拿鐵,咖啡,3,90,270.0
A23568,2026-08-26,星期三,中壢店,晚上,陰,,起司蛋糕,烘焙,1,120,120.0
A23563,2026-08-26,星期三,板橋店,下午,陰,M0983,拿鐵,咖啡,3,90,270.0
A23045,2026-08-19,星期三,板橋店,早上,晴,M0223,美式咖啡,咖啡,3,70,210.0
A23048,2026-08-19,星期三,板橋店,下午,晴,M0043,卡布奇諾,咖啡,1,95,95.0
A23363,20260823,星期日,信義店,晚上,雨,,美式咖啡,咖啡,1,70,70.0
A21540,2026/08/01,星期六,板橋店,早上,雨,M1260,紅茶,茶飲,3,50,150.0
A23662,2026-08-28,星期五,信義店,早上,晴,,抹茶拿鐵,茶飲,2,100,200.0
A23887,2026-08-30,星期日,信義店,下午,晴,,美式咖啡,咖啡,2,70,140.0
A23462,2026-08-24,星期一,中壢店,下午,晴,M0090,拿鐵,咖啡,1,90,90.0
A21795,2026-08-05,星期三,信義店,晚上,雨,M0545,肉桂捲,烘焙,3,85,255.0
A22471,2026-08-13,星期四,板橋店,晚上,晴,M1097,卡布奇諾,咖啡,3,95,285.0
A22071,2026-08-08,星期六,板橋店,早上,雨,,美式咖啡,咖啡,2,70,140.0
A22565,2026-08-14,星期五,板橋店,下午,晴,,拿鐵,咖啡,1,90,90.0
A21755,2026-08-04,星期二, 板橋店,早上,雨,M0155,紅茶,茶飲,3,50,150.0
A23643,20260827,星期四,中壢店,早上,晴,M1493,抹茶拿鐵,茶飲,1,100,100.0
A23447,2026-08-24,星期一,板橋店,晚上,晴,,拿鐵,咖啡,1,90,90.0
A22360,2026-08-12,星期三,信義店,下午,陰,M1844,美式咖啡,咖啡,1,70,70.0
A23512,2026-08-25,星期二,中壢店,下午,雨,M1955,抹茶拿鐵,茶飲,1,100,100.0
A23018,2026-08-19,星期三,信義店,早上,晴,M0671,抹茶拿鐵,茶飲,1,100,100.0
A21974,2026-08-07,星期五,板橋,下午,晴,M1354,拿鐵,咖啡,1,90,90.0
A22924,2026-08-17,星期一,中壢,早上,晴,,卡布奇諾,咖啡,1,95,95.0
A22115,2026-08-09,星期日,信義店,下午,晴,,美式咖啡,咖啡,3,70,210.0
A23327,2026-08-22,星期六,中壢店,早上,晴,M0569,肉桂捲,烘焙,1,85,
A23330,2026-08-22,星期六,中壢店,下午,晴,M0784,紅茶,茶飲,3,50,150.0
A21796,2026-08-05,星期三,信義店,早上,雨,M0353,卡布奇諾,咖啡,1,95,95.0
A23431,2026-08-24,星期一,信義店,早上,晴,M1189,可頌,烘焙,1,60,60.0
A23387,2026-08-23,星期日,板橋店,下午,雨,M1001,肉桂捲,烘焙,1,85,85.0
A23106,2026-08-20,星期四,板橋店,早上,晴,,紅茶,茶飲,3,50,150.0
A23150,2026-08-21,星期五,信義店,下午,陰,M0004,卡布奇諾,咖啡,1,95,95.0
A22753,2026-08-15,星期六,中壢店,早上,晴,,拿鐵,咖啡,2,90,180.0
A21849,2026-08-06,星期四,信義店,下午,陰,M1384,抹茶拿鐵,茶飲,1,100,100.0
A22630,2026-08-15,星期六,信義店,下午,晴,M1944,卡布奇諾,咖啡,2,95,190.0
A22556,2026-08-14,星期五,信義店,下午,晴,,起司蛋糕,烘焙,1,120,120.0
A23439,2026-08-24,星期一,板橋店,早上,晴,M0837,抹茶拿鐵,茶飲,1,100,100.0
A22392,2026-08-12,星期三,板橋店,早上,陰,,美式咖啡,咖啡,1,70,70.0
A23093,2026-08-20,星期四,信義店,下午,晴,,美式咖啡,咖啡,2,70,140.0
A22154,2026-08-09,星期日,信義店,早上,晴,M1846,拿鐵,咖啡,2,90,180.0
A22257,2026-08-10,星期一,信義店,下午,晴,M0156,卡布奇諾,咖啡,2,95,190.0
A23089,2026-08-20,星期四,信義店,下午,晴,,起司蛋糕,烘焙,2,120,240.0
A23068,2026/08/19,星期三,中壢店,下午,晴,,紅茶,茶飲,1,50,50.0
A22616,2026/08/14,星期五,中壢店,晚上,晴,,紅茶,茶飲,1,50,50.0
A23685,2026-08-28,星期五, 信義店,下午,晴,M1091,可頌,烘焙,1,60,60.0
A23779,2026-08-29,星期六,信義店,下午,陰,,起司蛋糕,烘焙,3,120,360.0
A22442,2026-08-13,星期四,信義店,晚上,晴,,拿鐵,咖啡,1,90,90.0
A22443,2026-08-13,星期四,信義店,晚上,晴,M1143,拿鐵,咖啡,3,90,270.0
A22992,2026-08-18,星期二,中壢店,下午,陰,M1517,紅茶,茶飲,1,50,50.0
A21606,2026-08-02,星期日,板橋店,早上,陰,,拿鐵,咖啡,1,90,90.0
A23841,20260829,星期六,中壢店,早上,陰,M1417,卡布奇諾,咖啡,1,95,95.0
A22171,2026-08-09,星期日,板橋店,早上,晴,,起司蛋糕,烘焙,3,120,360.0
A22141,2026-08-09,星期日,信義店,下午,晴,M1858,紅茶,茶飲,1,50,50.0
A21982,2026-08-07,星期五,板橋店,早上,晴,M0716,紅茶,茶飲,3,50,150.0
A21687,2026-08-03,星期一,板橋店,下午,晴,M1272,卡布奇諾,咖啡,1,95,95.0
A23358,2026-08-23,星期日,信義店,早上,雨,,美式咖啡,咖啡,2,70,140.0
A23015,2026/08/19,星期三,信義店,晚上,晴,,卡布奇諾,咖啡,3,95,285.0
A21942,2026-08-07,星期五,信義店,下午,晴,M0692,卡布奇諾,咖啡,1,95,95.0
A22414,2026-08-12,星期三,板橋店,早上,陰,,拿鐵,咖啡,1,90,90.0
A22212,2026/08/09,星期日,中壢店,下午,晴,M0239,抹茶拿鐵,茶飲,1,100,100.0
A23111,2026-08-20,星期四,板橋店,下午,晴,M1825,拿鐵,咖啡,3,90,270.0
A21995,2026-08-07,星期五,板橋店,下午,晴,,紅茶,茶飲,3,50,150.0
A23524,2026-08-26,星期三,信義店,下午,陰,M0293,拿鐵,咖啡,2,90,180.0
A23729,2026-08-28,星期五,板橋店,下午,晴,,可頌,烘焙,2,60,120.0
A21948,2026-08-07,星期五,信義店,下午,晴,,美式咖啡,咖啡,3,70,210.0
A22986,2026-08-18,星期二,中壢店,早上,陰,,拿鐵,咖啡,2,90,180.0
A22054,2026-08-08,星期六,板橋店,下午,雨,M0343,紅茶,茶飲,3,50,150.0
A22955,2026-08-18,星期二,信義店,早上,陰,M0942,拿鐵,咖啡,1,90,90.0
A21823,2026-08-05,星期三,中壢店,早上,雨,M0017,卡布奇諾,咖啡,1,95,95.0
A22694,2026-08-15,星期六,板橋店,下午,晴,M1665,美式咖啡,咖啡,1,70,70.0
A22251,2026-08-10,星期一,信義店,下午,晴,,拿鐵,咖啡,2,90,180.0
A23437,2026-08-24,星期一,信義店,晚上,晴,,卡布奇諾,咖啡,3,95,285.0
A23844,2026-08-29,星期六,中壢店,早上,陰,,美式咖啡,咖啡,2,70,140.0
A23313,2026/08/22,星期六,板橋店,早上,晴,,卡布奇諾,咖啡,3,95,285.0
A22313,2026-08-11,星期二,信義店,晚上,雨,,拿鐵,咖啡,2,90,180.0
A21562,2026-08-01,星期六,中壢店,下午,雨,M1289,美式咖啡,咖啡,1,70,70.0
A22870,2026-08-16,星期日,中壢店,晚上,陰,M1599,抹茶拿鐵,茶飲,2,100,200.0
A21730,2026-08-04,星期二,信義店,下午,雨,M0231,拿鐵,咖啡,1,90,90.0
A23445,2026-08-24,星期一,板橋店,早上,晴,M0018,拿鐵,咖啡,1,90,90.0
A22566,2026-08-14,星期五,板橋店,下午,晴,M0986,起司蛋糕,烘焙,2,120,240.0
X0009,2026/08/26,星期三,中壢店,下午,陰,M1779,抹茶拿鐵,茶飲,-1,100,-100.0
A23050,2026-08-19,星期三,板橋店,下午,晴,,卡布奇諾,咖啡,2,95,190.0
A21491,2026-08-01,星期六,信義店,下午,雨,M0278,拿鐵,咖啡,3,90,270.0
A22165,2026-08-09,星期日,板橋店,早上,晴,M0409,卡布奇諾,咖啡,2,95,190.0
A23192,20260821,星期五,板橋店,下午,陰,,可頌,烘焙,1,60,60.0
A23641,2026-08-27,星期四,中壢店,晚上,晴,M0562,抹茶拿鐵,茶飲,1,100,100.0
A23748,2026-08-28,星期五,中壢店,下午,晴,,美式咖啡,咖啡,3,70,210.0
A24001,2026-08-31,星期一,信義店,早上,晴,M0023,紅茶,茶飲,1,50,50.0
A21773,2026-08-04,星期二,中壢店,早上,雨,M1294,抹茶拿鐵,茶飲,3,100,300.0
A23591,2026-08-27,星期四,信義店,下午,晴,M0832,美式咖啡,咖啡,1,70,70.0
A23515,2026/08/25,星期二,中壢店,早上,雨,M0913,美式咖啡,咖啡,1,70,70.0
A22818,2026-08-16,星期日,板橋店,下午,陰,,美式咖啡,咖啡,1,70,70.0
A24022,2026-08-31,星期一,板橋店,晚上,晴,M0618,肉桂捲,烘焙,3,85,255.0
A22725,2026-08-15,星期六,板橋店,晚上,晴,M1925,拿鐵,咖啡,1,90,90.0
A23750,2026/08/28,星期五,中壢店,早上,晴,M0062,抹茶拿鐵,茶飲,3,100,300.0
A22513,2026-08-13,星期四,中壢店,晚上,晴,M1262,拿鐵,咖啡,1,90,90.0
A23744,2026-08-28,星期五,中壢店,下午,晴,,抹茶拿鐵,茶飲,3,100,300.0
A23108,2026-08-20,星期四,板橋店,晚上,晴,,拿鐵,咖啡,2,90,180.0
A21910,2026/08/06,星期四,中壢店,下午,陰,,紅茶,茶飲,2,50,100.0
A23071,2026/08/19,星期三,中壢店,下午,晴,,抹茶拿鐵,茶飲,1,100,100.0
A23856,2026-08-29,星期六,中壢店,下午,陰,M0462,美式咖啡,咖啡,1,70,70.0
A23029,2026-08-19,星期三,信義店,早上,晴,M0065,卡布奇諾,咖啡,2,95,190.0
A21919,2026-08-06,星期四,中壢店,早上,陰,M1607,可頌,烘焙,3,60,180.0
A23789,2026-08-29,星期六,信義店,早上,陰,M1225,拿鐵,咖啡,3,90,270.0
A22484,2026-08-13,星期四,板橋店,下午,晴,,可頌,烘焙,3,60,180.0
A23084,2026/08/20,星期四,信義店,下午,晴,,抹茶拿鐵,茶飲,2,100,200.0
A23917,2026-08-30,星期日,板橋店,下午,晴,,拿鐵,咖啡,2,90,180.0
A23147,2026/08/21,星期五,信義店,早上,陰,,紅茶,茶飲,3,50,150.0
A22269,2026/08/10,星期一,板橋店,早上,晴,M0808,拿鐵,咖啡,1,90,90.0
A21581,2026-08-02,星期日,信義店,下午,陰,M0214,紅茶,茶飲,1,50,50.0
A23261,2026-08-22,星期六,信義店,下午,晴,M1994,紅茶,茶飲,1,50,50.0
A22778,2026-08-16,星期日,信義店,早上,陰,M0113,紅茶,茶飲,2,50,100.0
A23792,2026-08-29,星期六,信義店,下午,陰,M1620,卡布奇諾,咖啡,2,95,190.0
A23910,2026-08-30,星期日,板橋店,下午,晴,M0314,卡布奇諾,咖啡,1,95,95.0
A23529,2026-08-26,星期三,信義店,早上,陰,,拿鐵,咖啡,1,90,90.0
A23743,2026-08-28,星期五,中壢店,早上,晴,,抹茶拿鐵,茶飲,3,100,300.0
A22246,2026-08-10,星期一,信義店,下午,晴,M0503,拿鐵,咖啡,2,90,180.0
A21746,2026-08-04,星期二,信義店,下午,雨,,卡布奇諾,咖啡,1,95,95.0
A22489,2026-08-13,星期四,板橋店,晚上,晴,M0595,卡布奇諾,咖啡,1,95,95.0
A22900,2026-08-17,星期一,板橋店,下午,晴,M0650,拿鐵,咖啡,2,90,180.0
A22103,2026/08/09,星期日,信義店,下午,晴,M1262,拿鐵,咖啡,2,90,180.0
A23011,20260819,星期三,信義店,早上,晴,M0319,可頌,烘焙,3,60,180.0
A22031,2026-08-08,星期六,信義店,早上,雨,M0119,肉桂捲,烘焙,1,85,85.0
A22611,2026-08-14,星期五, 中壢店,早上,晴,M0780,美式咖啡,咖啡,1,70,70.0
A23880,20260830,星期日,信義店,下午,晴,,拿鐵,咖啡,2,90,180.0
A22569,2026-08-14,星期五,板橋店,早上,晴,M0227,起司蛋糕,烘焙,2,120,240.0
A22106,2026-08-09,星期日,信義店,晚上,晴,M0520,卡布奇諾,咖啡,1,95,95.0
A23286,2026/08/22,星期六,板橋店,早上,晴,M0996,抹茶拿鐵,茶飲,3,100,300.0
A23755,2026-08-29,星期六,信義店,下午,陰,,拿鐵,咖啡,3,90,270.0
A23117,2026-08-20,星期四,板橋店,下午,晴,M1986,美式咖啡,咖啡,1,70,70.0
A21723,2026-08-03,星期一,中壢店,晚上,晴,,美式咖啡,咖啡,1,70,70.0
A21848,2026-08-06,星期四,信義店,早上,陰,M0798,拿鐵,咖啡,1,90,90.0
A22817,2026-08-16,星期日,板橋店,晚上,陰,M1606,抹茶拿鐵,茶飲,1,100,100.0
A22230,2026/08/09,星期日,中壢店,下午,晴,M0547,可頌,烘焙,3,60,180.0
A23152,2026-08-21,星期五,信義店,晚上,陰,M0883,可頌,烘焙,1,60,60.0
A23109,2026-08-20,星期四,板橋店,下午,晴,M0239,抹茶拿鐵,茶飲,1,100,100.0
A23219,2026-08-21,星期五,中壢店,早上,陰,M0516,紅茶,茶飲,2,50,100.0
A21646,2026-08-02,星期日,中壢店,早上,陰,,紅茶,茶飲,2,50,100.0
A22182,2026-08-09,星期日,板橋店,早上,晴,M1174,拿鐵,咖啡,1,90,90.0
A22791,2026-08-16,星期日,信義店,下午,陰,,拿鐵,咖啡,3,90,270.0
A23040,2026-08-19,星期三,板橋店,早上,晴,M1731,拿鐵,咖啡,2,90,180.0
A23128,2026-08-20,星期四,中壢店,下午,晴,M1903,卡布奇諾,咖啡,2,95,190.0
A23355,2026-08-22,星期六,中壢店,晚上,晴,M1645,拿鐵,咖啡,1,90,90.0
X0006,2026-08-28,星期五,信義店,早上,晴,,美式咖啡,咖啡,0,70,0.0
A23091,2026-08-20,星期四,信義店,下午,晴,M0155,抹茶拿鐵,茶飲,2,100,200.0
A21953,2026-08-07,星期五,信義店,下午,晴,M1220,拿鐵,咖啡,1,90,90.0
A21658,2026-08-03,星期一,信義店,晚上,晴,M1910,拿鐵,咖啡,2,90,180.0
A23781,2026-08-29,星期六,信義店,下午,陰,M1328,紅茶,茶飲,3,50,150.0
A23922,2026-08-30,星期日,板橋店,早上,晴,,美式咖啡,咖啡,1,70,70.0
A22142,2026-08-09,星期日,信義店,早上,晴,M1726,起司蛋糕,烘焙,2,120,240.0
A23862,2026-08-30,星期日,信義店,早上,晴,,拿鐵,咖啡,1,90,90.0
A22395,2026-08-12,星期三,板橋店,早上,陰,,起司蛋糕,烘焙,1,120,120.0
A22610,2026-08-14,星期五,中壢店,早上,晴,,拿鐵,咖啡,1,90,90.0
A23012,2026/08/19,星期三,信義店,下午,晴,M1522,拿鐵,咖啡,1,90,90.0
A21583,2026-08-02,星期日,信義店,早上,陰,,美式咖啡,咖啡,1,70,70.0
A22808,2026/08/16,星期日,信義店,下午,陰,M0231,美式咖啡,咖啡,1,70,70.0
A23696,2026-08-28,星期五, 信義店,晚上,晴,M1702,拿鐵,咖啡,3,90,270.0
A23391,2026/08/23,星期日,板橋店,下午,雨,,美式咖啡,咖啡,2,70,140.0
A23267,2026/08/22,星期六,信義店,晚上,晴,M1605,拿鐵,咖啡,1,90,90.0
A23821,2026-08-29,星期六,板橋店,下午,陰,,抹茶拿鐵,茶飲,2,100,200.0
A22794,2026-08-16,星期日,信義店,下午,陰,,拿鐵,咖啡,1,90,90.0
A23740,2026-08-28,星期五,中壢店,早上,晴,,卡布奇諾,咖啡,2,95,190.0
A22411,2026-08-12,星期三,板橋店,早上,陰,M0759,拿鐵,咖啡,3,90,270.0
A21794,2026-08-05,星期三,信義店,下午,雨,,拿鐵,咖啡,2,90,180.0
A23318,2026-08-22,星期六,板橋店,早上,晴,M0099,卡布奇諾,咖啡,1,95,95.0
A21947,2026/08/07,星期五,信義店,下午,晴,M0085,美式咖啡,咖啡,1,70,70.0
A22185,2026-08-09,星期日,板橋店,下午,晴,M1811,紅茶,茶飲,2,50,100.0
A22227,2026-08-09,星期日,中壢店,下午,晴,M0268,拿鐵,咖啡,2,90,180.0
A23104,2026-08-20,星期四,板橋店,早上,晴,,美式咖啡,咖啡,2,70,140.0
A22773,2026-08-16,星期日,信義店,早上,陰,M1181,肉桂捲,烘焙,2,85,170.0
A23024,2026/08/19,星期三,信義店,早上,晴,M1282,卡布奇諾,咖啡,1,95,95.0
A22654,2026-08-15,星期六,信義店,下午,晴,M0889,卡布奇諾,咖啡,3,95,285.0
A21972,2026-08-07,星期五,板橋店,早上,晴,,拿鐵,咖啡,3,90,270.0
A23302,2026-08-22,星期六,板橋店,早上,晴,M1582,起司蛋糕,烘焙,3,120,360.0
A23322,2026-08-22,星期六,板橋店,晚上,晴,M0458,卡布奇諾,咖啡,1,95,95.0
A22287,2026-08-10,星期一,板橋店,早上,晴,,拿鐵,咖啡,1,90,90.0
A23138,2026-08-20,星期四,中壢店,早上,晴,,拿鐵,咖啡,4,90,360.0
A21844,20260806,星期四,信義店,早上,陰,M1236,抹茶拿鐵,茶飲,1,100,100.0
A22640,2026-08-15,星期六,信義店,下午,晴,M1325,美式咖啡,咖啡,1,70,70.0
A22644,2026/08/15,星期六,信義店,早上,晴,M0027,可頌,烘焙,1,60,60.0
A22089,2026-08-08,星期六,中壢店,早上,雨,M1819,抹茶拿鐵,茶飲,1,100,100.0
A21698,2026-08-03,星期一,板橋店,早上,晴,,可頌,烘焙,1,60,60.0
A22958,20260818,星期二,板橋店,下午,陰,M1623,拿鐵,咖啡,1,90,90.0
A21649,2026-08-02,星期日,中壢店,下午,陰,M0477,肉桂捲,烘焙,1,85,85.0
A23618,2026-08-27,星期四,信義店,下午,晴,M0994,拿鐵,咖啡,2,90,180.0
A24025,2026-08-31,星期一,板橋店,下午,晴,,抹茶拿鐵,茶飲,2,100,200.0
A22425,2026/08/12,星期三,中壢店,下午,陰,M1393,拿鐵,咖啡,1,90,90.0
A22788,2026-08-16,星期日,信義店,早上,陰,,紅茶,茶飲,2,50,100.0
A23262,2026-08-22,星期六,信義店,早上,晴,M0009,起司蛋糕,烘焙,2,120,240.0
A22691,2026-08-15,星期六,板橋店,下午,晴,,拿鐵,咖啡,1,90,90.0
A21804,2026-08-05,星期三,板橋店,下午,雨,,抹茶拿鐵,茶飲,1,100,100.0
A22970,2026-08-18,星期二,板橋店,早上,陰,M0619,紅茶,茶飲,1,50,50.0
A22825,2026-08-16,星期日,板橋店,晚上,陰,M0546,拿鐵,咖啡,1,90,90.0
A21542,2026-08-01,星期六,中壢店,早上,雨,,抹茶拿鐵,茶飲,1,100,100.0
A22951,2026/08/18,星期二,信義店,早上,陰,M1653,肉桂捲,烘焙,3,85,255.0
A22863,2026-08-16,星期日,中壢店,下午,陰,,紅茶,茶飲,1,50,50.0
A23608,2026-08-27,星期四,信義店,早上,晴,M0991,美式咖啡,咖啡,1,70,70.0
A22319,2026-08-11,星期二,信義店,晚上,雨,,卡布奇諾,咖啡,1,95,95.0
A22755,2026-08-15,星期六,中壢店,下午,晴,M0676,美式咖啡,咖啡,1,70,70.0
A21624,2026-08-02,星期日,板橋店,早上,陰,,拿鐵,咖啡,3,90,270.0
A23760,2026-08-29,星期六,信義店,下午,陰,M0956,拿鐵,咖啡,3,90,270.0
A22560,2026-08-14,星期五,板橋店,晚上,晴,,美式咖啡,咖啡,1,70,70.0
A23452,2026/08/24,星期一,板橋店,下午,晴,M1768,卡布奇諾,咖啡,2,95,190.0
A22066,2026-08-08,星期六,板橋,下午,雨,,肉桂捲,烘焙,1,85,85.0
A22756,2026-08-15,星期六,中壢店,晚上,晴,M0081,抹茶拿鐵,茶飲,2,100,200.0
A23567,2026/08/26,星期三,中壢店,下午,陰,M1779,抹茶拿鐵,茶飲,2,100,200.0
A21860,2026-08-06,星期四,信義店,下午,陰,M1817,拿鐵,咖啡,1,90,90.0
A23590,2026-08-27,星期四,信義店,晚上,晴,M1510,可頌,烘焙,1,60,60.0
A24004,2026-08-31,星期一,板橋店,下午,晴,,拿鐵,咖啡,3,90,270.0
A23695,2026-08-28,星期五,信義店,下午,晴,M1428,拿鐵,咖啡,2,90,180.0
A21567,2026-08-02,星期日,信義店,晚上,陰,,拿鐵,咖啡,1,90,90.0
A21985,2026-08-07,星期五,板橋店,早上,晴,M1372,卡布奇諾,咖啡,2,95,190.0
A23814,2026/08/29,星期六,板橋店,早上,陰,M1163,肉桂捲,烘焙,1,85,85.0
A23203,2026-08-21,星期五,板橋店,早上,陰,M1928,肉桂捲,烘焙,1,85,85.0
A22869,2026-08-16,星期日,中壢店,早上,陰,,美式咖啡,咖啡,2,70,
A22293,2026-08-10,星期一,中壢店,晚上,晴,M1177,拿鐵,咖啡,1,90,90.0
A21959,2026-08-07,星期五,信義店,晚上,晴,,拿鐵,咖啡,1,90,90.0
A21904,2026-08-06,星期四,中壢店,下午,陰,,肉桂捲,烘焙,1,85,85.0
A21577,2026/08/02,星期日,信義店,早上,陰,,拿鐵,咖啡,1,90,90.0
A22135,2026-08-09,星期日,信義店,下午,晴,M0233,拿鐵,咖啡,1,90,90.0
A21906,2026-08-06,星期四,中壢店,晚上,陰,M0630,紅茶,茶飲,1,50,50.0
A23521,2026-08-26,星期三,信義店,下午,陰,M1396,拿鐵,咖啡,1,90,90.0
A22976,2026-08-18,星期二,板橋店,早上,陰,M1796,可頌,烘焙,2,60,120.0
A22390,2026/08/12,星期三,信義店,下午,陰,M1348,卡布奇諾,咖啡,1,95,95.0
A23211,2026-08-21,星期五,板橋店,早上,陰,,拿鐵,咖啡,3,90,270.0
A23544,2026-08-26,星期三,信義店,早上,陰,,卡布奇諾,咖啡,2,95,190.0
A22594,2026-08-14,星期五,中壢店,早上,晴,M1904,抹茶拿鐵,茶飲,2,100,200.0
A21625,2026-08-02,星期日,板橋店,早上,陰,,拿鐵,咖啡,2,90,180.0
A23495,2026-08-25,星期二,板橋店,晚上,雨,M1877,肉桂捲,烘焙,1,85,85.0
A23020,2026-08-19,星期三,信義店,早上,晴,M0219,拿鐵,咖啡,1,90,90.0
A23489,2026-08-25,星期二,板橋店,早上,雨,M1485,美式咖啡,咖啡,1,70,70.0
A22786,2026-08-16,星期日,信義店,下午,陰,M1839,拿鐵,咖啡,2,90,180.0
A23783,2026/08/29,星期六,信義店,下午,陰,M1795,美式咖啡,咖啡,1,70,70.0
A23139,2026-08-20,星期四,中壢店,早上,晴,,可頌,烘焙,2,60,120.0
A23145,2026-08-21,星期五,信義店,下午,陰,M1720,美式咖啡,咖啡,2,70,140.0
A23915,2026-08-30,星期日,板橋店,下午,晴,,美式咖啡,咖啡,2,70,140.0
A22707,2026-08-15,星期六,板橋店,早上,晴,,拿鐵,咖啡,2,90,180.0
A23027,2026-08-19,星期三,信義店,早上,晴,,美式咖啡,咖啡,1,70,70.0
A22308,2026-08-10,星期一,中壢店,晚上,晴,,抹茶拿鐵,茶飲,2,100,200.0
A22077,2026-08-08,星期六,板橋店,早上,雨,M1898,紅茶,茶飲,1,50,50.0
A21631,2026-08-02,星期日,中壢店,早上,陰,,可頌,烘焙,1,60,60.0
A22167,2026-08-09,星期日,板橋店,晚上,晴,M1568,拿鐵,咖啡,2,90,180.0
A22460,2026-08-13,星期四,信義店,早上,晴,M0635,美式咖啡,咖啡,2,70,140.0
A22195,2026-08-09,星期日,板橋店,早上,晴,M0335,起司蛋糕,烘焙,3,120,360.0
A22810,2026-08-16,星期日,信義店,早上,陰,M1677,美式咖啡,咖啡,3,70,210.0
A21721,20260803,星期一,中壢店,下午,晴,,抹茶拿鐵,茶飲,2,100,200.0
A21582,2026-08-02,星期日,信義店,下午,陰,,拿鐵,咖啡,3,90,270.0
A23384,2026-08-23,星期日,板橋店,晚上,雨,M0880,拿鐵,咖啡,1,90,90.0
A23774,2026-08-29,星期六,信義店,下午,陰,,拿鐵,咖啡,1,90,90.0
A21769,2026-08-04,星期二,板橋店,早上,雨,M1331,肉桂捲,烘焙,3,85,255.0
A22674,2026-08-15,星期六,信義店,早上,晴,M0228,拿鐵,咖啡,1,90,90.0
A23263,2026-08-22,星期六,信義店,下午,晴,M0108,美式咖啡,咖啡,2,70,140.0
A21886,2026-08-06,星期四,板橋店,下午,陰,,紅茶,茶飲,2,50,100.0
A23663,2026-08-28,星期五,信義店,下午,晴,M1976,拿鐵,咖啡,1,90,90.0
A23581,2026/08/26,星期三,中壢店,晚上,陰,,拿鐵,咖啡,3,90,270.0
A23407,2026-08-23,星期日,中壢店,下午,雨,,拿鐵,咖啡,3,90,270.0
A21514,2026-08-01,星期六,板橋店,晚上,雨,M0679,拿鐵,咖啡,1,90,90.0
A23534,2026-08-26,星期三,信義店,早上,陰,M0829,紅茶,茶飲,2,50,100.0
A22094,2026-08-09,星期日, 信義店,下午,晴,M0055,拿鐵,咖啡,2,90,180.0
A23510,20260825,星期二,中壢店,早上,雨,M0438,紅茶,茶飲,1,50,50.0
A22408,2026-08-12,星期三,板橋店,早上,陰,,拿鐵,咖啡,1,90,90.0
A21566,2026/08/02,星期日,信義店,下午,陰,M1401,卡布奇諾,咖啡,1,95,95.0
A21605,20260802,星期日,板橋店,晚上,陰,,起司蛋糕,烘焙,3,120,360.0
A22985,2026/08/18,星期二,中壢店,早上,陰,M0016,美式咖啡,咖啡,1,70,70.0
A23494,2026-08-25,星期二,板橋店,早上,雨,M1519,美式咖啡,咖啡,1,70,70.0
A23409,2026-08-23,星期日,中壢店,下午,雨,M0336,抹茶拿鐵,茶飲,2,100,200.0
A21854,2026-08-06,星期四,信義店,下午,陰,M0612,拿鐵,咖啡,1,90,90.0
A23609,2026-08-27,星期四,信義店,下午,晴,M1351,拿鐵,咖啡,1,90,90.0
A22602,2026-08-14,星期五,中壢店,早上,晴,M0338,拿鐵,咖啡,1,90,90.0
A21535,2026/08/01,星期六,板橋店,晚上,雨,M1436,抹茶拿鐵,茶飲,1,100,100.0
A23208,2026-08-21,星期五,板橋店,下午,陰,,拿鐵,咖啡,2,90,180.0
A23258,2026-08-22,星期六,信義店,早上,晴,,拿鐵,咖啡,2,90,180.0
A23803,2026-08-29,星期六,板橋店,下午,陰,M1534,紅茶,茶飲,3,50,150.0
A21770,2026-08-04,星期二,中壢店,早上,雨,,拿鐵,咖啡,3,90,270.0
A21517,2026-08-01,星期六,板橋店,晚上,雨,M1564,起司蛋糕,烘焙,1,120,120.0
A23807,2026-08-29,星期六,板橋店,早上,陰,M1491,拿鐵,咖啡,3,90,270.0
A22509,2026-08-13,星期四,中壢店,晚上,晴,,美式咖啡,咖啡,1,70,70.0
A23585,2026-08-27,星期四,信義店,早上,晴,,起司蛋糕,烘焙,2,120,240.0
A21758,2026-08-04,星期二,板橋店,下午,雨,M0750,拿鐵,咖啡,1,90,90.0
A22697,2026-08-15,星期六,板橋店,早上,晴,,起司蛋糕,烘焙,2,120,240.0
A22880,2026-08-17,星期一,信義店,下午,晴,,肉桂捲,烘焙,1,85,85.0
A22338,2026-08-11,星期二,板橋店,下午,雨,M0928,紅茶,茶飲,3,50,150.0
A23303,2026-08-22,星期六,板橋店,下午,晴,,肉桂捲,烘焙,2,85,170.0
A22503,2026-08-13,星期四,中壢店,下午,晴,M0182,卡布奇諾,咖啡,2,95,
A23043,2026/08/19,星期三,板橋店,晚上,晴,M1612,拿鐵,咖啡,3,90,270.0
A22703,2026/08/15,星期六,板橋店,早上,晴,,美式咖啡,咖啡,1,70,70.0
A22781,2026-08-16,星期日,信義店,早上,陰,M1038,抹茶拿鐵,茶飲,1,100,100.0
A23752,2026-08-28,星期五,中壢店,早上,晴,M1165,紅茶,茶飲,1,50,50.0
A21850,2026-08-06,星期四,信義店,下午,陰,M0985,美式咖啡,咖啡,1,70,70.0
A22705,2026-08-15,星期六,板橋店,下午,晴,M0538,拿鐵,咖啡,3,90,270.0
A21987,2026-08-07,星期五,板橋店,早上,晴,,抹茶拿鐵,茶飲,1,100,100.0
A21735,2026/08/04,星期二,信義店,早上,雨,M0679,紅茶,茶飲,3,50,150.0
A23665,2026-08-28,星期五,信義店,早上,晴,M1541,美式咖啡,咖啡,2,70,
A21836,2026-08-06,星期四,信義店,下午,陰,,可頌,烘焙,1,60,60.0
A22580,2026-08-14,星期五,板橋店,早上,晴,M1850,起司蛋糕,烘焙,1,120,120.0
A24026,20260831,星期一,中壢店,早上,晴,M1173,拿鐵,咖啡,1,90,90.0
A22876,2026/08/16,星期日,中壢店,早上,陰,M0226,美式咖啡,咖啡,2,70,140.0
A23878,2026-08-30,星期日,信義店,下午,晴,M1074,美式咖啡,咖啡,1,70,70.0
A22845,2026-08-16,星期日,板橋店,晚上,陰,M1114,拿鐵,咖啡,3,90,270.0
A23461,2026-08-24,星期一,中壢店,下午,晴,M0198,可頌,烘焙,1,60,60.0
A22892,2026-08-17,星期一,信義店,早上,晴,,美式咖啡,咖啡,1,70,70.0
A23653,20260827,星期四,中壢店,下午,晴,,拿鐵,咖啡,6,90,540.0
A23990,20260831,星期一,信義店,晚上,晴,M1046,拿鐵,咖啡,1,90,90.0
A21575,20260802,星期日,信義店,晚上,陰,M0786,拿鐵,咖啡,2,90,180.0
A23246,2026-08-22,星期六,信義店,下午,晴,,美式咖啡,咖啡,3,70,210.0
A23625,2026-08-27,星期四,板橋店,早上,晴,M1779,起司蛋糕,烘焙,1,120,120.0
A22080,2026-08-08,星期六,中壢店,下午,雨,M0413,美式咖啡,咖啡,2,70,140.0
A23161,2026-08-21,星期五,信義店,早上,陰,,拿鐵,咖啡,1,90,90.0
A23843,2026-08-29,星期六,中壢店,下午,陰,M1475,肉桂捲,烘焙,1,85,85.0
A22097,2026-08-09,星期日,信義店,下午,晴,M1825,美式咖啡,咖啡,1,70,70.0
A22532,2026-08-14,星期五,信義店,早上,晴,M0038,紅茶,茶飲,4,50,200.0
A22375,2026-08-12,星期三,信義店,早上,陰,,紅茶,茶飲,1,50,50.0
A23638,2026-08-27,星期四,中壢店,晚上,晴,,起司蛋糕,烘焙,1,120,120.0
A23149,2026-08-21,星期五,信義店,早上,陰,M0043,拿鐵,咖啡,2,90,180.0
A22096,2026-08-09,星期日,信義店,早上,晴,,拿鐵,咖啡,2,90,180.0
A23223,2026-08-21,星期五,中壢店,早上,陰,M1940,抹茶拿鐵,茶飲,1,100,100.0
A21564,2026-08-01,星期六,中壢店,早上,雨,M0019,紅茶,茶飲,1,50,50.0
A23675,2026-08-28,星期五,信義店,早上,晴,,美式咖啡,咖啡,1,70,70.0
A22689,2026/08/15,星期六,板橋店,早上,晴,M1605,起司蛋糕,烘焙,3,120,360.0
A22013,2026-08-07,星期五,中壢店,下午,晴,M1174,拿鐵,咖啡,2,90,180.0
A21617,2026-08-02,星期日,板橋店,下午,陰,M0306,拿鐵,咖啡,2,90,180.0
A22811,2026-08-16,星期日,信義店,早上,陰,,卡布奇諾,咖啡,2,95,190.0
A23501,2026/08/25,星期二,板橋店,下午,雨,M0932,可頌,烘焙,1,60,60.0
A22974,2026-08-18,星期二,板橋店,早上,陰,,紅茶,茶飲,1,50,50.0
A22291,2026-08-10,星期一,板橋店,早上,晴,M1743,美式咖啡,咖啡,1,70,70.0
A23629,2026-08-27,星期四, 板橋店,晚上,晴,M0065,美式咖啡,咖啡,3,70,210.0
A22124,2026-08-09,星期日,信義店,早上,晴,,可頌,烘焙,2,60,120.0
A21632,2026-08-02,星期日,中壢店,晚上,陰,M1506,拿鐵,咖啡,3,90,270.0
A23680,2026-08-28,星期五,信義店,下午,晴,,美式咖啡,咖啡,2,70,140.0
A23634,2026/08/27,星期四,板橋店,早上,晴,M1837,拿鐵,咖啡,1,90,90.0
A23763,2026-08-29,星期六,信義店,下午,陰,M1450,起司蛋糕,烘焙,2,120,240.0
A23467,2026-08-24,星期一,中壢店,晚上,晴,M1317,拿鐵,咖啡,1,90,90.0
A21495,2026-08-01,星期六,信義店,晚上,雨,,可頌,烘焙,1,60,60.0
A23036,2026-08-19,星期三,板橋店,晚上,晴,M0429,美式咖啡,咖啡,3,70,210.0
A21669,2026-08-03,星期一,信義店,下午,晴,M1846,抹茶拿鐵,茶飲,2,100,200.0
A22496,2026-08-13,星期四,中壢店,下午,晴,M0085,肉桂捲,烘焙,1,85,85.0
A21528,2026-08-01,星期六, 板橋店,下午,雨,M0623,拿鐵,咖啡,2,90,180.0
A23949,2026-08-30,星期日,中壢店,下午,晴,,紅茶,茶飲,1,50,50.0
A23805,2026/08/29,星期六,板橋店,晚上,陰,,抹茶拿鐵,茶飲,3,100,300.0
A22347,2026-08-11,星期二,中壢店,晚上,雨,,拿鐵,咖啡,2,90,180.0
A21817,20260805,星期三,板橋店,晚上,雨,M1875,肉桂捲,烘焙,3,85,255.0
A21813,2026-08-05,星期三,板橋店,早上,雨,M1189,肉桂捲,烘焙,3,85,255.0
A23733,2026/08/28,星期五,中壢店,晚上,晴,M1518,紅茶,茶飲,2,50,100.0
A22858,2026-08-16,星期日,中壢店,下午,陰,,拿鐵,咖啡,1,90,90.0
A21548,2026-08-01,星期六,中壢店,早上,雨,,起司蛋糕,烘焙,2,120,240.0
A23265,2026-08-22,星期六,信義店,早上,晴,M0078,起司蛋糕,烘焙,1,120,120.0
A22854,20260816,星期日,中壢店,早上,陰,M1515,可頌,烘焙,2,60,120.0
A23906,2026-08-30,星期日,板橋店,下午,晴,,拿鐵,咖啡,2,90,180.0
A22232,2026-08-09,星期日,中壢店,早上,晴,M0898,拿鐵,咖啡,3,90,270.0
A23458,2026-08-24,星期一,中壢店,早上,晴,,抹茶拿鐵,茶飲,2,100,200.0
A21984,20260807,星期五,板橋店,下午,晴,M0968,美式咖啡,咖啡,2,70,140.0
A22244,2026-08-10,星期一,信義店,早上,晴,,卡布奇諾,咖啡,2,95,190.0
A22461,2026-08-13,星期四,信義店,早上,晴,,肉桂捲,烘焙,1,85,85.0
A22643,2026-08-15,星期六,信義店,下午,晴,M1048,紅茶,茶飲,2,50,100.0
A22072,2026-08-08,星期六,板橋店,早上,雨,,抹茶拿鐵,茶飲,2,100,200.0
A23094,2026-08-20,星期四,信義店,早上,晴,M0697,拿鐵,咖啡,1,90,90.0
A21846,2026-08-06,星期四,信義店,早上,陰,,美式咖啡,咖啡,1,7000,7000.0
A23113,2026/08/20,星期四,板橋店,下午,晴,,肉桂捲,烘焙,2,85,170.0
A23335,2026-08-22,星期六,中壢店,早上,晴,,起司蛋糕,烘焙,2,120,240.0
A23784,2026-08-29,星期六,信義店,早上,陰,M1793,肉桂捲,烘焙,1,85,85.0
A23234,2026-08-21,星期五,中壢店,早上,陰,M1560,拿鐵,咖啡,1,90,90.0
A23189,2026-08-21,星期五,板橋店,晚上,陰,M1348,肉桂捲,烘焙,1,85,85.0
A22729,2026-08-15,星期六,板橋店,早上,晴,,拿鐵,咖啡,1,90,90.0
A23227,2026-08-21,星期五,中壢店,晚上,陰,,拿鐵,咖啡,1,90,90.0
A22886,2026-08-17,星期一,信義店,早上,晴,M0546,拿鐵,咖啡,1,90,90.0
A23973,2026-08-31,星期一,信義店,晚上,晴,M0783,美式咖啡,咖啡,2,70,140.0
A22537,2026-08-14,星期五,信義店,晚上,晴,,美式咖啡,咖啡,1,70,70.0
A24005,2026-08-31,星期一,板橋店,早上,晴,,拿鐵,咖啡,3,90,270.0
A23179,2026-08-21,星期五,板橋店,下午,陰,M1439,美式咖啡,咖啡,1,70,70.0
A23645,2026-08-27,星期四,中壢店,下午,晴,,起司蛋糕,烘焙,2,120,240.0
A23078,2026-08-20,星期四,信義店,下午,晴,M0615,卡布奇諾,咖啡,1,95,95.0
A23701,2026/08/28,星期五,板橋店,晚上,晴,M1825,卡布奇諾,咖啡,1,95,95.0
A23416,2026-08-24,星期一,信義店,下午,晴,M0989,可頌,烘焙,1,60,60.0
A21983,2026-08-07,星期五,板橋店,早上,晴,M1533,可頌,烘焙,1,60,60.0
A21932,2026-08-07,星期五,信義店,早上,晴,,紅茶,茶飲,2,50,100.0
A23644,2026-08-27,星期四,中壢店,早上,晴,M1803,紅茶,茶飲,1,50,50.0
A23287,2026-08-22,星期六,板橋店,下午,晴,,抹茶拿鐵,茶飲,1,100,100.0
A22039,2026-08-08,星期六,信義店,早上,雨,M0262,美式咖啡,咖啡,1,70,70.0
A22638,2026-08-15,星期六,信義店,早上,晴,M0037,拿鐵,咖啡,3,90,270.0
A21765,2026-08-04,星期二,板橋店,下午,雨,M0062,肉桂捲,烘焙,2,85,170.0
A23311,2026-08-22,星期六,板橋店,早上,晴,M0929,可頌,烘焙,1,60,60.0
A23273,2026-08-22,星期六,信義店,晚上,晴,,卡布奇諾,咖啡,2,95,190.0
A21841,2026-08-06,星期四,信義店,早上,陰,M1976,美式咖啡,咖啡,1,70,70.0
A21978,2026-08-07,星期五,板橋店,下午,晴,M1331,抹茶拿鐵,茶飲,1,100,100.0
A23742,2026-08-28,星期五,中壢店,下午,晴,M1988,拿鐵,咖啡,2,90,180.0
A21812,2026-08-05,星期三,板橋店,早上,雨,,肉桂捲,烘焙,1,85,85.0
A22480,2026-08-13,星期四,板橋店,早上,晴,M1638,起司蛋糕,烘焙,1,120,120.0
A21775,2026-08-04,星期二,中壢店,早上,雨,,肉桂捲,烘焙,1,85,85.0
A22119,2026-08-09,星期日,信義店,下午,晴,M0605,拿鐵,咖啡,2,90,180.0
A22770,2026-08-16,星期日,信義店,早上,陰,M1146,卡布奇諾,咖啡,1,95,95.0
A22161,2026/08/09,星期日,板橋店,早上,晴,M1071,拿鐵,咖啡,3,90,270.0
A22964,2026-08-18,星期二,板橋店,下午,陰,M1568,拿鐵,咖啡,1,90,90.0
A21485,2026-08-01,星期六,信義店,晚上,雨,,肉桂捲,烘焙,1,85,85.0
A23276,2026-08-22,星期六,信義店,下午,晴,M0607,肉桂捲,烘焙,2,85,170.0
A21828,2026-08-05,星期三,中壢店,晚上,雨,M1729,紅茶,茶飲,2,50,100.0
A23551,2026-08-26,星期三,板橋店,早上,陰,M0390,美式咖啡,咖啡,1,70,70.0
A21529,2026-08-01,星期六,板橋店,晚上,雨,M1372,拿鐵,咖啡,1,90,90.0
A21962,2026-08-07,星期五,信義店,下午,晴,M1238,拿鐵,咖啡,1,9000,9000.0
A22444,2026-08-13,星期四,信義店,下午,晴,M0206,美式咖啡,咖啡,3,70,210.0
A21726,2026-08-03,星期一,中壢店,早上,晴,M0944,紅茶,茶飲,1,50,50.0
A21945,2026-08-07,星期五,信義店,晚上,晴,,拿鐵,咖啡,3,90,270.0
A24009,2026-08-31,星期一,板橋,早上,晴,,美式咖啡,咖啡,1,70,70.0
A23041,2026-08-19,星期三,板橋店,晚上,晴,,拿鐵,咖啡,4,90,360.0
A23836,2026-08-29,星期六,中壢店,晚上,陰,M1234,起司蛋糕,烘焙,2,120,240.0
A22020,2026-08-07,星期五,中壢店,早上,晴,M1988,拿鐵,咖啡,1,90,90.0
A22083,2026-08-08,星期六,中壢店,晚上,雨,,肉桂捲,烘焙,1,85,85.0
A23070,2026-08-19,星期三,中壢店,早上,晴,M1113,美式咖啡,咖啡,2,70,140.0
A23397,2026-08-23,星期日,中壢店,下午,雨,,拿鐵,咖啡,1,90,90.0
A23493,2026-08-25,星期二,板橋店,晚上,雨,M1246,拿鐵,咖啡,1,90,90.0
A23155,2026-08-21,星期五,信義店,下午,陰,M0582,紅茶,茶飲,2,50,100.0
A22895,2026-08-17,星期一,信義店,早上,晴,,拿鐵,咖啡,1,90,90.0
A23284,2026-08-22,星期六,板橋店,晚上,晴,M0453,拿鐵,咖啡,1,90,90.0
A23160,2026-08-21,星期五,信義店,晚上,陰,M1480,紅茶,茶飲,3,50,150.0
A22604,20260814,星期五,中壢店,早上,晴,,可頌,烘焙,2,60,120.0
A21607,2026-08-02,星期日,板橋店,早上,陰,M1389,美式咖啡,咖啡,2,70,140.0
A22158,2026-08-09,星期日,板橋店,下午,晴,M0135,紅茶,茶飲,2,50,100.0
A23003,2026-08-19,星期三,信義店,下午,晴,M1243,拿鐵,咖啡,1,90,90.0
A23115,2026-08-20,星期四,板橋店,晚上,晴,M1997,肉桂捲,烘焙,2,85,170.0
A22128,2026-08-09,星期日,信義店,下午,晴,M0073,拿鐵,咖啡,1,90,90.0
A22250,2026-08-10,星期一,信義店,早上,晴,M1579,美式咖啡,咖啡,1,70,70.0
A22722,2026-08-15,星期六,板橋店,晚上,晴,M1915,抹茶拿鐵,茶飲,1,100,100.0
A22339,2026-08-11,星期二,板橋店,下午,雨,,卡布奇諾,咖啡,2,95,190.0
A22728,2026/08/15,星期六,板橋店,早上,晴,M0034,拿鐵,咖啡,3,90,270.0
A22757,2026-08-15,星期六,中壢店,早上,晴,,紅茶,茶飲,1,50,50.0
A22397,2026-08-12,星期三,板橋店,晚上,陰,,拿鐵,咖啡,1,90,90.0
A22243,2026-08-10,星期一,信義店,晚上,晴,M0122,美式咖啡,咖啡,2,70,140.0
A21908,2026-08-06,星期四,中壢店,早上,陰,,拿鐵,咖啡,1,90,90.0
A22736,2026-08-15,星期六,中壢店,早上,晴,,可頌,烘焙,2,60,120.0
A21500,2026-08-01,星期六,信義店,下午,雨,M1980,美式咖啡,咖啡,1,70,70.0
A23350,2026/08/22,星期六,中壢店,早上,晴,,紅茶,茶飲,2,50,100.0
A23069,2026-08-19,星期三,中壢店,下午,晴,M1793,卡布奇諾,咖啡,1,95,95.0
A21484,2026-08-01,星期六,信義店,早上,雨,M1435,美式咖啡,咖啡,1,70,70.0
A23768,2026-08-29,星期六,信義店,晚上,陰,M0672,美式咖啡,咖啡,1,70,70.0
A22037,2026-08-08,星期六,信義店,早上,雨,M0034,拿鐵,咖啡,1,90,90.0
A21868,2026-08-06,星期四,板橋店,早上,陰,M1075,紅茶,茶飲,1,50,50.0
A22672,2026-08-15,星期六,信義店,晚上,晴,,美式咖啡,咖啡,2,70,140.0
A21889,2026-08-06,星期四,板橋店,早上,陰,,抹茶拿鐵,茶飲,2,100,200.0
A23865,2026/08/30,星期日,信義店,下午,晴,,拿鐵,咖啡,1,90,90.0
A22394,2026-08-12,星期三,板橋店,下午,陰,M1370,美式咖啡,咖啡,1,70,70.0
A21949,2026-08-07,星期五,信義店,下午,晴,M1646,卡布奇諾,咖啡,3,95,285.0
A22295,2026-08-10,星期一,中壢店,早上,晴,M0985,可頌,烘焙,1,60,60.0
A22916,2026-08-17,星期一,板橋店,晚上,晴,M0860,拿鐵,咖啡,2,90,180.0
A22426,2026-08-12,星期三,中壢店,下午,陰,M0949,抹茶拿鐵,茶飲,3,100,300.0
A23198,2026-08-21,星期五,板橋店,下午,陰,M1722,紅茶,茶飲,2,50,100.0
A22890,2026-08-17,星期一,信義店,早上,晴,,拿鐵,咖啡,1,90,90.0
A22310,2026-08-10,星期一,中壢店,早上,晴,M0565,肉桂捲,烘焙,2,85,170.0
A22971,2026-08-18,星期二,板橋店,晚上,陰,,抹茶拿鐵,茶飲,2,100,200.0
A22265,2026/08/10,星期一,信義店,下午,晴,M0312,拿鐵,咖啡,3,90,270.0
A22197,2026/08/09,星期日,板橋店,早上,晴,,卡布奇諾,咖啡,1,95,95.0
A23918,2026-08-30,星期日,板橋店,下午,晴,,卡布奇諾,咖啡,3,95,285.0
A22620,2026-08-14,星期五,中壢店,晚上,晴,M1900,卡布奇諾,咖啡,1,95,95.0
A23421,2026-08-24,星期一,信義店,早上,晴,,抹茶拿鐵,茶飲,3,100,300.0
A22469,2026-08-13,星期四,板橋店,早上,晴,M1566,拿鐵,咖啡,1,90,90.0
A23724,2026/08/28,星期五,板橋店,早上,晴,M0070,美式咖啡,咖啡,2,70,140.0
A23547,2026-08-26,星期三,板橋店,晚上,陰,M1580,紅茶,茶飲,2,50,100.0
A23554,2026-08-26,星期三,板橋店,早上,陰,M0932,拿鐵,咖啡,2,90,180.0
A23648,2026-08-27,星期四,中壢店,下午,晴,,拿鐵,咖啡,2,90,180.0
A23434,2026-08-24,星期一,信義店,下午,晴,M0025,拿鐵,咖啡,1,90,90.0
A23334,2026-08-22,星期六,中壢店,下午,晴,M1577,起司蛋糕,烘焙,2,120,240.0
A22576,2026/08/14,星期五,板橋店,早上,晴,M0219,美式咖啡,咖啡,1,70,70.0
A22841,2026-08-16,星期日,板橋店,早上,陰,M0631,美式咖啡,咖啡,2,70,140.0
A23486,2026-08-25,星期二,信義店,早上,雨,M1630,美式咖啡,咖啡,2,70,140.0
A23333,2026-08-22,星期六,中壢店,下午,晴,M0138,紅茶,茶飲,1,5000,5000.0
A23840,2026-08-29,星期六,中壢店,晚上,陰,M0516,可頌,烘焙,1,60,60.0
A22894,2026-08-17,星期一,信義店,下午,晴,,可頌,烘焙,2,60,120.0
A21482,2026-08-01,星期六,信義店,早上,雨,M0399,拿鐵,咖啡,1,90,90.0
A21958,2026-08-07,星期五,信義店,下午,晴,M0650,拿鐵,咖啡,1,90,90.0
A23566,2026/08/26,星期三,中壢店,早上,陰,M0347,抹茶拿鐵,茶飲,2,100,200.0
A21900,2026-08-06,星期四,中壢店,晚上,陰,,肉桂捲,烘焙,1,85,85.0
A23834,2026-08-29,星期六,中壢店,下午,陰,M1238,卡布奇諾,咖啡,1,95,95.0
A23353,2026-08-22,星期六,中壢店,早上,晴,M0988,美式咖啡,咖啡,3,70,210.0
A23321,2026-08-22,星期六,板橋店,早上,晴,M0765,起司蛋糕,烘焙,3,120,360.0
A22901,2026-08-17,星期一,板橋店,早上,晴,M0088,肉桂捲,烘焙,1,85,85.0
A23168,20260821,星期五,信義店,早上,陰,M0843,拿鐵,咖啡,1,90,90.0
A21867,2026-08-06,星期四,板橋店,下午,陰,M1942,抹茶拿鐵,茶飲,1,100,100.0
A22544,2026-08-14,星期五,信義店,下午,晴,M0239,抹茶拿鐵,茶飲,3,100,300.0
A22388,2026-08-12,星期三,信義店,早上,陰,,拿鐵,咖啡,3,90,270.0
A23978,2026-08-31,星期一,信義店,晚上,晴,M0587,美式咖啡,咖啡,1,70,70.0
A22609,2026-08-14,星期五,中壢,早上,晴,,紅茶,茶飲,2,50,100.0
A21821,2026-08-05,星期三,中壢店,下午,雨,M1591,起司蛋糕,烘焙,1,120,120.0
A23614,2026-08-27,星期四,信義店,下午,晴,,拿鐵,咖啡,2,90,180.0
A24028,2026-08-31,星期一,中壢店,早上,晴,,紅茶,茶飲,2,50,100.0
A23548,2026/08/26,星期三,板橋店,下午,陰,M0743,拿鐵,咖啡,1,90,90.0
A22678,2026-08-15,星期六,信義店,下午,晴,M0335,起司蛋糕,烘焙,1,120,120.0
A22866,2026-08-16,星期日,中壢店,下午,陰,,紅茶,茶飲,1,50,50.0
A23453,2026-08-24,星期一,板橋店,晚上,晴,M1431,肉桂捲,烘焙,1,85,
A22341,2026-08-11,星期二,板橋店,早上,雨,M0873,起司蛋糕,烘焙,1,120,120.0
A22368,2026-08-12,星期三,信義店 ,早上,陰,,卡布奇諾,咖啡,2,95,190.0
A23206,20260821,星期五,板橋店,下午,陰,,拿鐵,咖啡,1,90,90.0
A24017,2026-08-31,星期一,板橋店,下午,晴,M0853,可頌,烘焙,1,60,60.0
A22064,2026-08-08,星期六,板橋店,早上,雨,,美式咖啡,咖啡,1,70,70.0
A23965,2026-08-30,星期日,中壢店,下午,晴,,拿鐵,咖啡,3,90,270.0
A22775,2026-08-16,星期日,信義店,下午,陰,M0106,拿鐵,咖啡,2,90,180.0
A23998,2026-08-31,星期一,信義店,下午,晴,M1156,卡布奇諾,咖啡,1,95,95.0
A22237,2026-08-09,星期日,中壢店,晚上,晴,,抹茶拿鐵,茶飲,9,100,900.0
A23759,2026-08-29,星期六,信義店,下午,陰,M0368,卡布奇諾,咖啡,1,95,
A23857,2026-08-30,星期日,信義店,早上,晴,,美式咖啡,咖啡,1,70,70.0
A21569,2026-08-02,星期日,信義店,下午,陰,,美式咖啡,咖啡,1,70,70.0
A21788,2026-08-05,星期三,信義店,早上,雨,M0426,紅茶,茶飲,1,50,50.0
A22205,2026/08/09,星期日,中壢店,下午,晴,M1422,肉桂捲,烘焙,1,85,85.0
A23255,2026-08-22,星期六,信義,晚上,晴,,卡布奇諾,咖啡,3,95,285.0
A23438,2026/08/24,星期一,信義店,下午,晴,M0937,肉桂捲,烘焙,2,85,170.0
A22175,2026-08-09,星期日,板橋店,早上,晴,M0119,抹茶拿鐵,茶飲,3,100,300.0
A22539,2026-08-14,星期五,信義店,下午,晴,M1757,卡布奇諾,咖啡,2,95,190.0
A21686,2026-08-03,星期一,板橋店,下午,晴,M0403,美式咖啡,咖啡,1,70,70.0
A22455,2026-08-13,星期四,信義店,下午,晴,,拿鐵,咖啡,1,90,90.0
A21552,2026-08-01,星期六,中壢店,早上,雨,M1105,卡布奇諾,咖啡,2,95,190.0
A22260,2026-08-10,星期一,信義店,下午,晴,,肉桂捲,烘焙,1,85,85.0
A23133,2026-08-20,星期四,中壢店,下午,晴,M1596,美式咖啡,咖啡,1,70,70.0
A23408,2026-08-23,星期日,中壢店,下午,雨,M0307,拿鐵,咖啡,1,90,90.0
A22420,2026-08-12,星期三,中壢店,早上,陰,,紅茶,茶飲,2,50,
A21490,20260801,星期六,信義店,下午,雨,,拿鐵,咖啡,3,90,270.0
A22082,2026/08/08,星期六,中壢店,早上,雨,,拿鐵,咖啡,1,90,90.0
A22189,2026-08-09,星期日,板橋店,晚上,晴,,抹茶拿鐵,茶飲,2,100,200.0
A23014,2026-08-19,星期三,信義店,下午,晴,M1069,美式咖啡,咖啡,3,70,210.0
A23572,2026/08/26,星期三,中壢店,晚上,陰,,卡布奇諾,咖啡,2,95,190.0
A22063,2026-08-08,星期六,板橋店,下午,雨,M1925,肉桂捲,烘焙,3,85,255.0
A22943,2026-08-18,星期二,信義店,下午,陰,M1079,拿鐵,咖啡,2,90,180.0
A23280,2026/08/22,星期六,信義店,早上,晴,M0383,美式咖啡,咖啡,3,70,210.0
A22536,2026-08-14,星期五,信義店,下午,晴,M1746,抹茶拿鐵,茶飲,1,100,100.0
A23929,2026-08-30,星期日,中壢店　,下午,晴,M1629,紅茶,茶飲,1,50,50.0
A23306,2026-08-22,星期六,板橋店,下午,晴,,拿鐵,咖啡,1,90,90.0
A22950,2026-08-18,星期二,信義店,早上,陰,,美式咖啡,咖啡,1,70,70.0
A22482,2026-08-13,星期四,板橋店,早上,晴,M1111,起司蛋糕,烘焙,1,120,120.0
A23455,2026-08-24,星期一,中壢店,早上,晴,,可頌,烘焙,8,60,480.0
A22893,2026-08-17,星期一,信義店,早上,晴,M0039,卡布奇諾,咖啡,2,95,190.0
A22122,2026-08-09,星期日,信義店,早上,晴,M0156,拿鐵,咖啡,3,90,270.0
A23279,2026-08-22,星期六,信義店,下午,晴,M1336,可頌,烘焙,2,60,120.0
A21887,2026-08-06,星期四,板橋店,下午,陰,M0731,美式咖啡,咖啡,1,70,70.0
A21548,2026-08-01,星期六,中壢店,早上,雨,,起司蛋糕,烘焙,2,120,240.0
A23771,2026/08/29,星期六,信義店,早上,陰,M0307,紅茶,茶飲,2,50,100.0
A22424,2026-08-12,星期三,中壢店,下午,陰,M1562,美式咖啡,咖啡,1,70,70.0
A23640,2026-08-27,星期四,中壢店　,下午,晴,M1890,可頌,烘焙,3,60,180.0
A23738,2026-08-28,星期五,中壢店,晚上,晴,M1510,拿鐵,咖啡,1,90,90.0
A22234,2026-08-09,星期日,中壢店,早上,晴,,拿鐵,咖啡,1,90,90.0
A22829,2026-08-16,星期日,板橋店,早上,陰,M1605,美式咖啡,咖啡,3,70,210.0
A21940,2026-08-07,星期五,信義店,下午,晴,M1175,可頌,烘焙,1,60,60.0
A22248,2026-08-10,星期一,信義店,下午,晴,,起司蛋糕,烘焙,2,120,240.0
A22720,2026-08-15,星期六,板橋店,下午,晴,M1853,抹茶拿鐵,茶飲,3,100,300.0
A23359,2026/08/23,星期日,信義店,晚上,雨,M0409,拿鐵,咖啡,1,90,90.0
A23569,2026-08-26,星期三,中壢店,早上,陰,M1667,紅茶,茶飲,1,50,50.0
A22179,2026-08-09,星期日,板橋店,早上,晴,M1982,可頌,烘焙,1,60,60.0
A22822,2026-08-16,星期日,板橋店,早上,陰,,卡布奇諾,咖啡,3,95,
A23215,2026-08-21,星期五,板橋店,早上,陰,M0141,抹茶拿鐵,茶飲,3,100,300.0
A22256,2026/08/10,星期一,信義店,下午,晴,,起司蛋糕,烘焙,1,120,120.0
A22475,2026-08-13,星期四,板橋店,下午,晴,,卡布奇諾,咖啡,1,95,95.0
A22413,2026-08-12,星期三,板橋店,晚上,陰,M1979,美式咖啡,咖啡,2,70,140.0
A21707,20260803,星期一,中壢店,早上,晴,M0868,紅茶,茶飲,1,50,50.0
A23310,2026-08-22,星期六,板橋店,早上,晴,M1007,卡布奇諾,咖啡,2,95,190.0
A23846,2026-08-29,星期六,中壢店,下午,陰,,紅茶,茶飲,3,50,150.0
A22396,2026-08-12,星期三,板橋店,下午,陰,,卡布奇諾,咖啡,2,95,190.0
A22711,2026-08-15,星期六,板橋店,下午,晴,M1166,肉桂捲,烘焙,2,85,170.0
A22965,2026-08-18,星期二,板橋店,早上,陰,M1933,拿鐵,咖啡,2,90,180.0
A23492,2026-08-25,星期二,板橋店,早上,雨,,紅茶,茶飲,1,50,50.0
A22948,2026-08-18,星期二,信義店,下午,陰,,美式咖啡,咖啡,1,70,70.0
A22286,2026-08-10,星期一,板橋店,早上,晴,M1674,抹茶拿鐵,茶飲,1,100,100.0
A21660,2026-08-03,星期一,信義店,晚上,晴,M0486,拿鐵,咖啡,3,90,270.0
A23985,2026-08-31,星期一,信義店,早上,晴,M1373,可頌,烘焙,1,60,60.0
A23433,2026-08-24,星期一,信義店,晚上,晴,,抹茶拿鐵,茶飲,1,100,100.0
A23530,2026-08-26,星期三,信義店,早上,陰,,拿鐵,咖啡,1,90,90.0
A23988,2026-08-31,星期一,信義店,晚上,晴,M0114,拿鐵,咖啡,2,90,180.0
A22972,2026-08-18,星期二,板橋店,下午,陰,M1045,肉桂捲,烘焙,3,85,255.0
A23556,2026-08-26,星期三,板橋店,早上,陰,M1899,美式咖啡,咖啡,1,70,70.0
A22629,2026-08-15,星期六,信義店,下午,晴,M1849,可頌,烘焙,3,60,180.0
A23393,2026-08-23,星期日,板橋店,晚上,雨,,起司蛋糕,烘焙,3,120,360.0
A23646,2026-08-27,星期四,中壢店,早上,晴,M0126,拿鐵,咖啡,2,90,180.0
A23833,2026-08-29,星期六,中壢店,晚上,陰,M0501,可頌,烘焙,1,60,60.0
A22633,2026/08/15,星期六,信義店,下午,晴,,起司蛋糕,烘焙,5,120,600.0
A22659,2026-08-15,星期六,信義,早上,晴,M0483,可頌,烘焙,1,60,60.0
A21966,2026-08-07,星期五,信義店,早上,晴,,卡布奇諾,咖啡,1,95,
A22716,2026/08/15,星期六,板橋店,晚上,晴,,美式咖啡,咖啡,1,70,70.0
A22934,2026-08-17,星期一,中壢店,早上,晴,M1082,紅茶,茶飲,1,50,50.0
A23315,2026-08-22,星期六,板橋店,下午,晴,M1949,肉桂捲,烘焙,1,85,85.0
A23062,20260819,星期三,中壢店,晚上,晴,M0130,抹茶拿鐵,茶飲,1,100,100.0
A23008,2026-08-19,星期三,信義店,晚上,晴,M1914,拿鐵,咖啡,2,90,180.0
A22264,2026-08-10,星期一,信義店,下午,晴,M1097,美式咖啡,咖啡,1,70,70.0
A23676,2026-08-28,星期五,信義店,早上,晴,,起司蛋糕,烘焙,1,120,120.0
A21502,2026-08-01,星期六,信義店,晚上,雨,,紅茶,茶飲,2,50,100.0
A22990,2026/08/18,星期二,中壢店,下午,陰,M1789,拿鐵,咖啡,1,90,90.0
A22801,2026-08-16,星期日,信義店 ,早上,陰,M0519,拿鐵,咖啡,2,90,180.0
A22194,2026-08-09,星期日,板橋店,早上,晴,M0151,美式咖啡,咖啡,3,70,210.0
A22209,2026-08-09,星期日,中壢店,早上,晴,,卡布奇諾,咖啡,1,95,95.0
A22589,2026-08-14,星期五,中壢,下午,晴,M1894,卡布奇諾,咖啡,2,95,190.0
A23472,2026-08-25,星期二,信義店,早上,雨,,卡布奇諾,咖啡,2,95,190.0
A23830,2026-08-29,星期六,中壢店,下午,陰,M1803,抹茶拿鐵,茶飲,2,100,200.0
A23496,2026-08-25,星期二, 板橋店,晚上,雨,M1306,拿鐵,咖啡,1,90,90.0
A22751,2026-08-15,星期六,中壢店,早上,晴,M1629,可頌,烘焙,1,60,60.0
A23205,2026-08-21,星期五,板橋店,晚上,陰,,拿鐵,咖啡,2,90,180.0
A23725,2026-08-28,星期五,板橋店,早上,晴,M0637,可頌,烘焙,1,60,60.0
A23909,2026-08-30,星期日,板橋店,下午,晴,M0145,抹茶拿鐵,茶飲,2,100,200.0
A21807,2026-08-05,星期三,板橋店,下午,雨,M1593,卡布奇諾,咖啡,1,9500,9500.0
A22655,2026-08-15,星期六,信義店,下午,晴,M0709,美式咖啡,咖啡,1,70,70.0
A22353,2026-08-11,星期二,中壢店,早上,雨,,可頌,烘焙,1,60,60.0
A23204,2026-08-21,星期五,板橋店,下午,陰,M0122,起司蛋糕,烘焙,3,120,360.0
A23082,2026-08-20,星期四,信義店,下午,晴,M1013,紅茶,茶飲,1,50,50.0
A23244,2026-08-21,星期五,中壢店,晚上,陰,,可頌,烘焙,1,60,60.0
A23694,2026-08-28,星期五,信義店,晚上,晴,M0101,卡布奇諾,咖啡,3,95,285.0
A22217,2026/08/09,星期日,中壢店,早上,晴,,抹茶拿鐵,茶飲,2,100,200.0
A23981,2026/08/31,星期一,信義店,下午,晴,M0616,紅茶,茶飲,2,50,100.0
A22987,2026-08-18,星期二,中壢店,早上,陰,,紅茶,茶飲,2,50,100.0
A22125,2026-08-09,星期日,信義店,早上,晴,,拿鐵,咖啡,2,90,180.0
A23951,2026-08-30,星期日,中壢店,下午,晴,,紅茶,茶飲,1,50,50.0
A22712,20260815,星期六,板橋店,下午,晴,,卡布奇諾,咖啡,2,95,190.0
A21603,20260802,星期日,板橋店,早上,陰,M1342,拿鐵,咖啡,2,90,180.0
A22883,2026-08-17,星期一,信義店,下午,晴,M0062,肉桂捲,烘焙,1,85,85.0
A23298,2026-08-22,星期六,板橋店,下午,晴,M1199,拿鐵,咖啡,1,90,90.0
A23626,2026-08-27,星期四,板橋店,早上,晴,M0825,卡布奇諾,咖啡,1,95,95.0
A24038,2026-08-31,星期一, 中壢店,下午,晴,,美式咖啡,咖啡,2,70,140.0
A22136,2026-08-09,星期日,信義店,晚上,晴,,拿鐵,咖啡,2,90,180.0
A22457,2026-08-13,星期四,信義店,下午,晴,M1608,拿鐵,咖啡,1,90,90.0
A23773,2026-08-29,星期六,信義店,晚上,陰,M1633,肉桂捲,烘焙,2,85,170.0
A23247,2026-08-22,星期六,信義店,早上,晴,,美式咖啡,咖啡,1,70,70.0
A22731,2026-08-15,星期六,板橋店,下午,晴,M1147,美式咖啡,咖啡,1,70,70.0
A21629,2026-08-02,星期日,板橋店,晚上,陰,,抹茶拿鐵,茶飲,3,100,300.0
A21793,2026/08/05,星期三,信義店,下午,雨,,拿鐵,咖啡,1,90,90.0
A22978,2026-08-18,星期二,板橋店,早上,陰,M0266,抹茶拿鐵,茶飲,1,100,100.0
A23535,2026-08-26,星期三,信義店,早上,陰,,美式咖啡,咖啡,2,70,140.0
A22754,2026-08-15,星期六,中壢店,晚上,晴,,卡布奇諾,咖啡,1,95,95.0
A23446,2026-08-24,星期一,板橋店,下午,晴,,可頌,烘焙,1,60,60.0
A22376,2026-08-12,星期三,信義店,晚上,陰,M1143,美式咖啡,咖啡,1,70,70.0
A21954,2026-08-07,星期五,信義店,下午,晴,M1217,紅茶,茶飲,1,50,50.0
A24031,2026-08-31,星期一,中壢店,早上,晴,M1878,可頌,烘焙,3,60,180.0
A22239,2026-08-09,星期日,中壢店,早上,晴,M0932,紅茶,茶飲,1,50,50.0
A22349,2026-08-11,星期二,中壢店,早上,雨,M0372,抹茶拿鐵,茶飲,2,100,200.0
X0012,2026-08-04,星期二,信義店,早上,雨,,美式咖啡,咖啡,-2,70,-140.0
A21956,2026-08-07,星期五,信義店,早上,晴,M1526,可頌,烘焙,1,60,60.0
A21835,2026-08-06,星期四,信義店,下午,陰,M1331,拿鐵,咖啡,1,90,90.0
A23122,2026-08-20,星期四,中壢店,下午,晴,M1228,美式咖啡,咖啡,1,70,70.0
A23320,2026-08-22,星期六,板橋店,早上,晴,,紅茶,茶飲,2,50,100.0
A22842,2026-08-16,星期日,板橋店,早上,陰,M0989,拿鐵,咖啡,2,90,180.0
A23886,2026-08-30,星期日,信義店,下午,晴,M0938,美式咖啡,咖啡,1,70,70.0
A21744,2026-08-04,星期二,信義店,早上,雨,,紅茶,茶飲,1,50,50.0
A22019,2026-08-07,星期五,中壢店,早上,晴,M0560,可頌,烘焙,2,60,120.0
A21573,2026/08/02,星期日,信義店,下午,陰,M0534,可頌,烘焙,1,60,60.0
A22553,20260814,星期五,信義店,下午,晴,M1780,紅茶,茶飲,1,50,50.0
A23777,20260829,星期六,信義店,晚上,陰,M0584,肉桂捲,烘焙,3,85,255.0
A24033,2026-08-31,星期一,中壢店,下午,晴,M0477,紅茶,茶飲,1,50,50.0
A22060,2026-08-08,星期六,板橋店,早上,雨,,美式咖啡,咖啡,1,70,70.0
A23479,2026-08-25,星期二,信義店,晚上,雨,M0979,紅茶,茶飲,3,50,150.0
X0005,20260821,星期五,信義店,下午,陰,M0576,肉桂捲,烘焙,-1,85,-85.0
A21742,20260804,星期二,信義店,早上,雨,M1399,卡布奇諾,咖啡,3,95,285.0
A22799,2026-08-16,星期日,信義店,早上,陰,,拿鐵,咖啡,2,90,180.0
A22240,2026-08-10,星期一,信義店 ,早上,晴,,抹茶拿鐵,茶飲,8,100,800.0
A22361,2026-08-12,星期三,信義店,下午,陰,,拿鐵,咖啡,1,90,90.0
A23417,2026-08-24,星期一,信義店,早上,晴,M0650,可頌,烘焙,2,60,120.0
A21662,20260803,星期一,信義店,早上,晴,M0709,紅茶,茶飲,3,50,150.0
A23233,2026-08-21,星期五,中壢店,晚上,陰,M1890,卡布奇諾,咖啡,1,95,95.0
A22885,2026-08-17,星期一,信義店,晚上,晴,M0572,美式咖啡,咖啡,2,70,140.0
A21553,2026-08-01,星期六,中壢店,早上,雨,,拿鐵,咖啡,3,90,270.0
A22406,2026-08-12,星期三,板橋店,早上,陰,M1609,抹茶拿鐵,茶飲,2,100,200.0
A22930,20260817,星期一,中壢店,下午,晴,M1095,起司蛋糕,烘焙,1,120,120.0
A21747,20260804,星期二,信義店,早上,雨,M1192,肉桂捲,烘焙,3,85,255.0
A23144,2026-08-21,星期五,信義店,晚上,陰,M1302,美式咖啡,咖啡,2,70,140.0
A22381,2026-08-12,星期三,信義店,早上,陰,M0999,起司蛋糕,烘焙,1,120,120.0
A23848,2026-08-29,星期六,中壢店,晚上,陰,,美式咖啡,咖啡,1,70,70.0
A23289,2026-08-22,星期六,板橋店,早上,晴,M0834,拿鐵,咖啡,2,90,180.0
A23895,2026/08/30,星期日,板橋店,早上,晴,M1925,紅茶,茶飲,3,50,150.0
A23066,20260819,星期三,中壢店,早上,晴,M0878,起司蛋糕,烘焙,2,120,240.0
A23794,2026-08-29,星期六,信義店,下午,陰,,起司蛋糕,烘焙,2,120,240.0
A22208,2026-08-09,星期日,中壢店,晚上,晴,M0527,美式咖啡,咖啡,1,70,70.0
A23059,20260819,星期三,中壢店,下午,晴,M1476,美式咖啡,咖啡,1,70,70.0
A23899,2026-08-30,星期日,板橋店,早上,晴,M0844,拿鐵,咖啡,1,90,90.0
A22786,2026-08-16,星期日,信義店,下午,陰,M1839,拿鐵,咖啡,2,90,180.0
A22364,2026-08-12,星期三,信義店,下午,陰,,美式咖啡,咖啡,1,70,70.0
A23239,2026-08-21,星期五,中壢店,下午,陰,,拿鐵,咖啡,1,90,90.0
A22867,2026/08/16,星期日,中壢店,早上,陰,M1261,抹茶拿鐵,茶飲,2,100,200.0
A23713,2026-08-28,星期五,板橋店,晚上,晴,M1635,拿鐵,咖啡,1,90,90.0
A23129,2026-08-20,星期四,中壢店,早上,晴,M1396,拿鐵,咖啡,1,90,90.0
A23908,2026-08-30,星期日,板橋店,早上,晴,,拿鐵,咖啡,3,90,270.0
A23413,2026-08-23,星期日,中壢店,晚上,雨,,紅茶,茶飲,2,50,100.0
A24035,2026-08-31,星期一,中壢店,下午,晴,,拿鐵,咖啡,2,90,180.0
A22637,2026-08-15,星期六,信義店,早上,晴,M1613,美式咖啡,咖啡,1,70,70.0
A23022,2026-08-19,星期三,信義店,早上,晴,M0064,美式咖啡,咖啡,1,70,70.0
A22058,2026-08-08,星期六,板橋店,下午,雨,,拿鐵,咖啡,2,90,180.0
A22989,2026-08-18,星期二,中壢店,早上,陰,M0675,拿鐵,咖啡,2,90,180.0
A21863,2026-08-06,星期四,信義店 ,下午,陰,M1126,拿鐵,咖啡,1,90,90.0
A21776,20260804,星期二,中壢店,早上,雨,M1001,美式咖啡,咖啡,1,70,70.0
A23456,2026-08-24,星期一,中壢店,晚上,晴,,抹茶拿鐵,茶飲,2,100,200.0
A21523,2026-08-01,星期六,板橋店,下午,雨,,起司蛋糕,烘焙,3,120,360.0
A22202,20260809,星期日,板橋店,晚上,晴,M0942,起司蛋糕,烘焙,2,120,240.0
A23386,20260823,星期日,板橋店,晚上,雨,,抹茶拿鐵,茶飲,2,100,200.0
A22750,2026-08-15,星期六,中壢店,下午,晴,M0829,可頌,烘焙,1,60,60.0
A22417,2026/08/12,星期三,中壢店,早上,陰,M1726,起司蛋糕,烘焙,3,120,360.0
A21483,2026-08-01,星期六,信義店,下午,雨,M0466,拿鐵,咖啡,3,90,270.0
A23562,2026-08-26,星期三,板橋店,晚上,陰,,美式咖啡,咖啡,2,70,140.0
A23241,2026-08-21,星期五,中壢店,早上,陰,M0642,拿鐵,咖啡,1,90,90.0
A23130,2026-08-20,星期四,中壢店,早上,晴,M1732,肉桂捲,烘焙,1,85,85.0
A21728,2026-08-03,星期一,中壢店,下午,晴,,美式咖啡,咖啡,2,70,140.0
A21736,2026-08-04,星期二,信義店,早上,雨,M1012,美式咖啡,咖啡,3,70,210.0
A22180,2026-08-09,星期日,板橋店,下午,晴,M0061,拿鐵,咖啡,3,90,270.0
A22966,2026-08-18,星期二, 板橋店,下午,陰,M1365,抹茶拿鐵,茶飲,1,100,100.0
A22581,2026/08/14,星期五,板橋店,下午,晴,M0576,紅茶,茶飲,2,50,100.0
A23859,2026-08-30,星期日,信義店,下午,晴,M0912,拿鐵,咖啡,2,90,180.0
A23346,2026-08-22,星期六,中壢店,下午,晴,,起司蛋糕,烘焙,1,120,120.0
A23473,2026-08-25,星期二,信義店,早上,雨,,美式咖啡,咖啡,1,70,70.0
A22752,20260815,星期六,中壢店,下午,晴,M0759,肉桂捲,烘焙,3,85,255.0
A21727,2026-08-03,星期一,中壢店,早上,晴,,拿鐵,咖啡,1,90,90.0
A23412,2026/08/23,星期日,中壢店,下午,雨,M0932,起司蛋糕,烘焙,1,120,120.0
A23539,2026-08-26,星期三,信義店,下午,陰,,拿鐵,咖啡,3,90,270.0
A22879,2026-08-17,星期一,信義店,晚上,晴,,拿鐵,咖啡,1,90,90.0
A22595,2026-08-14,星期五,中壢店,早上,晴,M0197,拿鐵,咖啡,1,90,90.0
A22315,2026-08-11,星期二,信義店,下午,雨,,拿鐵,咖啡,1,90,90.0
A21648,2026-08-02,星期日,中壢店,下午,陰,,美式咖啡,咖啡,1,70,70.0
A22126,2026/08/09,星期日,信義店,下午,晴,,拿鐵,咖啡,1,90,90.0
A23990,20260831,星期一,信義店,晚上,晴,M1046,拿鐵,咖啡,1,90,90.0
A23525,2026-08-26,星期三,信義店,下午,陰,M0323,可頌,烘焙,1,60,60.0
A23961,2026-08-30,星期日,中壢店,早上,晴,M1694,紅茶,茶飲,2,50,100.0
A21944,2026-08-07,星期五,信義店,下午,晴,,拿鐵,咖啡,1,90,90.0
A21935,2026-08-07,星期五,信義店,下午,晴,M1514,拿鐵,咖啡,1,90,90.0
A23326,2026-08-22,星期六,板橋店,早上,晴,M0822,拿鐵,咖啡,3,90,270.0
A21967,2026/08/07,星期五,信義店,早上,晴,,美式咖啡,咖啡,2,70,140.0
A23696,2026-08-28,星期五, 信義店,晚上,晴,M1702,拿鐵,咖啡,3,90,270.0
A23667,2026-08-28,星期五,信義店,早上,晴,M1655,拿鐵,咖啡,1,90,90.0
A21729,2026-08-04,星期二,信義店,晚上,雨,,拿鐵,咖啡,1,90,90.0
A21752,2026-08-04,星期二,板橋店,早上,雨,M0219,拿鐵,咖啡,1,90,90.0
A23340,2026-08-22,星期六,中壢店,早上,晴,M1120,可頌,烘焙,1,60,60.0
A23146,2026-08-21,星期五,信義店,早上,陰,M0895,紅茶,茶飲,7,50,350.0
A23849,2026-08-29,星期六,中壢店,下午,陰,,抹茶拿鐵,茶飲,2,100,200.0
A22106,2026-08-09,星期日,信義店,晚上,晴,M0520,卡布奇諾,咖啡,1,95,95.0
A22938,2026/08/18,星期二,信義店,早上,陰,M0990,可頌,烘焙,1,60,60.0
A21497,2026-08-01,星期六,信義店,下午,雨,M1160,抹茶拿鐵,茶飲,1,100,100.0
A23600,20260827,星期四,信義店,早上,晴,M0401,拿鐵,咖啡,1,90,90.0
A22521,2026-08-14,星期五,信義店,早上,晴,M1404,卡布奇諾,咖啡,1,95,95.0
A22999,2026-08-19,星期三,信義店,早上,晴,M0520,美式咖啡,咖啡,1,70,70.0
A23038,2026-08-19,星期三,板橋,早上,晴,,紅茶,茶飲,3,50,150.0
A22487,2026-08-13,星期四,板橋店,下午,晴,,抹茶拿鐵,茶飲,2,100,200.0
A23769,2026-08-29,星期六,信義店,晚上,陰,M0420,卡布奇諾,咖啡,2,95,190.0
A22558,2026/08/14,星期五,信義店,早上,晴,M0059,抹茶拿鐵,茶飲,1,100,100.0
A22852,2026-08-16,星期日,中壢店,下午,陰,M1075,抹茶拿鐵,茶飲,3,100,300.0
A22522,2026-08-14,星期五,信義店,下午,晴,M0009,拿鐵,咖啡,2,90,180.0
A22520,20260814,星期五,信義店,下午,晴,M0244,拿鐵,咖啡,10,90,900.0
A22585,2026-08-14,星期五,中壢店,下午,晴,,紅茶,茶飲,1,50,
A22932,2026-08-17,星期一,中壢店,下午,晴,M1741,抹茶拿鐵,茶飲,3,100,300.0
A23319,2026/08/22,星期六,板橋店,晚上,晴,,美式咖啡,咖啡,2,70,140.0
A23775,2026-08-29,星期六,信義店,早上,陰,,可頌,烘焙,3,60,180.0
A21971,2026-08-07,星期五,板橋店,下午,晴,,可頌,烘焙,1,60,60.0
A22311,2026-08-10,星期一,中壢店,晚上,晴,M0223,紅茶,茶飲,1,50,50.0
A22636,2026/08/15,星期六,信義店,下午,晴,M1591,起司蛋糕,烘焙,3,120,360.0
A22223,2026-08-09,星期日,中壢店,早上,晴,M0380,紅茶,茶飲,1,50,50.0
A21787,2026-08-05,星期三,信義店,下午,雨,M1910,卡布奇諾,咖啡,2,95,190.0
A21834,2026-08-05,星期三,中壢店,下午,雨,M0714,可頌,烘焙,2,60,120.0
A23051,2026-08-19,星期三,中壢店,早上,晴,M0615,拿鐵,咖啡,1,90,90.0
A22450,2026/08/13,星期四,信義店,晚上,晴,M1572,美式咖啡,咖啡,1,70,70.0
A22027,2026-08-07,星期五,中壢店,晚上,晴,M1607,拿鐵,咖啡,1,90,90.0
A22715,2026-08-15,星期六,板橋店,下午,晴,,卡布奇諾,咖啡,2,95,190.0
A23195,2026-08-21,星期五,板橋店,下午,陰,,拿鐵,咖啡,3,90,270.0
A23739,2026-08-28,星期五,中壢店,晚上,晴,M1534,紅茶,茶飲,1,50,50.0
A22464,2026-08-13,星期四,板橋店,晚上,晴,,拿鐵,咖啡,2,90,180.0
A23156,2026-08-21,星期五,信義店,晚上,陰,,美式咖啡,咖啡,1,70,70.0
A23135,2026-08-20,星期四,中壢店,下午,晴,M0804,拿鐵,咖啡,6,90,540.0
A21905,2026-08-06,星期四,中壢店,下午,陰,M0672,拿鐵,咖啡,1,90,90.0
A22606,2026-08-14,星期五,中壢店,早上,晴,M1404,拿鐵,咖啡,1,90,90.0
A23735,2026-08-28,星期五,中壢店,早上,晴,M1758,紅茶,茶飲,2,50,100.0
A22447,2026-08-13,星期四,信義店,早上,晴,M1179,紅茶,茶飲,1,50,50.0
A23782,2026-08-29,星期六,信義店,下午,陰,,可頌,烘焙,2,60,120.0
A21521,2026-08-01,星期六,板橋店,早上,雨,M0800,拿鐵,咖啡,3,90,270.0
A23329,2026-08-22,星期六,中壢店,早上,晴,M1715,拿鐵,咖啡,3,90,270.0
A22191,2026-08-09,星期日,板橋店,早上,晴,,美式咖啡,咖啡,3,70,210.0
A22204,2026-08-09,星期日,中壢店,晚上,晴,M1580,拿鐵,咖啡,1,90,90.0
A22271,2026/08/10,星期一,板橋店,晚上,晴,M1769,紅茶,茶飲,1,50,50.0
A23249,2026/08/22,星期六,信義店,早上,晴,,美式咖啡,咖啡,2,70,140.0
A22024,2026/08/07,星期五,中壢店,下午,晴,M0650,紅茶,茶飲,3,50,150.0
A22292,2026-08-10,星期一,板橋店,晚上,晴,M0360,可頌,烘焙,1,60,60.0
A23904,2026-08-30,星期日,板橋店,下午,晴,,美式咖啡,咖啡,2,70,140.0
A22575,2026-08-14,星期五,板橋店,晚上,晴,,可頌,烘焙,1,60,60.0
A22624,2026-08-15,星期六,信義店,早上,晴,M1321,拿鐵,咖啡,1,90,90.0
A23997,2026-08-31,星期一,信義店,早上,晴,,美式咖啡,咖啡,1,70,70.0
A23968,2026-08-31,星期一,信義店,晚上,晴,M1611,美式咖啡,咖啡,1,70,70.0
A22769,2026-08-16,星期日,信義,下午,陰,,可頌,烘焙,3,60,180.0
A22045,2026-08-08,星期六,信義店,晚上,雨,,紅茶,茶飲,2,50,100.0
A23971,2026-08-31,星期一,信義店,晚上,晴,M1900,美式咖啡,咖啡,1,70,70.0
A23371,2026-08-23,星期日,信義店,下午,雨,M0587,美式咖啡,咖啡,2,70,140.0
A21878,2026-08-06,星期四,板橋店,早上,陰,M0257,卡布奇諾,咖啡,1,95,95.0
A22518,2026-08-14,星期五,信義店,下午,晴,M0819,可頌,烘焙,1,60,60.0
A23299,2026-08-22,星期六,板橋店,早上,晴,M1040,卡布奇諾,咖啡,2,95,190.0
A23031,2026-08-19,星期三,板橋店,晚上,晴,M1799,紅茶,茶飲,2,50,100.0
A23761,2026-08-29,星期六,信義店,早上,陰,,肉桂捲,烘焙,1,85,85.0
A21587,2026-08-02,星期日,信義店,早上,陰,,卡布奇諾,咖啡,1,95,95.0
A22404,2026-08-12,星期三,板橋店,下午,陰,M0025,美式咖啡,咖啡,1,70,70.0
A23806,2026-08-29,星期六,板橋店,晚上,陰,M0829,拿鐵,咖啡,1,90,90.0
A21725,2026-08-03,星期一,中壢店,早上,晴,M1721,卡布奇諾,咖啡,1,95,95.0
A23964,2026/08/30,星期日,中壢店,下午,晴,,可頌,烘焙,2,60,120.0
A22785,2026-08-16,星期日,信義店,早上,陰,M1682,拿鐵,咖啡,2,90,180.0
A22099,2026-08-09,星期日,信義店,晚上,晴,M0856,美式咖啡,咖啡,1,70,70.0
A21513,2026/08/01,星期六,板橋店,早上,雨,,可頌,烘焙,1,60,60.0
A22839,2026-08-16,星期日,板橋店,早上,陰,M1331,紅茶,茶飲,2,50,100.0
A22429,2026-08-12,星期三,中壢店,早上,陰,M0549,紅茶,茶飲,2,50,100.0
A22439,2026/08/13,星期四,信義店,早上,晴,M1330,美式咖啡,咖啡,1,70,70.0
A21909,2026-08-06,星期四,中壢店,早上,陰,M0365,紅茶,茶飲,1,50,50.0
A23558,2026-08-26,星期三,板橋店,早上,陰,,拿鐵,咖啡,2,90,180.0
A23616,2026-08-27,星期四,信義店,下午,晴,M1408,可頌,烘焙,1,60,60.0
A23032,2026/08/19,星期三,板橋店,早上,晴,,紅茶,茶飲,1,50,50.0
A22288,2026-08-10,星期一,板橋店,早上,晴,,紅茶,茶飲,2,50,100.0
A22184,2026-08-09,星期日,板橋店,早上,晴,M0780,紅茶,茶飲,1,50,50.0
A22983,2026-08-18,星期二,中壢店,早上,陰,M0218,卡布奇諾,咖啡,1,95,95.0
A23390,2026-08-23,星期日,板橋店,早上,雨,M0650,拿鐵,咖啡,1,90,90.0
A21847,2026-08-06,星期四,信義店,早上,陰,M1753,卡布奇諾,咖啡,1,95,95.0
A23601,2026-08-27,星期四,信義店,早上,晴,M0250,起司蛋糕,烘焙,1,120,120.0
A23853,2026-08-29,星期六,中壢店,早上,陰,M0870,起司蛋糕,烘焙,3,120,360.0
X0004,2026-08-27,星期四,信義店,下午,晴,M1181,拿鐵,咖啡,-1,90,-90.0
A22322,2026-08-11,星期二,信義店,早上,雨,,美式咖啡,咖啡,2,70,140.0
A23537,2026-08-26,星期三, 信義店,下午,陰,M0178,拿鐵,咖啡,1,90,90.0
A23790,2026-08-29,星期六,信義店,下午,陰,,卡布奇諾,咖啡,3,95,285.0
A22945,2026-08-18,星期二,信義店,早上,陰,M0454,卡布奇諾,咖啡,2,95,190.0
A23597,20260827,星期四,信義店,早上,晴,M0344,拿鐵,咖啡,6,90,540.0
X0001,2026-08-10,星期一,板橋店,下午,晴,M0282,可頌,烘焙,0,60,0.0
A22226,2026-08-09,星期日,中壢店,下午,晴,M0925,卡布奇諾,咖啡,1,9500,9500.0
A23125,2026-08-20,星期四,中壢店,晚上,晴,,肉桂捲,烘焙,1,85,85.0
A23826,2026-08-29,星期六,中壢店,晚上,陰,,美式咖啡,咖啡,1,70,70.0
A22925,2026-08-17,星期一,中壢店,晚上,晴,,可頌,烘焙,1,60,60.0
A22079,2026-08-08,星期六,中壢店,下午,雨,M0826,拿鐵,咖啡,2,90,180.0
A22002,20260807,星期五,中壢店,早上,晴,M1352,紅茶,茶飲,2,50,100.0
A23923,2026-08-30,星期日,板橋店,晚上,晴,,美式咖啡,咖啡,2,70,140.0
A23002,2026-08-19,星期三,信義店,早上,晴,M1419,肉桂捲,烘焙,1,85,85.0
A23396,2026-08-23,星期日,板橋店,下午,雨,M1028,拿鐵,咖啡,6,90,540.0
A23001,2026-08-19,星期三,信義店,晚上,晴,M0693,可頌,烘焙,1,60,60.0
A21720,2026-08-03,星期一,中壢店,早上,晴,M1174,抹茶拿鐵,茶飲,1,100,100.0
A23913,2026-08-30,星期日,板橋店,下午,晴,M1102,拿鐵,咖啡,3,90,270.0
A23689,2026-08-28,星期五,信義店,晚上,晴,,拿鐵,咖啡,1,90,90.0
A21512,2026-08-01,星期六,板橋店,早上,雨,,拿鐵,咖啡,1,90,90.0
A21933,2026-08-07,星期五,信義店,下午,晴,M0618,紅茶,茶飲,1,50,50.0
A23716,2026-08-28,星期五,板橋店,早上,晴,,美式咖啡,咖啡,1,70,70.0
A22647,2026-08-15,星期六,信義店,早上,晴,,拿鐵,咖啡,1,90,90.0
A21916,2026-08-06,星期四,中壢店,早上,陰,,抹茶拿鐵,茶飲,3,100,300.0
A22371,2026-08-12,星期三,信義店,晚上,陰,M1177,拿鐵,咖啡,3,90,270.0
A22258,2026-08-10,星期一,信義店,早上,晴,,抹茶拿鐵,茶飲,1,100,100.0
A22117,2026-08-09,星期日,信義店,下午,晴,M0057,抹茶拿鐵,茶飲,2,100,200.0
X0011,2026/08/22,星期六,中壢店,早上,晴,,紅茶,茶飲,-1,50,-50.0
A22848,2026-08-16,星期日,中壢店,晚上,陰,,紅茶,茶飲,1,50,50.0
A22284,2026-08-10,星期一,板橋店,下午,晴,,可頌,烘焙,2,60,120.0
A23874,2026-08-30,星期日,信義店,早上,晴,,可頌,烘焙,2,60,120.0
A22749,2026-08-15,星期六,中壢店,早上,晴,M0569,卡布奇諾,咖啡,1,95,95.0
A22151,20260809,星期日,信義店,下午,晴,M0520,美式咖啡,咖啡,3,70,210.0
A23331,2026-08-22,星期六,中壢店,下午,晴,,起司蛋糕,烘焙,2,120,240.0
A23636,2026-08-27,星期四,中壢店,早上,晴,,可頌,烘焙,2,60,120.0
A21934,2026-08-07,星期五,信義店,下午,晴,M1190,紅茶,茶飲,1,50,50.0
A22669,2026/08/15,星期六,信義店,早上,晴,,拿鐵,咖啡,3,90,270.0
A23559,2026-08-26,星期三,板橋店,早上,陰,M0782,紅茶,茶飲,1,50,50.0
A23989,2026-08-31,星期一,信義店,早上,晴,M1825,起司蛋糕,烘焙,1,120,120.0
A23238,2026-08-21,星期五,中壢店,早上,陰,M1878,起司蛋糕,烘焙,2,120,240.0
A21604,2026-08-02,星期日,板橋店,下午,陰,,起司蛋糕,烘焙,1,120,120.0
A22236,2026-08-09,星期日,中壢店,早上,晴,M0519,美式咖啡,咖啡,1,70,70.0
A21837,2026-08-06,星期四,信義店,早上,陰,M0587,肉桂捲,烘焙,1,85,85.0
A23682,2026/08/28,星期五,信義店,晚上,晴,M0509,拿鐵,咖啡,2,90,180.0
A23278,2026-08-22,星期六,信義店,下午,晴,,卡布奇諾,咖啡,3,95,285.0
A21722,2026-08-03,星期一,中壢店,早上,晴,M0533,拿鐵,咖啡,2,90,180.0
A23861,2026/08/30,星期日,信義店,下午,晴,,拿鐵,咖啡,1,90,90.0
A22561,2026/08/14,星期五,板橋店,早上,晴,,可頌,烘焙,2,60,120.0
A23362,2026/08/23,星期日,信義店,早上,雨,M1998,起司蛋糕,烘焙,2,120,240.0
A21611,2026-08-02,星期日,板橋店,早上,陰,,紅茶,茶飲,1,50,50.0
A22906,2026-08-17,星期一,板橋店,晚上,晴,M1417,紅茶,茶飲,3,50,150.0
A21534,2026-08-01,星期六,板橋店,下午,雨,M1424,卡布奇諾,咖啡,1,95,95.0
A22780,2026-08-16,星期日,信義店,下午,陰,,起司蛋糕,烘焙,2,120,240.0
A22928,2026-08-17,星期一,中壢店,下午,晴,,拿鐵,咖啡,1,90,
A22148,2026-08-09,星期日,信義店,晚上,晴,,美式咖啡,咖啡,2,70,140.0
A22026,2026-08-07,星期五,中壢店,晚上,晴,,拿鐵,咖啡,1,90,90.0
A21574,2026-08-02,星期日,信義店,晚上,陰,M0281,美式咖啡,咖啡,1,70,70.0
A21918,2026-08-06,星期四,中壢店,下午,陰,,美式咖啡,咖啡,1,70,
A24041,2026-08-31,星期一,中壢店,早上,晴,M1174,起司蛋糕,烘焙,2,120,240.0
A23736,2026-08-28,星期五,中壢店,早上,晴,M0920,紅茶,茶飲,1,50,50.0
A23054,2026-08-19,星期三,中壢店,早上,晴,M1333,拿鐵,咖啡,2,90,180.0
A21759,2026-08-04,星期二,板橋店,早上,雨,,拿鐵,咖啡,1,90,90.0
A24024,2026-08-31,星期一,板橋店,下午,晴,,起司蛋糕,烘焙,1,120,120.0
A22912,2026-08-17,星期一,板橋店,早上,晴,,抹茶拿鐵,茶飲,1,100,100.0
A21960,2026-08-07,星期五,信義店,晚上,晴,,拿鐵,咖啡,1,90,90.0
A21498,2026-08-01,星期六,信義店,下午,雨,M1923,紅茶,茶飲,3,50,150.0
A21672,2026-08-03,星期一,信義店,下午,晴,,起司蛋糕,烘焙,1,120,120.0
A22028,2026-08-07,星期五,中壢店,早上,晴,,可頌,烘焙,2,60,120.0
A21520,2026-08-01,星期六,板橋店,晚上,雨,,美式咖啡,咖啡,3,70,210.0
A23415,2026-08-24,星期一,信義,下午,晴,M1520,美式咖啡,咖啡,2,70,140.0
A24019,2026-08-31,星期一,板橋店,下午,晴,,拿鐵,咖啡,1,90,90.0
A23399,2026-08-23,星期日,中壢店,下午,雨,,可頌,烘焙,1,60,60.0
A22618,2026-08-14,星期五,中壢店,早上,晴,M1195,紅茶,茶飲,2,50,100.0
A21595,2026/08/02,星期日,信義店,晚上,陰,,拿鐵,咖啡,3,90,270.0
A21890,2026-08-06,星期四,板橋店,晚上,陰,M1712,起司蛋糕,烘焙,1,120,120.0
A21816,20260805,星期三,板橋店,晚上,雨,M0013,紅茶,茶飲,1,50,50.0
A23707,2026-08-28,星期五,板橋店,下午,晴,,紅茶,茶飲,1,50,50.0
A22833,2026-08-16,星期日,板橋店,早上,陰,M1791,拿鐵,咖啡,3,90,270.0
A22981,20260818,星期二,中壢店,早上,陰,M0985,美式咖啡,咖啡,2,70,140.0
A22813,2026-08-16,星期日,信義店,早上,陰,,起司蛋糕,烘焙,1,120,120.0
A23660,2026-08-28,星期五,信義店,晚上,晴,,抹茶拿鐵,茶飲,1,100,100.0
A22631,2026-08-15,星期六,信義店,下午,晴,M1572,肉桂捲,烘焙,1,85,85.0
A21832,2026-08-05,星期三,中壢店,早上,雨,,紅茶,茶飲,1,50,50.0
A21633,2026-08-02,星期日,中壢店,下午,陰,M1559,紅茶,茶飲,1,50,50.0
A22323,2026-08-11,星期二,信義店,下午,雨,M1386,美式咖啡,咖啡,1,70,70.0
A22551,2026/08/14,星期五,信義店,下午,晴,M0727,可頌,烘焙,1,60,60.0
A22933,2026-08-17,星期一,中壢店,早上,晴,M0486,抹茶拿鐵,茶飲,1,100,100.0
A21652,2026-08-02,星期日,中壢店,早上,陰,M1738,拿鐵,咖啡,3,90,270.0
A22100,2026-08-09,星期日,信義店,早上,晴,,抹茶拿鐵,茶飲,2,100,
A23162,2026-08-21,星期五,信義店,早上,陰,M1432,拿鐵,咖啡,1,90,90.0
A23336,2026-08-22,星期六,中壢店,晚上,晴,M1905,起司蛋糕,烘焙,2,120,240.0
A22107,2026-08-09,星期日,信義店,下午,晴,M0194,紅茶,茶飲,1,50,50.0
A23677,2026-08-28,星期五,信義店,晚上,晴,M1104,可頌,烘焙,3,60,180.0
A23631,2026-08-27,星期四, 板橋店,下午,晴,M0206,卡布奇諾,咖啡,1,95,95.0
A23063,2026-08-19,星期三,中壢店,下午,晴,M0547,紅茶,茶飲,3,50,150.0
A23332,20260822,星期六,中壢店,早上,晴,M1278,美式咖啡,咖啡,2,70,140.0
A23481,2026-08-25,星期二,信義店,下午,雨,M1461,美式咖啡,咖啡,1,70,70.0
A23570,2026-08-26,星期三,中壢店,下午,陰,M1181,拿鐵,咖啡,2,90,180.0
A22335,2026-08-11,星期二,板橋店,晚上,雨,M1379,拿鐵,咖啡,1,90,90.0
A22777,2026-08-16,星期日,信義店,早上,陰,M0037,拿鐵,咖啡,1,90,90.0
A23347,2026-08-22,星期六,中壢店,下午,晴,,可頌,烘焙,3,60,180.0
A24030,2026-08-31,星期一,中壢店,晚上,晴,,可頌,烘焙,1,60,60.0
A23847,2026-08-29,星期六,中壢店,早上,陰,M0932,美式咖啡,咖啡,1,70,70.0
A23098,2026-08-20,星期四,信義店,下午,晴,,拿鐵,咖啡,1,90,
A21493,2026-08-01,星期六,信義店,早上,雨,,拿鐵,咖啡,2,90,180.0
A23202,2026-08-21,星期五,板橋店,晚上,陰,M1190,肉桂捲,烘焙,1,85,85.0
A22283,2026-08-10,星期一,板橋店,晚上,晴,M0029,起司蛋糕,烘焙,1,120,120.0
A22567,2026/08/14,星期五,板橋店,晚上,晴,M1808,拿鐵,咖啡,1,90,90.0
X0010,2026/08/21,星期五,信義店,早上,陰,,紅茶,茶飲,0,50,0.0
A23607,2026-08-27,星期四,信義店,晚上,晴,M0388,拿鐵,咖啡,2,90,180.0
A21557,2026/08/01,星期六,中壢店,晚上,雨,,拿鐵,咖啡,1,90,90.0
A23981,2026/08/31,星期一,信義店,下午,晴,M0616,紅茶,茶飲,2,50,100.0
A22440,2026-08-13,星期四,信義店,晚上,晴,M0778,拿鐵,咖啡,1,90,
A23380,2026-08-23,星期日,信義店,下午,雨,M1440,紅茶,茶飲,3,50,150.0
A22056,2026/08/08,星期六,板橋店,早上,雨,M1118,紅茶,茶飲,2,50,100.0
A23770,20260829,星期六,信義店,早上,陰,M1396,拿鐵,咖啡,2,90,180.0
A23164,2026-08-21,星期五,信義店,下午,陰,M1248,卡布奇諾,咖啡,1,95,95.0
A23869,2026-08-30,星期日,信義店,下午,晴,M1781,可頌,烘焙,3,60,180.0
A23555,2026-08-26,星期三,板橋店,早上,陰,,美式咖啡,咖啡,1,70,70.0
A22050,2026-08-08,星期六,板橋店,早上,雨,,拿鐵,咖啡,1,90,90.0
A23422,2026-08-24,星期一,信義店,晚上,晴,M0506,可頌,烘焙,1,60,60.0
A22279,2026-08-10,星期一,板橋店,早上,晴,M0228,美式咖啡,咖啡,1,70,70.0
A23236,2026-08-21,星期五,中壢店,下午,陰,M1230,抹茶拿鐵,茶飲,1,100,100.0
A21998,2026-08-07,星期五,板橋店,晚上,晴,,拿鐵,咖啡,1,90,90.0
A22628,2026-08-15,星期六,信義店,下午,晴,M0029,拿鐵,咖啡,3,90,270.0
A23395,2026-08-23,星期日,板橋店,早上,雨,,可頌,烘焙,1,60,60.0
A21749,2026-08-04,星期二,板橋,晚上,雨,,拿鐵,咖啡,1,90,90.0
A21781,2026-08-04,星期二,中壢店,早上,雨,M0262,紅茶,茶飲,2,50,100.0
A22446,2026-08-13,星期四,信義店,下午,晴,,美式咖啡,咖啡,3,70,210.0
A21709,2026-08-03,星期一,中壢,早上,晴,,卡布奇諾,咖啡,1,95,95.0
A21565,2026-08-02,星期日,信義店,下午,陰,,可頌,烘焙,1,60,60.0
A21808,2026-08-05,星期三,板橋店,晚上,雨,M0580,可頌,烘焙,1,60,60.0
A22562,2026-08-14,星期五,板橋店,下午,晴,M0437,美式咖啡,咖啡,1,70,70.0
A23916,2026-08-30,星期日,板橋店,下午,晴,M1236,起司蛋糕,烘焙,2,120,240.0
A21950,2026-08-07,星期五,信義店,早上,晴,M1195,拿鐵,咖啡,2,90,180.0
A23824,2026-08-29,星期六,板橋店,下午,陰,M1843,美式咖啡,咖啡,2,70,140.0
A21678,2026-08-03,星期一,信義店,晚上,晴,,肉桂捲,烘焙,2,85,170.0
A23443,2026/08/24,星期一,板橋店,早上,晴,M0344,美式咖啡,咖啡,3,70,210.0
A21778,2026-08-04,星期二,中壢店,早上,雨,M0283,拿鐵,咖啡,1,90,90.0
A22762,2026-08-15,星期六,中壢店,早上,晴,,美式咖啡,咖啡,3,70,210.0
A23787,2026-08-29,星期六,信義店,早上,陰,,拿鐵,咖啡,1,90,90.0
A23425,2026-08-24,星期一,信義店,下午,晴,,起司蛋糕,烘焙,3,120,360.0
A23822,2026-08-29,星期六,板橋店,早上,陰,M1085,美式咖啡,咖啡,2,70,140.0
A23756,2026-08-29,星期六,信義店,下午,陰,M0005,肉桂捲,烘焙,2,85,170.0
A23959,2026-08-30,星期日,中壢店,下午,晴,M1069,拿鐵,咖啡,1,90,90.0
A23092,2026-08-20,星期四,信義店,早上,晴,M0151,抹茶拿鐵,茶飲,1,100,100.0
A22401,20260812,星期三,板橋店,晚上,陰,,拿鐵,咖啡,1,90,90.0
A22909,2026-08-17,星期一,板橋店,早上,晴,M0016,肉桂捲,烘焙,1,85,85.0
A23010,2026-08-19,星期三,信義店,下午,晴,M1551,卡布奇諾,咖啡,2,95,190.0
A23797,2026-08-29,星期六,板橋店,下午,陰,,拿鐵,咖啡,2,90,180.0
A23365,2026-08-23,星期日,信義店,下午,雨,M1904,卡布奇諾,咖啡,1,95,95.0
A22087,20260808,星期六,中壢店,早上,雨,,拿鐵,咖啡,1,90,90.0
A23110,2026-08-20,星期四,板橋店,下午,晴,M1621,肉桂捲,烘焙,2,85,170.0
A23938,2026-08-30,星期日,中壢店,晚上,晴,M0163,起司蛋糕,烘焙,1,120,120.0
A23816,2026-08-29,星期六,板橋店,下午,陰,M1721,紅茶,茶飲,3,50,150.0
A23714,20260828,星期五,板橋店,晚上,晴,M1605,拿鐵,咖啡,2,90,180.0
A23114,2026-08-20,星期四,板橋店,下午,晴,,肉桂捲,烘焙,2,85,170.0
A21618,2026-08-02,星期日,板橋店,早上,陰,,美式咖啡,咖啡,2,70,140.0
A23142,2026/08/21,星期五,信義店,晚上,陰,,拿鐵,咖啡,3,90,270.0
A23642,2026-08-27,星期四,中壢店　,早上,晴,,美式咖啡,咖啡,1,70,70.0
A22315,2026-08-11,星期二,信義店,下午,雨,,拿鐵,咖啡,1,90,90.0
A23118,2026-08-20,星期四,板橋店,晚上,晴,M0959,紅茶,茶飲,1,50,50.0
A22504,2026-08-13,星期四,中壢店,晚上,晴,,美式咖啡,咖啡,1,70,70.0
A22525,2026-08-14,星期五,信義店,早上,晴,M0118,可頌,烘焙,1,60,
A22530,2026-08-14,星期五,信義店,早上,晴,M1225,拿鐵,咖啡,1,90,90.0
A24040,2026-08-31,星期一,中壢店,下午,晴,,可頌,烘焙,3,60,180.0
A22519,2026-08-14,星期五,信義店,晚上,晴,M0671,美式咖啡,咖啡,1,70,70.0
A23124,2026-08-20,星期四,中壢店,下午,晴,M1651,卡布奇諾,咖啡,1,95,95.0
A22359,2026-08-12,星期三,信義店,晚上,陰,,卡布奇諾,咖啡,1,95,95.0
A23851,2026/08/29,星期六,中壢店,下午,陰,M1423,美式咖啡,咖啡,1,70,70.0
A21556,2026-08-01,星期六,中壢店,下午,雨,,拿鐵,咖啡,2,90,180.0
A22177,2026-08-09,星期日,板橋店,下午,晴,,起司蛋糕,烘焙,1,120,120.0
A22787,2026/08/16,星期日,信義店,晚上,陰,,可頌,烘焙,2,60,120.0
A23751,2026-08-28,星期五,中壢店,早上,晴,M1448,可頌,烘焙,1,60,60.0
A23516,2026-08-25,星期二,中壢店,下午,雨,M0478,拿鐵,咖啡,1,90,90.0
A23820,2026-08-29,星期六,板橋店,早上,陰,M1967,拿鐵,咖啡,1,90,90.0
A22430,2026-08-12,星期三,中壢店,下午,陰,M0170,拿鐵,咖啡,1,90,90.0
A22320,2026-08-11,星期二,信義店,早上,雨,M0652,拿鐵,咖啡,1,90,90.0
A22574,2026-08-14,星期五,板橋店,晚上,晴,,拿鐵,咖啡,1,90,90.0
A23637,2026-08-27,星期四,中壢店,下午,晴,,可頌,烘焙,1,60,60.0
A21576,2026-08-02,星期日,信義店,下午,陰,M1292,拿鐵,咖啡,3,90,270.0
A23186,2026/08/21,星期五,板橋店,早上,陰,,可頌,烘焙,3,60,180.0
A21931,2026-08-07,星期五,信義店,晚上,晴,M1682,可頌,烘焙,1,60,60.0
A22173,2026-08-09,星期日,板橋,下午,晴,,拿鐵,咖啡,2,90,180.0
A23678,2026-08-28,星期五,信義店,早上,晴,M1206,拿鐵,咖啡,2,90,180.0
A22434,2026-08-12,星期三,中壢店,早上,陰,M1542,抹茶拿鐵,茶飲,1,100,100.0
A21955,2026-08-07,星期五,信義店,下午,晴,M0486,美式咖啡,咖啡,2,70,140.0
A21869,2026-08-06,星期四,板橋店,下午,陰,M1374,卡布奇諾,咖啡,1,95,95.0
A23037,2026-08-19,星期三,板橋店,晚上,晴,M0418,抹茶拿鐵,茶飲,1,100,100.0
A22367,2026-08-12,星期三,信義店,早上,陰,,美式咖啡,咖啡,1,70,70.0
A22021,2026-08-07,星期五,中壢店,下午,晴,,卡布奇諾,咖啡,2,95,190.0
A22995,2026-08-18,星期二,中壢店,晚上,陰,M1638,卡布奇諾,咖啡,1,95,95.0
A22639,2026/08/15,星期六,信義店,晚上,晴,,抹茶拿鐵,茶飲,1,100,100.0
A23073,2026-08-20,星期四,信義店,早上,晴,M0117,美式咖啡,咖啡,1,70,70.0
A22596,2026-08-14,星期五,中壢店,早上,晴,,紅茶,茶飲,3,50,150.0
A23312,2026-08-22,星期六,板橋店,下午,晴,M0497,拿鐵,咖啡,1,90,90.0
A23090,2026-08-20,星期四,信義店,下午,晴,,紅茶,茶飲,3,50,150.0
A23967,2026-08-31,星期一,信義店,下午,晴,,美式咖啡,咖啡,1,70,70.0
A23545,2026-08-26,星期三,信義店,晚上,陰,,拿鐵,咖啡,1,90,90.0
A23510,20260825,星期二,中壢店,早上,雨,M0438,紅茶,茶飲,1,50,50.0
A22299,2026-08-10,星期一,中壢店,早上,晴,M0856,拿鐵,咖啡,3,90,270.0
A21679,2026-08-03,星期一, 信義店,下午,晴,,紅茶,茶飲,2,50,100.0
A23140,2026-08-21,星期五,信義店,下午,陰,M0293,可頌,烘焙,1,60,60.0
A21571,2026-08-02,星期日,信義店,晚上,陰,,拿鐵,咖啡,1,90,90.0
A22048,2026-08-08,星期六,板橋店,晚上,雨,M1060,美式咖啡,咖啡,1,70,70.0
A22049,2026-08-08,星期六,板橋店,早上,雨,M0071,美式咖啡,咖啡,1,70,70.0
A22623,2026-08-15,星期六,信義店,下午,晴,M1851,美式咖啡,咖啡,1,70,70.0
A22536,2026-08-14,星期五,信義店,下午,晴,M1746,抹茶拿鐵,茶飲,1,100,100.0
A23293,2026-08-22,星期六,板橋店,下午,晴,,起司蛋糕,烘焙,1,120,120.0
A22336,2026-08-11,星期二,板橋店,早上,雨,,抹茶拿鐵,茶飲,2,100,200.0
A22584,2026-08-14,星期五,板橋店,早上,晴,M0786,美式咖啡,咖啡,1,70,70.0
A22967,2026-08-18,星期二,板橋店,早上,陰,,拿鐵,咖啡,3,90,270.0
A22739,2026-08-15,星期六,中壢店,晚上,晴,,拿鐵,咖啡,10,90,900.0
A22714,2026-08-15,星期六,板橋店,下午,晴,,卡布奇諾,咖啡,2,95,190.0
A22733,2026-08-15,星期六,中壢店,早上,晴,M1398,拿鐵,咖啡,3,90,270.0
A23080,2026/08/20,星期四,信義店,下午,晴,,紅茶,茶飲,1,50,50.0
A21688,2026-08-03,星期一,板橋店,早上,晴,M1670,可頌,烘焙,1,60,60.0
A22159,2026/08/09,星期日,板橋店,早上,晴,M1458,可頌,烘焙,1,60,60.0
A23482,2026-08-25,星期二,信義店,晚上,雨,M1533,拿鐵,咖啡,2,90,180.0
A24013,2026-08-31,星期一,板橋店,下午,晴,,可頌,烘焙,1,60,60.0
A22868,2026-08-16,星期日,中壢,下午,陰,,起司蛋糕,烘焙,1,120,120.0
A22727,2026-08-15,星期六,板橋店,下午,晴,M0305,拿鐵,咖啡,3,90,270.0
A22069,2026-08-08,星期六,板橋店,早上,雨,,紅茶,茶飲,1,50,50.0
A23621,2026-08-27,星期四,板橋店,下午,晴,M0679,肉桂捲,烘焙,1,85,85.0
A23575,2026-08-26,星期三,中壢店,早上,陰,M1660,起司蛋糕,烘焙,1,120,120.0
A21700,2026-08-03,星期一,板橋店,下午,晴,M1850,美式咖啡,咖啡,10,70,700.0
A23935,2026-08-30,星期日,中壢店,晚上,晴,,紅茶,茶飲,1,50,50.0
A22110,2026-08-09,星期日,信義店,下午,晴,,美式咖啡,咖啡,1,70,70.0
A22882,2026-08-17,星期一,信義店,下午,晴,M1425,卡布奇諾,咖啡,1,95,95.0
A22104,2026-08-09,星期日,信義店,早上,晴,M0784,可頌,烘焙,3,60,180.0
A22962,2026-08-18,星期二,板橋店,早上,陰,M1704,美式咖啡,咖啡,1,70,70.0
A23112,2026-08-20,星期四,板橋店,早上,晴,M1950,拿鐵,咖啡,1,90,90.0
A23907,2026-08-30,星期日,板橋店,早上,晴,M0837,拿鐵,咖啡,3,90,270.0
A23432,2026-08-24,星期一,信義店 ,晚上,晴,M0659,卡布奇諾,咖啡,1,95,95.0
A21964,2026-08-07,星期五,信義店,晚上,晴,M0036,美式咖啡,咖啡,1,70,70.0
A23354,2026-08-22,星期六,中壢店,下午,晴,,可頌,烘焙,1,60,60.0
A22282,2026-08-10,星期一,板橋店,早上,晴,,肉桂捲,烘焙,1,85,85.0
A23658,2026-08-28,星期五,信義店,下午,晴,M1664,抹茶拿鐵,茶飲,1,100,100.0
A23793,2026-08-29,星期六,信義店,下午,陰,,拿鐵,咖啡,1,90,90.0
A21785,2026-08-04,星期二,中壢,下午,雨,M1659,可頌,烘焙,2,60,120.0
A21970,2026-08-07,星期五,板橋店,下午,晴,M0213,可頌,烘焙,1,60,60.0
A23702,2026-08-28,星期五,板橋店,晚上,晴,M0576,可頌,烘焙,2,60,120.0
A22492,2026-08-13,星期四,中壢店,早上,晴,M1238,美式咖啡,咖啡,1,70,70.0
A21645,2026/08/02,星期日,中壢店,晚上,陰,M0650,卡布奇諾,咖啡,3,95,285.0
A23532,2026/08/26,星期三,信義店,下午,陰,M1931,肉桂捲,烘焙,1,85,85.0
A24018,2026-08-31,星期一,板橋店,早上,晴,M0418,美式咖啡,咖啡,1,70,70.0
A22675,2026-08-15,星期六,信義店,下午,晴,M0738,紅茶,茶飲,3,50,150.0
A22261,2026-08-10,星期一,信義店,晚上,晴,,抹茶拿鐵,茶飲,1,100,100.0
A22384,2026-08-12,星期三,信義店,早上,陰,M1625,拿鐵,咖啡,1,90,90.0
A23928,2026-08-30,星期日,板橋店,下午,晴,M1624,拿鐵,咖啡,2,90,180.0
A23291,2026-08-22,星期六,板橋店,下午,晴,M1110,拿鐵,咖啡,2,90,180.0
A23134,2026-08-20,星期四,中壢店,早上,晴,M0430,抹茶拿鐵,茶飲,3,100,300.0
A23457,2026-08-24,星期一, 中壢店,下午,晴,,拿鐵,咖啡,1,90,90.0
A21694,2026-08-03,星期一,板橋店,早上,晴,M0029,起司蛋糕,烘焙,1,120,120.0
A22235,2026-08-09,星期日,中壢店,下午,晴,M0642,紅茶,茶飲,1,50,50.0
A23345,2026-08-22,星期六,中壢店,晚上,晴,M0740,起司蛋糕,烘焙,2,120,240.0
A22805,2026-08-16,星期日,信義店,早上,陰,,拿鐵,咖啡,3,90,270.0
A24032,2026-08-31,星期一,中壢店,下午,晴,M0044,紅茶,茶飲,1,50,50.0
A23225,2026-08-21,星期五,中壢店,晚上,陰,,拿鐵,咖啡,1,90,90.0
A22979,2026-08-18,星期二,中壢店,下午,陰,,拿鐵,咖啡,1,90,90.0
A22389,2026-08-12,星期三,信義店,晚上,陰,M0545,拿鐵,咖啡,2,90,180.0
A22884,2026-08-17,星期一,信義店,下午,晴,,美式咖啡,咖啡,1,70,70.0
A23764,2026/08/29,星期六,信義店,下午,陰,M1564,起司蛋糕,烘焙,3,120,360.0
A21501,2026-08-01,星期六,信義店,下午,雨,M1020,拿鐵,咖啡,2,90,180.0
A22820,2026-08-16,星期日,板橋店,下午,陰,M1150,起司蛋糕,烘焙,1,120,120.0
A21545,2026-08-01,星期六,中壢店,早上,雨,M1274,紅茶,茶飲,1,50,50.0
A23349,2026-08-22,星期六,中壢店,晚上,晴,,抹茶拿鐵,茶飲,2,100,200.0
A21880,2026-08-06,星期四,板橋店,晚上,陰,M0259,美式咖啡,咖啡,3,70,210.0
A21924,2026-08-07,星期五,信義店,晚上,晴,M1790,可頌,烘焙,2,60,120.0
A23509,2026-08-25,星期二,中壢店,早上,雨,,美式咖啡,咖啡,2,70,140.0
A23672,2026-08-28,星期五,信義店,早上,晴,,紅茶,茶飲,2,50,
A22723,2026-08-15,星期六,板橋店,早上,晴,M1163,拿鐵,咖啡,3,90,270.0
A22736,2026-08-15,星期六,中壢店,早上,晴,,可頌,烘焙,2,60,120.0
A23484,2026-08-25,星期二,信義店,下午,雨,M1203,拿鐵,咖啡,2,90,180.0
A21588,2026/08/02,星期日,信義店,早上,陰,,肉桂捲,烘焙,1,85,85.0
A23983,2026-08-31,星期一,信義店,下午,晴,M1020,拿鐵,咖啡,1,90,90.0
A21525,20260801,星期六,板橋店,下午,雨,,美式咖啡,咖啡,2,70,140.0
A23107,2026-08-20,星期四,板橋店,早上,晴,,美式咖啡,咖啡,2,70,140.0
A23214,20260821,星期五,板橋店,下午,陰,,卡布奇諾,咖啡,1,95,95.0
A22699,2026-08-15,星期六,板橋店,晚上,晴,,起司蛋糕,烘焙,3,120,360.0
A21731,2026-08-04,星期二,信義店,下午,雨,,拿鐵,咖啡,3,90,270.0
A22036,2026-08-08,星期六,信義店,早上,雨,,可頌,烘焙,1,60,60.0
A23389,2026-08-23,星期日,板橋店,下午,雨,,美式咖啡,咖啡,1,70,70.0
A23541,2026-08-26,星期三,信義店,早上,陰,M0209,拿鐵,咖啡,1,90,90.0
A21898,2026-08-06,星期四,中壢店,晚上,陰,M1111,紅茶,茶飲,1,50,50.0
A21764,2026-08-04,星期二,板橋店,下午,雨,M1024,紅茶,茶飲,1,50,50.0
A22164,2026-08-09,星期日,板橋店,晚上,晴,,拿鐵,咖啡,2,90,180.0
A22615,2026-08-14,星期五,中壢店,晚上,晴,,拿鐵,咖啡,1,90,90.0
A22693,20260815,星期六,板橋店,早上,晴,M0110,起司蛋糕,烘焙,1,120,120.0
A23193,2026-08-21,星期五,板橋店,早上,陰,,肉桂捲,烘焙,3,85,255.0
A21968,2026-08-07,星期五,信義店,早上,晴,M0452,起司蛋糕,烘焙,2,120,240.0
A22806,2026-08-16,星期日,信義店 ,下午,陰,M1532,起司蛋糕,烘焙,1,120,120.0
A23594,2026-08-27,星期四,信義店,下午,晴,M0726,起司蛋糕,烘焙,2,120,240.0
A23593,2026-08-27,星期四,信義店,下午,晴,M1245,卡布奇諾,咖啡,2,95,190.0
A23007,2026-08-19,星期三,信義店,下午,晴,,拿鐵,咖啡,1,90,90.0
A22332,2026-08-11,星期二,板橋店,晚上,雨,M0661,抹茶拿鐵,茶飲,2,100,200.0
A21797,2026-08-05,星期三,信義店,早上,雨,M1987,美式咖啡,咖啡,1,70,70.0
A23357,2026-08-23,星期日,信義店,下午,雨,,拿鐵,咖啡,5,90,450.0
A21737,2026-08-04,星期二,信義店,早上,雨,M0423,美式咖啡,咖啡,1,70,70.0
A23123,2026-08-20,星期四,中壢店,早上,晴,M1202,美式咖啡,咖啡,1,70,70.0
A22181,2026-08-09,星期日,板橋店,早上,晴,M0563,拿鐵,咖啡,2,90,180.0
A22554,20260814,星期五,信義店,下午,晴,M1190,起司蛋糕,烘焙,1,120,120.0
A23435,20260824,星期一,信義店,晚上,晴,M1093,拿鐵,咖啡,1,90,90.0
A23712,2026-08-28,星期五,板橋店,早上,晴,,拿鐵,咖啡,2,90,180.0
A22737,2026/08/15,星期六,中壢店,下午,晴,M0801,可頌,烘焙,1,60,60.0
A22438,2026/08/13,星期四,信義店,早上,晴,M1996,拿鐵,咖啡,1,90,90.0
A22898,2026-08-17,星期一,信義店,早上,晴,,美式咖啡,咖啡,1,70,70.0
