default,student,balance,income
No,Yes,1071.998307,24457.867245
No,Yes,1319.13336,26443.39458
No,No,461.147031,47572.102536
No,Yes,862.331705,5987.33166
No,No,430.702266,28187.152863
No,No,814.769803,52762.261655
No,No,672.801973,33360.880802
No,No,777.257343,23715.688546
No,No,530.718511,51480.172497
No,No,687.35489,52713.550784
No,Yes,382.460315,8611.830754
No,Yes,677.901143,18380.576635
No,Yes,889.401739,27403.65306
No,No,673.46969,37696.765975
No,No,356.530313,37622.190393
No,No,1255.515633,49942.97765
No,Yes,713.481909,10866.971443
No,No,1124.949685,48778.22458
No,No,581.014753,45279.57931
No,No,1599.81279,38642.832827
No,No,81.882135,24103.794679
No,No,960.970154,35346.052671
No,No,877.703024,40990.672371
No,No,510.85937,55569.071574
No,No,605.275365,38554.167992
No,No,618.99839,55790.698871
No,No,1020.431606,45540.21189
No,Yes,749.220907,12817.946242
No,No,461.938158,46828.773176
No,Yes,354.396839,15833.77261
No,No,252.243944,20552.482342
No,No,628.34533,35911.383876
No,Yes,5.786867,24834.407993
No,No,875.000127,32891.500439
No,No,830.475031,55809.497686
No,Yes,729.322506,21089.446799
No,No,1145.239168,49393.930549
No,No,819.812152,34574.355037
No,No,717.324428,50827.766122
No,Yes,1645.72902,18761.545064
No,Yes,1329.630852,9537.540599
No,No,959.645167,37902.619548
No,Yes,1031.024089,5000.0
No,No,670.932675,46974.172406
No,No,844.873148,37827.173262
No,Yes,402.595884,25204.809561
No,Yes,706.840674,20545.848325
Yes,Yes,2265.795585,20094.744169
No,No,1277.418814,26195.830165
No,No,1000.684161,49509.246615
No,No,730.740856,32316.401228
No,No,1138.860312,38278.109602
No,No,1149.941911,49916.270731
No,Yes,1073.422141,21012.75886
No,Yes,990.172006,24625.633865
No,No,1065.192731,49622.121996
No,No,1194.981789,26638.040735
No,Yes,848.083804,5000.0
No,Yes,201.210446,7855.276544
No,No,1050.179354,47722.481497
No,No,1128.503755,36204.770635
No,Yes,895.313616,11542.056934
No,No,755.295773,44126.542201
No,Yes,900.723276,24621.307207
No,No,1276.806127,47219.426282
No,No,856.907019,36267.057291
No,No,1175.141289,49885.37961
No,Yes,989.814074,9523.400566
No,No,389.047338,32184.211528
Yes,No,2213.271936,60461.713302
No,No,1131.169306,41316.714741
No,No,1186.390307,49889.104857
No,No,0.0,42402.910289
No,Yes,1478.326999,13536.615495
No,No,819.230599,68865.702253
No,No,983.22032,34542.588279
No,No,6.60577,39120.565433
No,Yes,365.901265,16759.68239
No,No,400.622035,52249.265732
No,No,590.111529,59689.171474
No,No,493.245053,41108.839705
No,Yes,966.162491,40497.401319
No,Yes,799.227594,20593.590293
No,No,639.464082,59901.667295
No,No,556.171969,52391.415158
No,No,208.455436,47104.266989
No,No,1152.010523,40585.348171
No,Yes,0.0,30028.095462
No,No,1255.638873,52619.969379
No,No,1178.281433,39253.363328
No,No,1391.500509,47390.949916
No,No,1395.013789,14312.292988
No,No,633.343923,47876.334553
No,No,314.792268,43340.810933
No,Yes,1176.849402,5000.0
No,No,249.804807,51673.043006
No,No,1328.205761,23422.034085
Yes,Yes,1291.575151,5000.0
No,Yes,812.974729,39773.552937
No,No,617.628087,37846.575343
No,No,525.698395,33537.419233
No,Yes,880.486538,20880.643559
No,No,932.800884,47086.771737
No,No,1299.620071,50500.825368
No,No,978.031397,40773.567547
No,Yes,900.00571,16340.565551
No,No,771.181254,41960.27864
No,No,1127.231526,45035.095787
No,No,0.0,55135.781225
No,Yes,1185.181352,15696.080458
No,No,501.80873,42648.846279
No,No,967.481673,42439.653689
No,Yes,826.574384,15415.311086
No,No,1008.31648,36563.834696
No,No,807.017063,29985.835533
No,No,5.102985,42646.999085
No,No,998.747934,43704.835535
No,No,903.66575,50904.866145
No,Yes,568.484543,12596.936237
No,No,955.096129,35023.358028
No,Yes,1072.734326,24174.46182
No,No,502.297363,45480.41778
No,No,577.910191,37666.065768
Yes,No,1867.532,58735.360414
No,Yes,761.632148,32142.387839
No,No,1227.840548,32378.04757
No,Yes,906.083086,22140.880647
No,No,1054.213352,47010.296555
No,Yes,1011.895736,21629.130813
No,No,230.641447,39926.903439
No,No,612.768728,27917.067007
Yes,No,1783.02648,38570.1763
No,No,985.298713,40124.443725
No,No,1568.282614,35046.088139
No,Yes,975.320445,13543.878435
No,No,694.975503,44837.555116
No,Yes,1605.384224,8062.407864
No,No,754.499946,33216.301052
No,Yes,414.679751,23627.08193
No,No,232.214172,28104.440984
No,No,544.083064,45404.351511
No,No,826.038653,34216.08848
No,Yes,180.405405,24316.929127
No,No,688.265214,41635.991305
No,No,82.135171,36917.822065
No,No,1106.592248,49939.324351
No,No,685.03602,28313.876203
No,No,826.013503,32089.027296
No,No,555.084188,41027.705566
No,No,0.0,47791.820777
No,Yes,662.499275,18493.293528
No,No,769.570439,30692.244825
Yes,Yes,1843.91393,9710.333327
No,Yes,1118.300246,34202.565927
No,No,0.0,39653.839006
No,Yes,1241.426977,5000.0
No,Yes,832.02959,5296.91961
No,No,493.37433,51308.762503
No,No,1125.752091,48585.589682
No,Yes,205.510768,26742.776446
No,No,0.0,42051.390489
No,No,240.658015,38515.085031
No,Yes,836.799844,33669.153974
No,No,521.118825,56166.825337
No,No,701.477096,59026.792027
No,No,955.869192,14938.232343
No,No,718.705772,31415.475255
No,Yes,992.327529,10814.692007
No,No,661.444781,48827.952476
Yes,Yes,1291.319128,10091.278422
No,No,320.040491,53073.432224
No,Yes,647.657047,20063.945171
No,No,840.141205,40608.010286
No,Yes,1202.941398,28288.391512
Yes,Yes,1859.860432,13821.940934
No,No,436.197908,40593.801269
No,No,1177.080573,34155.179681
No,No,1243.798737,38935.127748
No,No,176.181604,26994.022122
No,No,670.766094,46623.813924
No,No,0.0,58312.923245
Yes,No,1737.628271,44683.022335
No,Yes,1473.099907,37091.318507
No,No,325.037777,44734.404158
No,No,713.771168,47331.390539
No,Yes,124.141341,34825.708591
No,No,1471.657305,24764.313049
No,No,648.674283,56316.688303
Yes,No,1272.757883,57236.768701
No,No,470.437269,40282.209023
No,No,221.281678,18007.026862
No,No,1154.662551,47677.422996
No,Yes,1468.995438,14675.115914
No,Yes,1477.864321,34609.741752
No,No,818.386943,35888.728426
No,Yes,502.950893,5000.0
No,No,828.562701,37867.39564
No,No,811.633299,45983.872217
No,No,1391.619518,22361.70992
No,No,0.0,43648.808529
No,No,730.758949,34669.369374
Yes,Yes,1887.615312,5000.0
No,No,943.411381,48214.290944
No,No,882.790305,16020.347816
No,No,561.692558,43553.182951
No,Yes,628.81704,25890.014393
No,Yes,350.205142,23716.254248
No,No,720.726455,33510.169465
No,No,1504.384114,45303.114911
Yes,No,2258.539381,35269.96261
No,Yes,393.90289,24472.66864
No,No,326.244699,31689.632338
No,Yes,237.872566,9105.027666
No,No,820.015303,40022.571146
No,No,458.321783,58947.002937
No,No,988.872619,43031.947938
No,Yes,1349.064879,5437.619302
No,No,944.519582,30944.034344
No,Yes,1042.966181,18744.287618
No,No,84.258814,39855.678533
No,No,618.813408,29639.395367
No,Yes,1298.621984,23681.252859
No,No,623.497657,26751.341608
No,No,523.414221,45534.916559
No,Yes,4.044986,5000.0
No,No,530.649865,40418.686175
No,No,590.468098,45828.426447
No,No,1173.66038,31871.736208
No,No,879.591897,47870.016992
No,No,1595.212722,49320.13077
No,No,866.645281,53105.481449
No,Yes,425.259805,19447.137742
No,Yes,884.770741,25620.214817
No,No,701.234076,34587.415496
No,Yes,1009.409854,12633.445911
No,Yes,285.276372,21945.321222
No,No,51.50372,45011.766858
No,No,428.422294,21868.396506
No,Yes,1275.140203,26054.582553
No,No,115.129801,35498.457524
No,No,1189.902022,49447.801255
No,No,760.413089,53393.642842
No,Yes,1451.058359,20963.522575
No,No,0.0,51944.324325
No,No,460.711931,58761.596207
No,No,935.504392,38977.495386
No,Yes,794.464251,15309.966091
No,Yes,0.0,10891.822296
No,No,467.039265,49590.863038
No,Yes,743.16043,47069.844764
No,No,801.045091,41859.197135
No,Yes,1277.962905,23297.517742
No,No,239.403068,38160.348835
No,Yes,1026.477428,24664.046364
No,Yes,1004.673681,17459.912795
No,No,1156.934065,41120.514943
No,No,889.294427,47756.79333
No,Yes,1121.514356,13414.960432
No,No,665.654113,30047.042662
No,No,965.35142,22154.355488
No,No,785.708368,31440.107342
No,Yes,1250.631191,15184.477971
No,No,2018.842259,44584.962698
No,No,1031.425269,33528.217394
No,No,652.011309,38856.694678
No,No,1147.197792,36319.886274
No,No,1139.912294,41080.955517
No,No,1263.473432,48409.981804
No,No,923.642406,55303.618489
No,No,746.371971,38212.233727
No,Yes,1348.772572,35698.597559
No,Yes,1062.680001,33097.963376
No,Yes,341.432692,46124.558961
No,No,783.583855,35977.585728
No,Yes,1652.871689,5000.0
No,No,164.224202,56358.207913
No,No,695.045218,39547.982611
No,Yes,976.053561,14466.603242
No,No,974.93865,56725.919706
No,No,87.208464,38304.151684
No,No,891.16369,37987.044546
No,No,739.323022,59312.846361
No,No,1024.090187,35099.923222
No,No,683.679207,36134.13884
No,No,540.532121,49491.502457
No,No,1562.805381,36108.233413
No,No,107.749444,40997.929488
No,No,678.334377,35134.978944
No,Yes,244.996051,16689.038967
No,No,1601.719076,45248.842429
No,No,341.217329,53545.019926
No,No,683.174162,50634.027783
No,Yes,527.974545,35334.114503
Yes,No,1243.032207,48607.82375
No,No,722.604659,36768.259549
No,No,751.358235,35061.624975
No,No,576.176352,41617.223734
No,Yes,1177.521499,30692.116906
No,Yes,813.479761,25020.829503
Yes,Yes,1826.605924,36519.335916
No,Yes,1021.269246,26617.505077
No,No,851.753191,42648.614558
No,Yes,616.076835,5000.0
No,No,1324.647809,45948.152909
No,No,1353.974872,38892.965236
No,No,927.487448,22727.174751
No,Yes,1226.890667,34686.754395
No,Yes,718.27005,11573.724927
No,No,1252.033183,46312.273331
No,No,781.998484,48027.51782
No,No,712.538624,34944.266058
No,Yes,1087.601932,5000.0
No,No,838.304538,52989.192045
No,No,1745.392098,45742.357026
No,Yes,1184.311992,16274.695213
No,No,405.994325,49467.552117
No,No,415.624946,32753.366624
No,No,1029.625469,38797.58934
No,No,1183.558639,25373.268189
No,No,1248.756596,60377.797199
No,Yes,1367.408789,20379.257517
Yes,No,1756.979345,35820.498815
No,No,1372.333007,33798.585361
No,No,559.971081,30355.174854
No,No,447.665877,30225.326008
No,Yes,1235.130596,11243.621937
No,No,532.810613,43696.833909
No,Yes,859.334123,29189.96402
No,Yes,1388.857943,14741.007575
No,No,1083.225175,43455.549307
Yes,Yes,1216.941376,20736.812747
No,Yes,1586.83849,14513.495972
No,No,140.96315,28385.208339
Yes,No,1967.16938,54791.789867
No,No,836.924912,58196.57496
No,No,423.825158,54035.349149
No,No,1925.114246,55889.95867
No,No,976.556137,45756.477566
No,No,691.780003,29934.249407
No,Yes,984.80575,27010.010648
No,Yes,641.190985,17490.035844
No,No,591.36966,38201.812739
No,Yes,265.249683,18387.370494
No,No,1040.758475,45792.110695
No,No,63.852681,30394.163938
No,Yes,280.421563,25446.398166
No,No,1509.824488,33104.143875
No,No,1650.697027,48406.830538
No,No,46.480096,44051.788783
No,Yes,575.643701,5000.0
No,Yes,1457.250213,23613.890463
No,No,0.0,55061.707619
No,No,403.936255,38374.817609
No,No,1820.283505,41188.593832
No,No,1370.310208,48804.249544
Yes,No,2112.999055,17434.1909
No,Yes,360.615276,38958.794815
No,No,648.79162,38114.383483
No,Yes,34.077105,15183.768271
No,Yes,1544.912409,5000.0
No,Yes,1093.483392,32151.987076
No,No,45.305445,36820.792325
No,No,690.389513,37488.470466
No,No,107.172309,38454.969687
No,No,765.269788,59923.439174
No,No,708.512278,65736.842907
No,No,400.182316,33713.963319
No,Yes,1893.114967,16567.48328
No,Yes,1042.488276,18226.743097
No,Yes,792.854527,18160.408174
No,No,821.769919,28194.79761
No,No,827.607362,41696.894043
No,No,650.809652,44788.082316
No,No,0.0,50059.21454
No,No,704.726527,43913.751623
No,Yes,925.462993,5000.0
No,No,219.343927,50544.591005
No,Yes,1129.619851,10902.467736
No,Yes,1375.029196,39875.561396
No,Yes,1102.266971,30969.92255
Yes,No,1245.090592,34908.581466
No,No,874.463018,37849.547591
Yes,No,1522.110378,56134.214358
No,No,717.729481,39403.611453
No,No,438.117462,27856.481615
No,No,830.213561,37678.107861
No,No,356.359965,35178.884547
No,No,689.418654,47490.11951
No,No,342.443163,50945.957617
No,Yes,870.260447,13430.108022
No,Yes,748.92576,25623.074986
No,No,270.902163,22845.504325
No,No,56.946025,45649.844751
No,No,1179.77492,47499.436684
No,Yes,584.000085,22460.133348
No,No,6.877222,33308.331086
No,Yes,615.146232,21471.865318
No,Yes,1399.39064,20773.2163
No,Yes,256.576375,26921.028982
No,No,1124.081102,40930.834342
No,No,0.0,15064.391485
No,Yes,982.969725,22270.887381
No,No,430.461328,48625.587882
No,No,103.27043,54183.760317
No,Yes,759.250765,6707.514899
No,No,66.438439,44394.680768
No,Yes,1423.973202,10550.859373
No,No,692.304712,48537.361057
No,Yes,679.569025,23260.816545
Yes,No,1589.977077,26626.967944
No,No,505.609762,38129.05267
No,No,336.745092,54213.64882
No,No,577.187803,39068.995503
No,No,1042.335444,23014.245647
No,Yes,444.046986,31158.391972
No,Yes,1508.054597,5000.0
No,Yes,495.851097,29400.609523
No,No,0.0,40191.110309
No,Yes,1175.420317,19729.903754
No,Yes,519.632941,35470.25319
No,Yes,443.703954,10689.76394
No,No,903.215718,37462.836226
Yes,Yes,1807.736435,50503.431582
No,Yes,867.061787,30762.68906
No,No,678.410409,30605.411605
No,No,1109.697716,50643.655458
No,No,1189.568121,35554.120748
No,Yes,1273.968368,18029.821369
No,Yes,0.0,26134.748585
No,No,603.847605,38707.446654
No,Yes,597.150908,13375.50313
No,Yes,956.19521,22930.640028
No,No,1232.986889,43328.544709
No,No,569.373013,43235.119967
Yes,No,1623.336847,27642.672836
No,No,1233.338627,50554.019761
No,No,448.510535,44198.334996
No,No,425.915754,42040.267821
No,Yes,345.380665,42004.097107
No,No,460.715551,54152.525246
No,No,1622.71329,31069.128811
No,Yes,1406.131181,12069.767405
No,No,839.560971,34008.559586
No,No,425.389051,47966.049763
Yes,No,1650.409583,49342.870043
No,No,72.862106,37700.072768
No,Yes,1036.282247,16906.03221
No,No,708.794569,57468.912293
No,No,1166.126154,24977.110456
No,No,432.846595,35369.203323
No,No,1249.93629,49393.747784
No,Yes,1078.308788,5000.0
No,Yes,460.553914,10879.900567
No,No,807.351459,34698.848788
No,No,795.899319,32925.370993
No,Yes,1137.354244,23699.87415
No,No,1369.30198,33704.63577
No,Yes,699.202521,18088.654943
No,Yes,914.304752,19359.376204
No,No,1752.246362,33121.637372
No,No,1437.581525,42439.509642
No,No,886.092321,53751.137919
No,No,515.928822,42741.797841
No,No,1204.561802,22009.919636
No,Yes,647.679432,18565.157984
No,Yes,1058.748158,25700.115109
No,No,858.734619,34711.543593
No,Yes,1150.547321,17079.9444
No,No,585.562196,41719.49608
No,No,170.701855,30169.945807
No,Yes,391.884829,15845.943836
No,No,33.897202,28904.751745
No,No,578.045404,41377.037448
No,No,1228.100136,46505.752624
Yes,No,1384.785072,34217.20257
No,No,876.327088,42935.135562
No,No,1239.117115,43941.591826
No,Yes,277.474664,25595.898578
No,No,355.094827,36735.603885
No,No,728.177302,45724.30992
No,No,690.507775,49856.472993
No,Yes,1184.615089,17652.86538
No,Yes,1874.621621,33822.238567
No,No,197.002461,20481.418372
No,No,824.708473,30344.481314
No,No,536.500178,52350.001525
No,No,404.849099,58119.808235
No,Yes,1217.892819,5000.0
No,No,601.544253,26684.704264
No,Yes,570.665166,30109.102087
No,No,1283.748501,52748.460975
No,Yes,546.758748,26619.770941
No,No,812.85897,38114.971525
No,No,230.724671,30901.845095
No,No,690.114741,50828.881805
No,No,998.042186,41233.703401
No,No,1300.66765,43210.927705
No,Yes,1030.191774,22344.764392
No,No,706.939289,34357.348025
No,No,570.299488,39664.212771
No,No,670.402142,45611.518164
No,Yes,615.331422,9173.956635
No,No,255.379393,18881.281553
No,Yes,895.755899,5000.0
No,Yes,970.357301,20766.976928
No,No,1271.826176,51724.972302
No,No,1469.087328,26720.143936
No,No,776.154874,35782.364776
No,No,1350.26392,23902.798873
No,No,941.349504,33038.93293
No,Yes,1008.834701,16404.001149
No,No,77.211672,46402.060276
No,No,743.032409,43737.604654
No,Yes,732.107484,13803.697331
No,No,483.881591,43754.407743
No,No,0.0,50456.157878
No,No,727.729737,23993.796071
No,No,682.279068,26005.894721
No,No,943.990261,56432.527101
No,Yes,1012.917556,36381.803928
No,Yes,700.208258,17990.886219
No,No,0.0,54327.334433
No,Yes,227.116856,16080.91559
No,No,542.454542,42927.147754
No,Yes,1142.95175,14620.626734
No,Yes,1042.808429,5000.0
Yes,Yes,1013.37718,13054.422108
No,No,727.107571,47535.42994
No,No,394.359862,60657.849697
No,Yes,946.265319,15806.308934
No,No,775.652522,38129.256766
No,No,902.10797,49613.743379
No,No,611.748341,46983.384314
No,No,1107.426606,44468.187752
No,No,459.680763,53323.724994
No,Yes,908.42101,20307.649592
No,No,1057.85857,36213.33754
No,No,403.136945,38466.870699
No,No,171.50783,64676.20388
No,No,1000.814369,41108.147702
No,Yes,0.0,23398.886454
No,No,777.607086,38088.071765
No,No,911.314844,38206.755632
No,No,0.0,39847.375937
No,Yes,1749.673686,18259.479607
No,Yes,1290.414133,26142.990628
No,No,824.365388,39780.150102
No,No,601.666704,34384.150205
No,No,540.346687,46493.029085
No,Yes,660.245307,11903.320314
No,No,867.442783,44613.931104
Yes,Yes,1887.156846,7423.852728
No,No,529.764436,43775.308416
No,No,1192.643814,38209.656583
No,Yes,1543.482689,22717.834347
No,Yes,431.332325,17138.319916
No,Yes,1629.039875,45570.965849
No,No,239.639274,56920.531937
No,No,516.865444,31691.263622
No,No,608.552102,49733.979116
No,No,1561.369058,34738.60862
No,Yes,1556.041572,37238.000885
No,Yes,393.896645,22749.569706
No,No,146.535343,30486.938591
No,No,501.873983,32698.934782
No,No,875.016713,54961.352085
No,Yes,294.194458,13198.843185
No,No,470.956035,42271.606769
No,No,418.385051,28536.896194
No,Yes,1146.624417,26130.515606
No,Yes,1027.116511,22172.098173
No,No,1473.181746,43202.01349
No,Yes,1157.129717,28504.658205
No,Yes,1184.612073,31326.867189
No,Yes,963.203489,24089.157186
No,No,548.779596,33579.082617
No,Yes,1015.294905,23872.633363
No,No,428.530424,35423.520748
No,Yes,802.011074,23053.496615
No,No,1182.775976,49639.205735
No,Yes,1512.214605,32551.220287
No,No,827.202023,33305.306455
No,Yes,715.167446,17843.278206
No,No,655.923625,28464.291848
No,No,1374.660342,41822.593499
No,Yes,1811.300824,46217.248753
No,Yes,1170.932614,13707.649229
No,No,1399.519578,47470.589411
No,No,975.805015,43341.520614
No,No,996.187305,51214.337703
No,Yes,860.816611,29238.266401
No,No,330.827196,52816.321558
No,No,530.441089,41504.892329
No,No,581.94345,43672.198799
No,Yes,337.03362,17640.705302
No,Yes,683.618991,31076.584576
No,No,1167.272002,45992.039306
No,Yes,1272.002955,30135.653576
No,No,1052.1801,41728.755497
No,No,847.91895,32661.085286
No,No,735.927383,45617.471143
No,No,738.567224,45194.423411
No,Yes,1115.057781,14876.30156
No,Yes,1015.128045,27216.100509
No,No,578.916442,42686.922263
No,No,531.412358,31988.263492
No,No,1671.046358,35216.652441
No,No,287.97072,70081.276076
No,No,311.931069,41726.113997
No,No,339.975297,41859.828029
No,No,633.166713,33416.14865
No,Yes,1386.326729,32571.439863
No,Yes,710.939749,7519.911552
No,Yes,996.808994,15540.150448
No,No,154.188255,41596.663687
No,No,782.25212,46066.733537
No,No,342.249952,36573.59131
No,No,743.033732,50040.746526
No,No,1303.945523,53175.776629
No,Yes,196.320879,12335.67403
No,No,311.879536,38942.718248
No,No,1008.722806,50849.236513
No,No,984.528759,44833.553185
No,Yes,967.112524,9450.255416
No,No,1226.268764,69340.217829
No,No,1235.991533,51911.08388
No,No,251.177809,48971.049962
No,Yes,932.573962,11217.641623
No,No,50.731358,33107.794357
No,No,233.167872,37805.101202
No,No,1121.728762,45736.236297
No,No,646.506043,32096.06951
No,No,38.40007,52756.626885
No,No,1127.837738,73370.026686
Yes,Yes,1548.547936,8459.130407
No,No,553.358483,38805.534343
No,Yes,512.059314,28689.529762
No,Yes,368.948741,25594.28734
No,No,1025.540868,55161.869979
No,Yes,378.903098,26695.835092
No,No,931.59001,49005.428537
No,Yes,1145.374219,27849.172499
No,No,558.973426,59375.396196
No,Yes,780.9344,17708.795229
No,Yes,1491.180707,34122.490866
No,Yes,481.45968,22511.408886
No,No,711.926603,57694.671504
No,No,954.994992,40434.951183
No,Yes,966.599021,9716.833189
No,No,723.310086,37675.539799
No,No,0.0,46296.839738
No,No,1347.197259,46257.635357
No,No,982.883501,24289.415022
No,No,668.628088,31296.538156
No,Yes,1205.002408,15130.974228
No,No,314.062249,41400.900977
No,Yes,737.436745,38871.167672
No,Yes,753.006785,11651.175055
No,Yes,883.453296,30157.043214
No,No,309.840915,45362.003971
No,No,1456.891385,29934.456431
No,No,1049.315827,31789.012691
No,No,784.667151,55454.453305
No,No,803.704552,48129.168248
No,No,142.9159,53202.198377
No,Yes,1124.379326,28821.848834
No,Yes,1389.49942,22335.855065
No,No,617.92956,43527.213333
No,No,404.178326,41016.960946
No,Yes,924.252981,30200.264677
No,No,766.419573,52877.492663
No,No,982.539108,42963.720309
No,No,629.417131,59500.228255
No,No,1053.356609,25775.517783
No,No,1084.346821,55716.07467
No,No,898.906059,52833.282382
No,No,462.528805,30570.207278
No,No,438.089259,37554.326828
No,No,291.5718,54639.702297
No,No,226.638583,43555.758232
No,Yes,1357.790691,26212.652733
No,No,771.151382,50200.062172
No,Yes,1689.44145,30978.491998
No,No,950.631401,40702.765893
No,No,0.0,40297.948921
No,Yes,457.351343,16720.76748
No,No,989.008634,54568.058856
No,Yes,950.101556,29301.578476
No,No,1175.027477,25420.427787
No,No,654.578761,41588.026547
No,No,773.549205,46707.365844
No,Yes,484.041323,32802.4368
No,Yes,1147.139642,18124.326411
No,No,1132.764635,34409.035237
No,Yes,739.472221,26787.051535
No,Yes,408.546015,8161.787503
Yes,Yes,1634.329246,25488.543338
No,No,289.156642,52261.070061
Yes,No,1669.694371,30711.636987
No,No,973.347044,57290.037668
No,Yes,1201.398097,19195.817259
No,Yes,1152.037065,21064.221353
No,No,1179.259345,23629.267723
No,Yes,236.676379,33330.266261
No,No,1164.450456,44347.889867
No,No,166.250043,48106.412082
No,No,1626.258646,51244.934549
No,No,286.375136,25743.379962
No,No,692.642821,53053.459698
No,No,0.0,47185.676952
No,No,759.551527,51372.429325
No,No,737.988644,32523.033085
No,No,209.406478,42410.31436
No,No,161.350986,36720.339036
No,No,752.856179,36155.98785
No,Yes,1174.477802,21621.657561
No,No,496.765882,37348.914096
No,No,938.933766,44171.952736
No,No,872.686033,67329.217843
No,No,943.181532,25475.68711
No,No,570.287512,43666.258707
No,No,715.509327,38246.990515
No,Yes,921.060436,5000.0
No,No,562.89794,28340.313188
No,No,872.644349,39766.427882
No,Yes,1653.500367,17151.96182
No,No,1519.445835,32884.561665
No,No,944.33361,39918.235858
No,No,1020.763084,32873.809132
No,No,360.07143,66054.132529
No,No,804.423061,24144.068104
No,Yes,316.965264,16118.814106
No,No,639.004997,54355.48771
No,Yes,1832.931925,13042.352565
No,No,766.789292,56838.707699
No,Yes,506.35549,17867.524218
No,No,758.059064,42635.444486
No,Yes,360.37491,29640.515947
No,Yes,773.37674,33107.85232
No,No,733.338669,46965.802918
No,Yes,968.623687,17349.040766
No,No,282.889624,37459.245441
No,Yes,647.738765,17391.873211
No,No,884.212706,37757.264716
No,Yes,1396.26716,18855.26516
No,No,882.994188,32145.427172
No,No,1067.977336,56228.240459
No,No,321.531045,43579.002905
No,No,388.247156,28154.223496
No,No,322.512841,50135.722434
No,Yes,781.343652,5000.0
No,No,708.536091,38057.529503
No,No,647.133269,57632.950252
No,No,1148.230255,47858.833865
No,Yes,1342.898947,10429.111659
No,No,232.898088,45770.971086
No,No,1079.648468,41193.170846
No,Yes,1068.990047,11728.74058
No,No,675.138206,45311.841183
No,No,514.508962,58525.661818
No,No,1025.523051,37432.452562
No,Yes,1146.822947,24036.756376
No,No,400.844686,34307.756862
No,No,1707.025364,37222.079421
No,No,490.472857,49048.4331
No,Yes,1167.968457,17216.855919
No,No,181.689064,42729.672648
No,No,624.88377,28280.237096
No,Yes,652.62368,16396.221981
No,No,1483.453004,28168.003023
No,No,248.060367,45008.407825
No,Yes,806.628981,8206.668609
No,No,849.469642,34267.340201
No,Yes,1147.27776,26907.098114
No,Yes,1451.443068,25089.556421
No,No,473.051323,36721.205404
No,No,314.161406,59153.700582
No,No,920.363356,38845.072764
No,Yes,1107.799727,14356.022198
No,No,105.074478,40976.664801
No,No,1360.356472,56301.058566
No,Yes,732.654152,26404.124876
No,No,600.961928,64257.752162
No,No,1055.70376,41336.184995
No,No,681.292973,62638.542649
No,Yes,1236.422441,37175.786496
No,No,1238.156933,33225.619096
Yes,No,1742.007444,24897.022031
No,No,272.749376,44305.524322
No,No,997.893255,49436.363152
No,Yes,117.603767,40988.59201
No,No,0.0,46890.372
No,No,0.0,59868.861631
No,No,1408.49667,47742.913853
No,Yes,971.928724,21520.234903
No,Yes,1592.385725,19585.244362
No,Yes,817.206247,25612.221641
No,No,567.161984,40765.547789
No,Yes,891.321615,15697.297544
No,Yes,231.393991,12376.729569
No,No,410.960794,37583.109334
No,No,396.141587,45948.673568
No,No,483.049569,45035.223255
No,Yes,760.735533,28508.372405
No,No,623.570567,50454.131478
No,No,1079.856912,49351.555325
No,No,844.954684,35831.90792
No,No,632.366523,55641.686885
No,No,163.223012,42325.206369
No,No,951.889733,49282.401595
No,No,815.539587,44723.100619
No,No,1048.556956,41048.820539
No,Yes,754.579156,19603.677793
No,No,56.884584,37981.77438
No,No,590.019067,31027.117087
No,No,377.926743,53307.646469
No,No,1073.272848,36538.426278
No,No,1215.021779,47321.748597
No,No,962.338631,44420.076763
Yes,No,2249.205391,20216.380209
No,No,1127.204951,28694.496
No,Yes,0.0,17422.875345
No,Yes,565.675614,21091.24524
No,No,529.331066,33259.006448
No,Yes,587.172549,18038.465602
No,No,768.034496,35810.673281
No,No,168.867386,36092.046195
No,No,1006.849186,33160.290643
No,No,1009.550381,30668.217057
No,No,721.99875,46893.437845
No,Yes,982.475377,14314.663732
No,No,512.532414,54965.826371
No,Yes,982.434833,5000.0
No,Yes,1055.55961,5000.0
No,No,568.036882,38450.016959
No,No,804.753484,53393.205743
No,Yes,603.758779,30019.287089
No,Yes,1497.579519,23466.985853
No,No,1029.224593,42210.594168
No,No,415.344806,36618.03778
No,No,1370.696569,23769.010912
No,Yes,835.649437,15493.196161
No,No,1049.795149,47858.711836
No,No,959.316468,44828.523368
No,No,818.236659,39808.835977
No,Yes,1667.821313,17787.65617
No,No,1392.240893,32797.689077
Yes,Yes,1475.885144,18000.209787
No,Yes,1553.939628,24029.758779
No,Yes,826.87577,36204.402581
No,Yes,876.133314,25974.267603
No,No,1600.066751,43309.855341
No,No,736.955417,41967.60342
No,No,948.046671,44869.533413
No,No,466.669037,44484.223416
No,Yes,1619.340446,5438.703148
No,Yes,607.040524,6545.713325
No,No,1097.194871,46823.275953
No,No,975.41634,29392.521726
No,No,335.852575,36761.748935
Yes,No,1944.140464,44857.017079
Yes,Yes,1742.035579,11993.749248
No,No,754.440856,24031.414091
No,No,1158.427182,42517.700949
No,No,867.868413,23780.45063
No,No,185.883553,42484.90465
No,Yes,880.419382,5000.0
No,Yes,457.757647,5000.0
No,No,43.337628,34206.720122
No,No,905.726585,52043.567431
No,Yes,540.565986,5000.0
No,No,971.58832,29099.267821
No,No,830.026104,46959.626963
No,No,463.325992,48598.91699
No,No,907.406047,37849.178242
No,No,1268.255038,46803.015224
Yes,Yes,1753.773218,11794.825274
No,No,871.797627,26994.28424
No,No,0.0,54278.757349
No,No,579.801077,50081.47768
No,Yes,791.233932,15374.400519
No,No,1138.67144,48383.174756
No,No,0.0,42618.767455
No,Yes,1085.979855,20076.759804
No,No,331.57258,43336.063835
No,Yes,904.963844,32553.894425
No,No,469.170162,45421.937261
No,No,574.994957,53192.326019
No,No,458.536716,41987.328722
No,Yes,1173.891353,35223.494989
No,Yes,985.049939,8709.899095
No,No,1530.021013,27958.405526
No,No,0.0,51742.882682
No,No,1050.61164,45062.059379
No,Yes,764.276135,31242.881162
No,Yes,1073.110419,22284.693892
No,No,1407.645235,44173.658878
No,No,1277.883367,53287.352008
No,Yes,1395.885656,19229.152666
No,No,1187.930594,44015.088368
No,No,615.974346,39234.618013
No,Yes,206.901886,23611.578726
No,Yes,1210.945396,22308.953934
No,No,0.0,33862.883069
No,Yes,814.58304,19219.553963
No,Yes,1218.776194,15292.736326
No,No,722.580422,33246.873584
No,No,1589.36057,31821.215678
No,No,1344.297328,32643.373784
No,No,1390.38194,45355.832852
No,No,1098.296227,56686.498555
No,No,569.942389,44047.891534
No,No,363.693554,34817.039512
No,No,597.550873,35716.086897
No,Yes,1280.328503,10631.513276
No,No,555.393651,24675.963626
No,No,1200.50758,39980.647145
No,No,399.381086,35408.869233
No,Yes,1121.67875,26458.093194
No,Yes,730.909645,5000.0
Yes,Yes,1250.387141,5000.0
No,No,930.853096,51198.233824
No,No,641.721744,32488.211619
No,No,1194.227294,52225.290039
No,No,553.33946,37911.895787
No,No,701.636825,47816.084888
No,Yes,1394.079872,29202.592764
No,No,920.732696,46799.949475
No,No,331.152605,39494.301603
No,Yes,1529.199299,11416.532059
No,No,48.974123,38310.626911
No,No,231.439804,55651.778898
No,Yes,412.147664,16777.470997
No,No,751.33583,44619.867647
No,No,932.576982,46043.611333
No,No,947.78268,36471.624541
No,No,1159.341181,49696.540929
No,No,1263.908355,55165.077636
No,No,836.151434,25396.514023
No,Yes,1084.300234,23231.297237
No,No,934.83052,40915.094873
No,No,176.860197,42912.444755
No,No,503.928544,32258.616611
No,No,1341.916069,49644.184237
No,No,796.99309,29390.958804
No,No,1504.8793,39483.462067
No,No,701.308351,30352.034692
No,Yes,1241.521885,39521.648984
No,No,347.992263,50950.760439
No,Yes,1725.805934,19786.356128
No,No,0.0,54677.764223
No,No,713.030625,25710.891017
No,No,617.054466,29581.706389
No,No,654.358191,35220.0745
No,No,1342.758146,36057.568286
No,No,689.541125,41923.485418
No,No,162.552817,50024.649599
No,Yes,101.20183,9155.423123
No,No,789.641021,48650.067784
No,No,1365.861919,51709.462053
No,No,870.954604,42945.780723
No,No,1092.842868,34543.761031
No,No,934.163645,31861.388797
No,No,968.008007,38193.275876
No,No,750.858997,37130.439442
No,No,854.130597,50404.874743
No,Yes,1334.047621,20646.985837
No,No,179.061914,65818.040656
No,No,1228.258347,34700.661473
No,No,743.15848,28246.575087
No,No,641.443587,44220.369605
No,No,1047.235137,41217.325704
No,Yes,1357.075036,31016.642191
No,No,453.938253,43782.641564
No,No,936.433723,54318.910337
No,Yes,411.885399,37805.117647
No,No,1458.650445,46795.819795
No,No,780.592433,54463.710841
No,Yes,917.761935,31277.63271
No,No,901.182172,25623.260078
No,Yes,1126.851411,18137.104124
No,Yes,866.35139,13232.533654
No,No,263.29695,42324.871848
No,No,936.794002,33391.155708
No,Yes,784.448563,36457.508402
No,No,268.506892,44681.184699
No,No,919.794218,35621.107841
No,No,452.765693,35328.283274
No,Yes,581.660852,28480.910235
No,No,794.169746,43348.931309
No,Yes,623.680392,14061.321647
No,No,1193.605904,47046.933816
No,Yes,139.837095,5000.0
No,No,327.321072,41205.223523
No,Yes,1259.086552,41549.664716
No,No,506.348896,17818.849152
No,No,693.294753,27664.535293
No,No,1005.19562,39593.758381
No,Yes,566.727445,12539.232057
No,Yes,295.973436,18303.632244
No,Yes,1158.879816,13096.474106
No,No,534.495025,23887.430955
No,No,1592.938787,50284.63017
No,No,784.056193,52060.143088
No,No,50.917441,51800.346902
No,No,765.877107,52481.755947
No,No,1054.800431,50509.613946
No,No,381.719833,49430.202238
No,No,633.042143,20040.16655
No,No,805.842749,41412.283782
No,No,301.997144,29254.860064
No,No,940.598849,63320.286517
No,Yes,938.243656,33802.735088
No,No,1016.228932,53537.191761
No,No,1199.074061,47255.448006
No,No,854.823462,42347.439378
No,No,631.855565,58638.743052
No,No,1136.154212,38831.126805
No,No,1038.812515,48091.329602
No,No,366.016009,46688.083383
No,No,525.936745,58471.099386
No,Yes,1222.730355,17051.387415
No,Yes,1112.852662,13845.558748
No,No,80.428155,35921.708216
No,No,1374.808349,49424.058729
No,No,1229.920104,44275.472449
No,Yes,1577.346273,20591.963458
No,No,920.818165,29377.54835
No,No,1075.777299,26945.498172
No,No,907.295599,64043.201163
No,No,108.380401,29221.802562
No,Yes,1004.546775,13669.644404
No,No,853.87041,55781.221207
No,Yes,275.161643,26246.212955
No,Yes,789.084883,15961.015236
No,No,609.010958,45877.532669
No,No,1164.588778,40769.809451
No,No,0.0,66328.596034
No,No,629.359184,35317.537091
No,Yes,1236.679382,28618.144879
No,Yes,1016.784847,17151.755109
No,Yes,1165.493396,32946.271516
No,No,628.908964,36033.949102
No,No,1430.291365,53031.825226
No,No,632.848871,29405.954099
No,No,701.809948,34678.76489
No,Yes,655.174971,26790.166549
No,No,1322.968902,30834.178669
No,No,1012.414422,53204.073055
No,No,884.503628,39825.845439
No,No,1061.178405,30742.188636
No,No,1175.863867,66784.796685
No,Yes,1432.311739,7366.218315
No,No,728.671899,36279.60155
No,No,247.86202,49427.07818
No,No,1385.502386,43041.68148
No,Yes,964.189449,27387.793642
No,Yes,1328.705703,5000.0
No,No,1104.768877,13658.719054
No,No,540.03323,35790.983497
No,No,340.266945,34978.470836
No,No,752.356344,41868.589959
No,Yes,1349.325459,20195.073235
No,No,218.368644,34167.922821
No,No,1080.653568,45959.563656
No,Yes,457.332501,16252.551747
No,No,0.0,36571.368698
No,No,114.916329,46547.324966
No,No,1595.154805,37468.380756
No,No,638.06966,40005.109967
No,No,1187.493421,36677.364037
No,Yes,1165.773487,18980.87736
No,Yes,1134.047327,16868.661756
No,No,1426.829156,43263.356136
No,No,576.735876,48405.150455
No,Yes,926.695911,21959.975109
No,Yes,924.927143,24986.178932
No,No,692.728246,37736.682961
No,No,1162.434503,59702.516863
No,Yes,833.21971,22588.194773
No,No,525.023588,46443.32755
No,Yes,921.783419,22667.478514
No,No,506.032131,39973.044227
No,No,651.050787,37586.139612
No,Yes,1243.975755,16250.390773
No,Yes,1440.51335,22367.942972
No,Yes,1284.694406,28976.340155
No,No,618.960255,50944.950521
No,Yes,1445.61542,5000.0
No,No,0.0,40092.588408
No,No,175.220035,45606.830055
No,No,695.015723,58077.584075
No,No,695.883908,36917.623236
No,No,856.365963,35921.321924
No,Yes,786.644745,22945.930343
No,No,654.161381,44088.703559
No,No,362.113179,46893.794738
No,No,1045.423593,21451.555703
No,No,134.261794,52984.425146
No,No,1214.221506,68171.089197
No,Yes,1182.235425,27861.96562
No,No,914.896893,31556.671249
No,Yes,454.360399,8609.524516
No,Yes,689.409387,20418.216687
No,No,1125.167551,40122.845738
No,No,535.189976,49588.240711
No,Yes,11.607964,13308.359016
No,No,901.984476,32801.559105
No,No,394.792633,58600.397593
No,No,50.362348,19028.709018
No,No,303.82335,13204.103323
No,Yes,506.638912,10375.217817
No,No,399.588342,31351.363468
No,Yes,390.42433,24355.817413
No,No,781.693422,56018.843912
No,Yes,594.735127,21631.649554
No,Yes,1582.6608,26254.781034
No,Yes,837.134782,49253.712992
No,No,931.43829,48714.59676
No,Yes,101.226865,18408.361256
No,Yes,1370.429059,17674.086241
No,No,0.0,63523.897769
No,No,417.082842,61480.49144
Yes,No,1670.173793,34229.31295
No,No,847.593358,23421.834823
No,No,531.79865,40755.838882
No,No,0.0,42883.356134
No,No,1103.731949,28118.606507
No,Yes,684.126188,21662.540194
No,No,1191.990042,40219.330262
No,No,1140.123542,54852.369457
No,Yes,270.19779,19920.362849
No,No,288.709817,48294.96497
No,No,1931.804554,43734.155876
No,Yes,1182.749757,19427.768504
No,Yes,765.996054,13445.014074
No,No,636.519705,34552.734612
No,No,1172.57801,35346.80025
No,No,941.818589,63729.855517
Yes,Yes,1594.140191,17800.288128
No,Yes,408.891922,7286.916155
No,No,376.515972,48650.071453
No,No,960.494908,53103.686533
No,No,1075.649779,51765.810358
No,No,569.702869,59534.14486
No,No,1527.992449,35188.353414
No,No,776.172761,37988.170999
No,No,173.509829,44639.344089
No,No,1102.52771,47473.743408
No,No,255.294954,33439.581011
No,No,575.337325,46473.925982
No,No,45.310665,54628.925525
No,Yes,894.79873,16770.476858
No,Yes,1216.885373,16870.220964
No,Yes,885.329285,28678.290681
No,No,712.972787,45414.613455
No,Yes,359.815564,28280.858662
No,No,1113.492776,38068.191342
No,No,598.010463,50691.847515
No,Yes,905.344427,16005.459112
No,No,1611.683686,57067.911703
No,No,619.622893,38068.647312
Yes,No,1831.90325,51663.018199
No,Yes,1063.613467,29905.182296
No,No,1076.455611,56216.28544
No,No,654.694968,43145.481274
No,No,645.390814,48846.573634
No,Yes,750.513884,8636.905644
No,No,862.69273,29887.923543
No,No,1242.086603,31446.755307
No,No,1033.27907,45566.881189
No,Yes,988.631205,23818.001798
Yes,Yes,1389.046547,19177.113326
No,Yes,343.50217,13690.65383
No,Yes,625.897077,14788.462185
No,No,257.058814,44084.914294
No,No,1159.459725,38199.479902
No,Yes,730.306687,29395.805471
No,No,788.896194,30445.273016
No,No,868.973127,44714.778998
No,Yes,680.144287,25770.117556
No,No,895.3173,36375.747195
No,No,610.827518,32618.714447
No,Yes,1309.800389,28414.100951
No,Yes,749.265052,23916.079988
No,No,1008.520423,50865.677082
No,No,47.833832,42368.537224
No,No,127.580804,38800.386345
No,No,1362.745274,41769.891752
No,Yes,889.929938,20622.491826
No,No,289.157163,30185.813911
No,No,229.721893,58075.735301
No,No,388.74523,28993.78297
No,No,1093.31207,32295.08995
No,Yes,431.862754,17360.512894
No,Yes,910.515714,22961.142793
No,No,259.037161,41940.035413
No,No,601.661308,38835.319346
No,Yes,1511.027833,13328.148863
No,No,37.293328,60351.517737
No,No,1284.378588,49601.106177
No,No,260.049621,41844.00552
No,No,863.85736,37461.448454
No,Yes,750.140452,31048.267072
Yes,No,1188.887328,63556.166686
No,No,1113.953595,47871.735653
No,No,619.062248,40367.205287
No,Yes,393.300295,24485.163563
No,No,212.322902,43076.889952
No,No,1173.475052,49474.081105
No,Yes,684.283425,14161.278298
No,No,677.359306,24654.360015
No,Yes,710.221407,27740.167135
No,No,372.062324,52643.754323
No,No,1279.324379,41926.836352
No,Yes,1258.041575,23439.251111
No,Yes,0.0,15930.549029
No,No,752.06631,51914.266713
No,Yes,228.620081,29355.641404
No,No,1139.389418,28118.692579
No,No,647.140117,29044.474098
No,No,1418.782943,41932.437652
No,Yes,406.108031,38772.485691
No,No,1061.575389,35622.259028
Yes,No,1689.899312,32934.773436
No,No,0.0,45444.01389
No,No,470.501208,33488.120038
No,No,702.099601,36618.378487
Yes,No,1327.351561,39626.065715
No,No,694.318714,25586.988432
No,No,0.0,33049.677708
No,No,796.847944,43956.359431
No,Yes,1336.103334,36634.508367
No,Yes,926.089131,22553.436748
No,Yes,622.835744,23237.659731
Yes,No,2084.525703,45046.168257
No,No,368.35436,51809.382583
No,Yes,667.213753,17907.528266
No,No,652.485949,59725.592358
No,No,1625.509621,39693.808525
No,No,870.428378,48799.288484
No,No,1210.393513,43705.42526
No,No,1008.322381,38382.90268
No,No,636.403686,52916.60945
No,No,761.493023,25764.627679
No,Yes,266.686046,19711.00705
No,No,757.198163,48499.061123
No,Yes,1222.868735,25535.034786
No,No,243.543936,31872.504314
No,No,709.098582,32630.24535
No,Yes,1265.807426,22752.38241
No,Yes,1047.510329,11315.504856
No,No,582.133722,39802.841618
No,No,726.79492,41998.293788
No,Yes,1514.47997,15818.514207
No,Yes,1029.702463,15947.513171
No,No,701.238168,44756.787094
No,No,695.592701,36505.289359
No,Yes,878.142872,24956.827971
No,No,636.397407,44366.907822
No,Yes,1017.926946,16891.592369
Yes,Yes,1960.830508,21008.624595
No,No,1021.245661,29797.983528
No,No,740.066336,47909.954042
No,No,270.278456,65784.287086
No,Yes,1365.200209,20345.019361
No,No,105.307552,40925.133766
No,Yes,709.01299,11449.325063
No,No,574.825937,34240.710689
No,No,544.464638,42551.80257
No,No,373.276276,56346.861397
No,No,910.898829,18994.068681
No,No,289.392393,44154.194613
No,No,0.0,55048.844361
No,No,851.497908,25726.217332
No,Yes,961.413701,34185.255649
No,No,350.205432,49611.591201
No,Yes,1063.045095,14025.99933
No,Yes,1186.136403,36935.642019
No,Yes,1206.044772,29828.60218
No,No,596.642024,45649.004205
No,No,1433.427963,52283.924776
No,Yes,1413.578774,13612.242909
No,No,665.778624,52641.510752
No,Yes,516.388992,24560.209547
No,No,68.58545,37992.618195
No,No,174.428653,20873.290782
No,No,509.309184,40556.924106
No,Yes,567.402483,30079.675724
No,No,220.402429,35150.437924
No,Yes,1178.981949,33949.436887
No,Yes,392.110362,11516.058569
No,No,951.81623,41098.052233
No,No,27.666334,36623.288996
No,No,999.107119,12089.959303
No,No,650.274452,44513.06066
No,No,0.0,29619.310259
No,No,402.945103,67646.096189
No,No,1392.857898,34931.545924
No,No,545.289049,36463.284482
No,No,303.652103,51858.090229
Yes,No,2274.552696,34456.873514
No,No,1055.320027,63983.700706
No,No,92.568081,52442.646596
No,No,625.979717,34965.204901
No,No,128.339436,40690.535057
No,No,256.590202,21071.304291
No,No,1568.246732,50942.162253
No,No,275.906698,35284.744009
No,No,1135.543075,57094.239677
No,Yes,1178.621784,22004.437358
No,Yes,1302.905785,25391.625844
No,No,699.242724,37315.994589
No,Yes,1358.806344,5000.0
No,Yes,1737.114246,20617.837503
No,No,1167.622894,39440.47975
No,No,759.576103,39166.253271
No,No,1020.78094,43626.747135
No,No,1102.35782,46119.813454
No,No,1553.519043,36225.411077
No,Yes,772.481492,32266.925612
No,No,884.863884,29501.632473
No,No,0.0,46070.776557
No,No,1099.224246,61921.779641
Yes,Yes,1710.255096,21877.025656
No,No,973.290921,50747.165549
No,Yes,1181.143834,42735.018076
No,No,896.553558,46894.725226
No,Yes,1005.275547,44617.968597
No,Yes,1191.004609,25431.736665
No,No,0.0,33334.092119
No,No,1091.213644,26925.371086
No,Yes,753.948746,23695.422691
Yes,No,1507.174625,20651.467388
No,No,1781.078818,52825.56007
No,No,0.0,49023.914051
No,No,883.817614,46650.033451
No,No,1122.179656,28044.202691
No,No,1157.691356,39966.796178
No,No,1166.150189,53151.127549
No,No,467.591466,36382.147084
No,No,344.297984,41556.516897
No,No,946.00336,43796.765825
No,No,972.603335,42657.082393
No,No,249.842286,44976.555522
No,Yes,686.092044,37315.518123
No,No,872.322304,34999.776244
No,Yes,1764.059679,21530.810586
No,Yes,882.394472,21935.008209
No,No,1030.49442,41499.665084
No,No,281.445906,35452.031075
No,No,862.869177,43653.837945
No,Yes,1286.159597,18096.484558
No,No,115.967777,35455.024744
No,No,0.853994,41974.141105
Yes,No,1787.191083,51264.045965
No,Yes,1168.395281,16465.558917
No,Yes,374.04894,18878.518617
No,No,683.989369,43179.093994
No,No,1015.942811,62995.333316
No,No,531.470374,29169.021371
No,No,497.194595,27531.00555
No,No,142.560584,27341.338752
No,No,657.631285,35401.473753
No,No,545.302666,42332.937709
No,No,924.342217,33116.620286
No,No,57.27072,38172.913453
Yes,Yes,1708.676187,36648.811527
No,Yes,809.182877,28932.041464
No,No,1363.365291,34304.741245
No,No,768.300944,42247.27044
No,No,824.754107,38959.386087
No,No,896.187739,33166.302584
No,No,749.446385,59523.030438
No,No,316.844012,43423.415466
No,Yes,240.248373,17335.374659
No,Yes,1257.545084,23567.910752
No,No,365.189267,30881.868256
No,No,475.422644,43527.730865
No,Yes,779.319561,26911.653954
No,No,956.567284,50152.05245
No,No,547.43853,46932.636479
No,No,870.222676,39579.881136
No,No,523.067435,36566.077578
No,No,0.0,50536.375849
No,No,1044.339657,43975.42487
No,No,767.373416,46611.951268
No,No,572.981944,35912.49599
No,No,160.171103,46674.675965
No,No,772.362724,41432.119852
No,No,198.126439,42103.637181
No,No,928.160603,43965.136273
No,No,552.784425,38599.75953
No,Yes,1223.783057,16803.173181
No,Yes,804.186776,28440.126041
No,No,806.167285,50907.258082
No,No,281.34412,35154.426804
Yes,Yes,1667.242277,14828.439451
No,Yes,1423.008027,5104.57072
No,No,312.938288,41410.498854
No,Yes,992.795048,32548.78497
No,Yes,622.946515,27507.780396
No,Yes,171.8809,32783.938407
No,No,1292.941459,44089.414382
No,No,411.433234,29478.313072
No,Yes,715.835594,22551.430438
No,No,1083.296647,44172.145303
No,No,1622.813947,51300.140375
No,Yes,359.836635,15106.385628
No,No,491.188759,49119.975728
No,No,0.0,56657.366523
No,Yes,387.03999,34660.772622
No,No,644.859088,44785.717703
No,Yes,1042.310721,8514.609839
No,No,599.807144,47839.013719
No,No,393.580309,53515.454273
No,Yes,1081.535644,12624.493347
No,No,938.001113,26355.163415
No,No,607.450048,29244.846315
No,No,673.844134,34713.136961
No,No,772.640001,36594.664385
No,No,190.30645,32567.845214
No,No,427.555551,53040.757621
No,No,828.514156,51680.682791
No,No,1236.914504,46714.022471
Yes,No,2542.645706,24036.15513
No,No,823.805501,46872.196825
Yes,Yes,2001.316217,13529.098852
No,No,638.157937,40721.363969
No,No,1204.115988,23894.234444
No,No,1073.665324,40164.931983
No,No,703.292567,36738.962596
No,No,349.975015,44569.007835
No,No,186.685037,44933.698084
No,Yes,844.401653,10814.380589
No,No,528.657678,54846.932624
No,No,484.659285,50717.883584
No,No,261.463821,44655.453153
No,No,994.75223,31414.352656
Yes,Yes,1486.650071,15455.13742
No,Yes,752.776574,30000.644678
No,No,437.904769,34829.962818
No,No,22.978046,54824.300008
No,No,1064.24741,31841.45396
No,No,504.135002,26667.223896
No,No,1464.434928,42007.087557
No,No,1131.670439,32286.529219
No,No,1096.39113,41042.114915
No,Yes,920.614127,19146.816407
No,No,402.974073,44072.444872
No,Yes,1152.868945,25033.069196
No,No,652.087964,34855.726447
No,No,1325.393379,40796.837653
No,Yes,478.244008,21599.44698
No,No,801.28607,17843.063997
No,Yes,679.020618,10326.006944
No,No,581.381282,45498.155405
No,No,1642.339305,53641.113156
No,No,673.896349,45204.971131
No,Yes,879.993358,19786.772839
No,No,1122.596568,59817.809359
No,No,730.454738,36469.673593
No,No,1007.401638,51165.63206
No,No,603.012703,43463.403105
No,No,1130.210058,27008.11244
No,No,38.943061,47887.276084
No,Yes,797.511227,29057.892835
No,No,918.677712,33487.734539
No,Yes,712.471396,17254.661542
No,No,1476.101629,40767.555319
No,No,228.614952,39627.102004
No,No,388.861417,33528.559955
No,Yes,1417.296471,21923.611442
No,No,444.589116,49106.120609
No,Yes,15.314414,10987.335736
No,Yes,769.930882,5000.0
No,No,671.224145,40656.32505
No,Yes,485.444387,11885.370004
No,No,241.451337,42720.350742
No,No,640.542947,33372.342999
Yes,Yes,1226.940962,38761.630184
No,No,842.729998,57809.853759
Yes,No,1375.918005,36167.706262
No,No,979.269164,33764.186312
No,Yes,1143.484845,13899.927668
No,No,701.702475,48766.729926
No,Yes,598.391368,20520.337545
No,No,466.570276,48490.837386
No,Yes,612.151824,34645.823636
No,Yes,1634.296906,45377.784431
No,No,0.0,39016.554598
No,No,949.454475,48737.938355
No,No,897.376687,42430.208496
No,No,1313.181805,44308.022197
No,Yes,1272.778837,34925.282137
No,No,473.919061,37689.243125
No,Yes,312.78674,10077.684725
No,No,278.910013,44722.119521
No,No,1285.939016,42874.57326
No,No,712.736327,40695.293371
No,No,340.089914,44315.898015
No,No,776.900425,38240.441291
No,Yes,666.857238,13576.204269
No,No,0.0,53187.433828
No,Yes,1102.079419,32245.682157
No,No,405.295544,38180.820975
No,No,1575.651098,35541.723458
No,No,490.967828,43422.878949
No,No,578.337025,43392.196108
No,No,740.720967,43060.236542
No,No,1002.623868,41287.11067
No,No,776.187215,53751.559006
No,No,113.447198,31245.216177
No,No,205.982002,42952.053086
No,Yes,628.277243,12616.986807
No,Yes,143.640832,33609.182138
No,No,855.713458,54333.572894
No,No,57.624619,44821.374686
No,No,654.477448,52642.269035
No,No,1274.235688,25243.610777
No,Yes,50.363116,17882.42343
No,No,25.594034,58520.948528
No,Yes,1194.391743,48370.144868
No,No,1038.410948,21532.168604
No,Yes,578.651546,16213.596905
No,No,923.040571,39254.639122
No,No,0.0,22172.663183
No,No,1074.191029,45998.812381
No,Yes,217.078737,18009.468481
No,No,0.0,55142.453013
No,No,254.408206,31284.238771
No,No,602.91092,55470.728598
No,No,451.363473,47657.956803
No,No,404.73975,44584.451988
No,No,933.41654,30585.241381
No,Yes,335.79127,11366.463575
No,No,767.585036,38153.164103
No,No,1683.546176,59333.910089
No,Yes,1310.828406,8678.977933
No,No,1236.494312,63963.39435
Yes,Yes,968.995521,19014.690447
No,No,828.277014,41430.956648
No,No,1363.623786,24690.657189
No,No,1520.159745,42765.828239
No,Yes,829.087184,26762.418635
No,No,0.0,49843.14102
No,No,1176.761111,49949.687236
No,No,754.111196,35041.479168
No,No,914.30855,44821.021745
No,No,676.162037,49013.772902
No,No,937.533008,54410.60208
No,No,409.670302,44121.627028
No,No,0.0,52448.344138
No,No,1199.623884,40840.619574
Yes,No,706.322763,35999.606051
No,No,805.742022,42518.501777
No,No,800.998225,44769.376185
No,No,856.475163,37728.697754
No,Yes,903.735478,30952.734777
No,Yes,875.674064,16054.623799
No,Yes,1491.587406,29837.97618
Yes,Yes,1838.502763,27878.912
No,No,574.269265,50349.788123
No,Yes,950.479489,25304.761612
No,No,808.636476,66420.557658
No,Yes,1388.528796,33136.507059
No,Yes,1494.163365,16646.390989
Yes,Yes,1802.409792,14001.640708
No,No,1201.259355,48172.1639
No,No,797.019215,48677.499791
No,No,1175.789644,46447.104734
No,Yes,989.087451,18074.173912
No,Yes,722.252011,14383.369979
No,Yes,1117.745085,23068.951661
No,No,523.763308,40412.736481
No,No,0.0,51589.162258
No,No,540.505527,45729.841183
No,No,1048.787512,55862.923311
No,No,1590.021375,31695.107194
No,No,809.162191,61600.582071
No,No,504.197697,36521.434893
No,No,410.264858,50992.602075
No,Yes,549.534311,19891.133694
Yes,Yes,1288.808278,35983.038995
No,No,492.739101,37980.897511
No,No,640.748158,41336.509478
No,No,952.307121,48063.390514
No,No,819.016527,40122.940491
No,No,317.965385,51017.871737
No,No,1143.787856,14373.360209
Yes,No,1808.122212,34867.368627
No,Yes,1355.268309,15993.905922
No,Yes,996.034069,11656.752297
No,No,27.201316,30504.183443
No,Yes,1506.770962,26017.670568
No,No,1057.795498,40244.940887
No,No,181.270997,53460.441826
No,No,944.020605,49025.994826
No,Yes,1028.98091,26809.315507
No,No,288.316147,35444.965454
No,Yes,1334.716145,26305.059997
No,Yes,1549.64434,24094.230331
No,No,568.169177,57764.746801
No,No,1093.48672,44872.914434
No,No,903.786774,34913.749821
No,No,556.931004,27831.808949
No,No,800.526576,29557.754999
No,Yes,1026.206123,11376.833276
No,No,893.803233,32640.939083
No,Yes,288.25039,7148.377326
No,No,1394.457082,47671.496016
No,Yes,1027.084467,20563.499059
No,No,1351.843697,30029.733683
No,No,958.819516,12817.755999
No,No,1146.049703,37239.454751
No,No,452.439128,30062.655466
No,No,99.997527,53952.09289
No,No,1552.86751,37332.462606
No,Yes,1417.293926,27221.142085
No,Yes,1931.900697,6742.603721
No,No,672.265209,50714.912327
No,No,1157.790115,5556.792914
No,No,1284.422928,41668.068622
No,No,282.543972,32717.231897
No,No,0.0,48529.005656
No,Yes,694.949586,5000.0
Yes,Yes,1675.820418,19502.366117
No,No,926.392196,41963.674856
No,No,1244.894769,45960.358536
No,No,713.220477,37020.839829
No,No,950.265031,34403.687412
No,No,1040.683112,54667.68531
No,No,487.541057,52720.447437
No,No,355.8818,54114.369774
No,No,179.777427,41996.161756
Yes,No,844.362461,44543.917062
No,Yes,329.586254,22309.389181
No,No,1623.165251,36394.028553
No,No,831.538118,34640.595789
No,Yes,1008.471514,13507.851244
No,No,768.108207,36041.857393
No,No,729.317673,44870.086812
No,Yes,792.307908,28641.549133
No,Yes,723.578167,16682.948143
No,No,0.0,41540.65408
No,No,1029.073751,36403.164927
No,No,1084.313002,47461.362043
No,No,798.013153,41441.367484
No,No,583.152551,26776.429872
No,No,846.500283,44764.0262
No,No,263.834809,40452.129751
No,No,1089.014503,34128.353904
No,No,419.947876,47999.058309
No,Yes,239.251246,7275.678815
No,No,912.016998,45554.842853
No,No,1691.854567,57998.20135
Yes,Yes,1942.414286,24494.288134
No,No,669.645494,42184.448086
No,No,840.472084,32989.548812
No,Yes,1013.562731,7770.790661
No,No,1635.375984,33359.988669
No,No,623.156645,38827.154611
No,Yes,960.36116,22926.77326
No,No,0.0,35446.313182
No,No,73.676929,37143.845197
No,No,1662.756996,41326.84052
No,No,0.0,37928.789199
No,No,42.290062,37220.478583
No,No,531.918396,23628.740088
No,Yes,981.023855,32621.712064
No,No,343.042368,30881.834229
No,Yes,538.299702,37482.615426
No,No,1603.93656,12145.791052
No,Yes,442.373929,5000.0
No,Yes,1009.892858,23160.856875
No,No,72.915014,19377.279963
No,No,980.147062,46542.161465
No,Yes,1458.239639,21607.41101
No,No,631.260498,45833.373994
No,Yes,930.60342,11491.63264
No,No,798.138964,39616.675556
No,No,310.890408,54800.697317
No,No,987.675476,36229.702091
No,Yes,806.551354,11857.775168
No,No,1475.421797,32880.233042
No,Yes,825.561276,13197.930691
No,No,37.420316,36562.067575
No,No,675.952613,48106.325112
No,No,98.576237,52682.885886
No,No,1112.631564,38371.745661
No,No,485.158563,52563.354645
No,Yes,892.621818,7655.474267
No,No,1343.153858,39960.838333
No,No,1864.703799,57142.203846
No,No,307.018541,28024.534868
No,Yes,739.591245,17326.035596
No,Yes,84.878375,5000.0
No,No,572.884461,36599.987035
No,No,1478.743021,31735.400936
No,No,766.34577,38091.933352
No,No,569.093457,29292.834084
No,Yes,1287.899416,19573.195044
No,Yes,379.290943,12000.948494
No,Yes,624.775859,23801.928854
No,Yes,779.124079,5000.0
No,Yes,233.743002,41520.52385
No,No,1277.344575,48629.365974
No,Yes,1130.670718,12962.976726
No,No,1142.085716,52355.428282
No,No,0.0,45767.467902
No,No,224.882058,51340.910445
No,No,890.709208,41409.783641
No,No,749.175512,49704.751247
No,Yes,1096.39961,19494.970315
No,Yes,1068.08037,24176.653048
No,No,17.537077,22298.857674
No,No,730.914756,39165.951411
No,Yes,1472.214621,29660.290086
No,No,891.116294,44146.665611
No,Yes,43.368783,17352.647722
No,No,415.248165,41031.431718
No,No,1181.199686,44951.195854
No,Yes,616.930133,9146.631916
No,No,787.380182,42246.348602
No,No,546.31598,56551.261165
No,No,666.006277,43149.907023
No,No,921.510758,37290.131164
No,No,903.476688,40928.475052
No,No,1178.667101,58319.89504
No,No,959.761858,48391.676574
No,No,208.026997,41240.448474
No,Yes,355.400045,32591.119971
No,No,112.108375,57409.322524
Yes,Yes,772.649544,29854.193126
No,No,896.001545,43870.156368
No,No,296.599311,49527.735386
No,No,376.473348,31809.060652
No,No,739.924637,33684.905531
No,No,286.282555,56636.881358
No,Yes,653.569259,14412.138261
No,Yes,957.663249,13548.680592
No,No,187.634006,50065.526482
No,No,820.437382,45831.871889
No,No,907.312091,28483.415092
No,Yes,1285.987207,5000.0
No,Yes,683.651279,25237.533849
No,No,758.7862,52303.796668
No,No,294.230375,44810.030654
No,No,589.05261,52807.59786
No,No,676.017345,42655.243859
No,No,835.317092,35085.700072
No,No,603.901208,28111.253187
No,No,869.943016,47491.032808
No,No,985.803623,41851.227255
No,Yes,841.215188,24171.378473
No,No,577.019838,30374.426625
No,No,728.531551,53927.293889
No,No,0.0,56440.341876
Yes,No,1957.445219,41185.511643
No,No,85.452696,28902.189335
No,No,873.694685,47863.293926
No,No,982.207096,49654.327703
No,No,766.959594,38028.475077
No,No,788.847971,16785.857104
No,No,1190.869268,32953.387093
No,Yes,430.018395,22900.68857
No,No,1025.57833,37488.528646
No,No,952.226057,38780.482503
No,Yes,816.41238,17042.298431
No,No,108.437484,49257.81929
No,No,1016.665825,43726.254046
No,Yes,1344.651619,20374.563168
No,No,191.021242,35890.688444
No,No,434.314928,48839.702997
No,Yes,923.089862,10907.323705
No,No,462.78037,48977.62416
No,No,762.869753,49376.848122
No,No,471.224406,63590.343864
No,No,1168.299815,34863.633422
No,Yes,1444.197786,25035.11477
No,No,1011.480995,56320.208767
No,Yes,1022.144966,28120.444696
No,No,1167.084245,31486.478513
No,No,791.05084,27107.255508
No,No,1052.129294,36814.082789
No,No,97.143121,44780.578952
No,No,1215.030353,51659.228048
No,No,660.87219,59023.985108
No,Yes,1394.986963,41150.301109
No,Yes,1047.85525,19617.96628
No,No,1089.483668,29915.161059
No,No,1232.414216,47878.481999
No,No,302.277528,20350.743702
No,Yes,1188.314451,32651.481528
No,No,627.309333,45450.55722
No,Yes,986.555727,25145.966576
No,No,0.0,42530.532157
No,Yes,1091.410359,29474.32124
Yes,No,1371.027988,42647.126769
No,No,1066.516649,38277.598918
No,Yes,1068.214178,5299.43552
No,Yes,266.144917,14680.422167
No,No,1162.564761,31575.429498
No,Yes,1643.208708,28332.386585
No,No,797.50436,45055.027151
No,No,349.869345,55677.990415
No,Yes,0.0,14133.737471
No,Yes,121.43187,20573.160484
No,Yes,364.234455,34307.829342
No,No,1145.022309,32694.952534
No,No,311.306826,60429.25006
No,Yes,1297.527974,36529.345291
No,No,493.26799,32274.707335
No,Yes,1031.392795,18353.257483
No,No,303.682842,42791.619925
No,No,1038.387482,48695.923653
No,Yes,1389.954171,39501.31878
No,Yes,1610.224821,9518.437053
No,Yes,1450.050303,22938.641906
No,No,0.0,34028.30542
No,No,825.759889,37954.301875
No,No,218.402841,33932.270666
No,Yes,485.270319,13273.097571
No,No,1417.764144,33394.701838
No,No,701.670596,42920.144896
No,No,555.08992,42357.775751
No,No,377.496184,33471.193189
No,No,533.733865,41033.476988
No,No,1686.895559,42268.644457
No,No,1040.170106,48435.419977
No,No,340.458534,39668.043812
No,Yes,1401.87811,19698.850174
No,No,706.095971,42193.159002
No,No,1098.931816,35545.596502
No,Yes,726.344942,40167.730598
No,No,188.452977,34153.109068
No,Yes,1081.90439,14325.521455
No,Yes,458.791023,6288.834332
No,No,1064.064403,54220.19085
No,No,296.125948,32522.710059
No,Yes,854.060761,21382.718331
No,No,559.581694,18303.855784
No,No,842.298235,61233.959132
Yes,No,1510.171522,47458.442184
No,No,0.0,39281.425669
No,No,760.655496,27712.291877
No,Yes,1525.398449,21029.062348
No,No,838.892168,44317.275499
No,No,781.989179,44137.798607
No,No,426.704519,51400.229177
No,No,0.0,43748.354685
No,No,432.485337,56767.150648
No,No,879.000008,44821.77209
No,No,1202.850254,36837.135501
No,Yes,569.580638,19623.375036
No,No,630.548112,54098.921254
No,No,984.38596,29590.445943
No,No,291.315974,43190.857168
No,No,975.447267,49140.80141
No,Yes,689.685842,29513.550371
No,No,1628.410211,44869.121274
No,No,0.0,67674.51017
No,No,801.830363,47170.110889
No,No,816.001367,60207.472478
No,No,616.729058,57481.459273
No,Yes,1469.678076,21350.943
No,No,948.751249,34344.609121
No,No,1378.167613,49009.81589
No,No,1133.340223,34975.915911
No,Yes,956.381332,8031.780843
No,Yes,888.0502,12848.349261
No,Yes,1426.487044,11138.232231
No,Yes,929.286538,5000.0
No,Yes,1415.856513,17093.251879
No,No,171.622941,53039.103852
No,No,910.859989,45883.869834
No,No,609.669162,40098.41666
No,No,1382.89201,21704.746718
No,Yes,573.249076,17157.383329
No,Yes,42.53749,17775.239369
No,No,713.93371,40980.60394
No,No,210.34235,41604.755293
No,No,254.568144,32760.134769
No,No,82.620279,30494.646222
No,Yes,1200.038746,28866.145247
No,No,1283.966394,25727.734272
No,Yes,204.580183,35505.672752
No,No,385.715455,47036.982606
No,No,1298.087258,42273.006451
No,No,748.212909,35336.964221
No,No,870.282399,54312.697715
No,No,248.911411,44822.487248
No,No,860.750855,64552.423488
No,No,564.699158,37966.194958
No,No,90.917905,51114.580512
No,No,782.16492,40168.797195
No,No,1032.594638,50712.572799
No,Yes,769.893996,50174.402875
No,No,789.993145,47832.881698
No,No,173.714452,37553.044964
No,Yes,605.999006,18951.480098
No,Yes,1389.176525,26607.418239
No,No,801.346382,17849.934269
No,Yes,693.596231,26487.888445
No,Yes,370.94783,17134.354345
No,No,407.577763,49037.989088
No,No,271.598179,36579.309912
No,Yes,1331.652594,19635.509948
No,Yes,1577.628828,15590.412219
No,No,1306.019131,45980.789263
No,No,707.494535,44107.742346
No,No,753.347199,46102.795294
No,No,29.090474,48431.793865
No,No,988.148359,39399.742175
No,Yes,208.945241,36519.347796
No,No,1135.987772,57651.392958
No,Yes,690.653944,5075.753505
No,No,1086.503388,64349.701586
No,No,402.074895,42899.484884
No,No,798.595941,31913.898997
No,Yes,1604.415327,14034.644378
No,No,197.075683,38305.069715
No,No,743.316879,52000.268602
No,No,222.339751,49228.105566
Yes,Yes,1906.248333,14425.401574
No,No,633.368195,20265.122149
No,Yes,1271.700285,14154.626826
No,No,1173.305491,36869.117478
No,Yes,1312.25044,10058.467803
No,No,736.599828,52197.049192
No,No,569.123638,41452.403868
No,No,628.519214,20764.791968
No,Yes,465.151828,11639.644655
No,No,698.265434,29576.35974
No,Yes,856.4604,5766.393677
No,Yes,0.0,36326.750522
No,No,827.994761,46812.192539
No,Yes,1174.609951,30558.873745
No,No,1225.241357,55998.158361
No,Yes,1529.986074,26758.45444
No,Yes,716.988559,14791.68651
No,No,699.098861,39474.000993
No,No,957.058021,42026.690942
No,No,1712.558818,47746.975036
No,No,1181.236223,36899.213513
No,No,632.429758,47338.036974
No,No,905.23446,53621.353593
No,No,0.0,54071.304728
No,No,1220.606865,21327.074846
No,Yes,683.215169,16576.36488
No,No,913.265987,60371.981151
No,No,562.430165,47034.717149
No,Yes,1186.41826,24110.933318
No,No,1137.341009,28705.523195
No,Yes,698.49018,19636.776928
No,No,338.647859,59810.475831
No,No,398.070265,48515.605926
No,No,51.34958,49959.173577
No,Yes,0.0,10673.652465
No,No,799.352251,41398.584556
No,Yes,643.583286,28001.80743
No,No,208.976111,54123.730625
No,No,284.142992,36915.51382
No,Yes,752.705079,5000.0
No,No,1341.319583,41002.017096
No,No,839.93945,47446.636561
No,No,590.625548,40403.879439
No,Yes,789.245114,25992.719366
No,No,0.0,35270.126305
No,Yes,492.767176,25983.087404
No,No,1155.414838,24163.330996
No,No,899.239015,41484.06289
No,No,189.119911,36256.282504
No,Yes,477.082853,20512.44436
No,No,1005.620434,36576.738169
No,Yes,1477.364362,28064.681363
No,No,962.938764,35804.950833
No,Yes,1544.192394,52017.162381
No,Yes,534.74973,13503.377476
No,No,617.999657,59255.957195
No,No,612.636243,36006.476641
No,No,702.216838,43767.954278
No,No,121.064683,44415.313174
No,No,703.08954,49765.284007
No,No,1080.848316,49707.701667
No,Yes,756.285317,30891.549781
No,No,1546.345844,53279.349839
No,No,161.198747,42812.949977
No,No,1019.928542,43174.060211
No,No,273.974599,53301.955853
No,No,303.754472,35897.382288
No,Yes,744.016068,13724.34749
No,No,1165.943312,40694.645924
No,Yes,367.043875,8949.857208
No,No,714.992269,36479.147392
No,No,144.849374,53522.827516
No,Yes,882.069787,37412.1015
No,No,1181.862755,46895.491348
No,No,361.299648,20577.627388
No,No,627.678814,45858.162109
No,No,305.128389,44455.988709
No,No,937.762585,36619.083294
No,Yes,551.74355,29323.675235
No,No,841.98299,55320.505117
No,No,1.899751,51253.83301
No,No,800.287078,59842.495947
No,No,1013.761876,47084.309306
No,No,567.390501,47929.427523
No,No,1119.475653,53571.834979
No,No,1443.470111,38314.385938
No,No,514.435383,32703.634666
No,Yes,616.758908,12596.165322
No,Yes,793.669973,13045.722315
No,Yes,935.489806,32835.165221
No,No,72.64483,19673.704087
No,No,999.69001,34676.338644
No,No,1069.377961,24568.242471
No,No,522.28626,48540.871869
No,No,936.614147,52604.892131
No,No,650.924306,45150.577795
No,No,682.005063,54766.036301
No,Yes,313.571864,19567.378025
No,Yes,1005.694456,40808.575074
No,No,1488.24835,34112.786231
No,Yes,1512.644217,23948.311739
No,No,0.0,38051.653136
No,Yes,239.366484,15083.344887
No,Yes,1197.64355,32159.12429
No,No,208.569312,49187.565925
No,Yes,1283.979292,8497.290193
No,No,134.26308,64120.809084
No,Yes,974.530294,16612.862681
No,No,1826.910975,60825.510015
No,No,1181.666487,51298.411319
No,No,1070.564257,51690.256891
No,No,349.951012,40793.446199
No,Yes,1219.351893,18445.632178
No,No,878.877426,34601.879667
No,Yes,1245.782596,38062.19492
No,Yes,593.754283,32392.933232
No,Yes,1202.362074,11955.914689
No,No,947.406249,41895.612942
No,No,515.07787,39557.792063
No,No,219.473804,52240.782391
No,No,234.863769,46908.104488
No,No,1036.145581,30719.980142
No,No,524.073057,42233.434144
No,No,748.958584,47725.0134
No,No,78.379714,39110.821056
No,No,310.95654,36212.668741
No,No,148.899989,53136.851178
No,Yes,1102.049342,8360.960031
No,No,701.815351,33087.388518
No,No,699.862786,44290.329051
No,Yes,1078.131318,35377.723488
No,Yes,1471.463492,5758.448328
No,Yes,496.685576,20734.222765
No,No,922.272501,36090.477552
No,Yes,1136.699469,30948.868412
No,No,0.0,50322.329275
No,No,428.087025,43007.826107
No,Yes,404.204363,24149.665941
No,No,1114.722128,38602.276355
No,No,183.925559,38337.81346
No,Yes,888.422517,28878.524521
No,Yes,993.163005,13866.500451
No,No,809.40867,48917.017085
No,No,303.322855,52857.836493
No,No,990.913375,38247.805438
No,No,641.356695,48415.851328
No,No,1057.019972,38863.478309
No,Yes,1384.017216,18708.5902
No,No,1524.947139,40760.930593
No,No,1124.680968,60771.493813
No,No,1017.109384,40796.059584
Yes,No,2111.248536,32905.343799
No,No,1029.106318,44371.872123
No,No,969.916138,52287.471227
No,No,894.640313,31012.519305
Yes,Yes,1791.31362,17262.640379
No,No,957.111476,35096.19165
No,No,949.785555,15062.430759
No,Yes,1114.576779,23228.670576
No,No,1222.891553,43658.893899
No,No,0.0,50147.291979
No,No,690.217827,48401.870202
No,Yes,1230.629173,10346.208242
No,Yes,713.798623,32712.868017
No,No,766.762289,37262.351187
No,Yes,1508.805094,35522.745348
No,No,1326.969149,37101.743447
No,No,1154.106044,33937.274272
No,No,1620.87341,57811.791874
No,No,624.809159,41254.762954
No,No,325.516291,41332.621249
No,No,844.564551,48083.740047
No,No,1221.804243,35694.936194
No,No,1110.193038,49031.369297
No,Yes,775.263958,14630.997243
No,No,1073.475973,27703.455187
No,Yes,743.952882,30038.992755
No,No,217.900872,36971.841142
No,Yes,1431.816384,36747.297694
No,Yes,1292.560208,5000.0
No,No,1005.009702,41045.868921
No,Yes,1093.841396,5923.839399
No,No,817.81357,40442.780004
No,No,738.131387,41470.486626
No,No,747.994568,33660.539734
No,Yes,537.800354,39689.161156
No,No,305.491419,46470.639145
No,No,520.25522,29701.178598
No,Yes,244.255465,23405.740187
No,No,1058.380069,45761.028043
No,No,674.761221,44225.053305
No,No,0.0,42076.702947
No,No,454.760624,31298.976912
No,No,967.072357,52725.572038
No,No,1169.789387,47413.013996
No,Yes,879.6991,15709.04569
No,No,845.424033,41334.355472
No,Yes,1382.112025,18178.222626
No,No,929.457144,35046.223542
No,Yes,1627.932969,13192.6099
No,Yes,1616.318029,27446.389295
No,No,1279.087386,33948.917736
No,Yes,380.865812,30576.016501
No,No,87.648057,47285.334133
No,Yes,231.188051,21457.614301
No,No,574.86792,48320.897586
No,No,1136.216539,53793.941945
No,Yes,854.84782,18699.396738
No,No,477.403148,57253.956932
No,No,406.06146,40042.025353
No,No,834.783343,61145.802629
No,Yes,887.936189,17752.869947
No,No,231.558894,8306.175482
No,No,1014.739257,32813.624526
No,Yes,990.983855,26006.137075
No,No,0.0,38992.824868
No,No,799.039398,46336.705478
No,No,637.039222,30428.154368
No,Yes,626.430244,14726.458146
No,No,346.619991,43672.143649
No,No,800.869742,37631.438843
No,Yes,748.004521,17693.45833
No,No,807.034762,37564.777173
No,Yes,776.65373,32019.235294
No,Yes,970.774544,32065.531377
No,Yes,713.272214,25012.408394
No,Yes,455.45866,13297.321017
Yes,Yes,1720.53489,42307.939688
No,No,1164.59954,41768.416445
No,Yes,1771.245588,36799.24422
No,No,653.75402,45948.54486
Yes,Yes,2119.931605,10344.039666
No,No,353.772297,44527.22437
No,No,709.683669,47645.447387
No,No,540.613529,46868.603055
No,No,744.305878,40237.833398
Yes,Yes,1437.502508,25737.910322
No,Yes,1215.915253,16413.504269
No,No,1099.241452,32068.718518
No,No,1184.381282,36283.822995
No,Yes,779.133814,10522.139509
No,No,584.438756,28254.665918
No,Yes,1062.325849,5000.0
No,No,1340.90704,47904.258155
No,No,353.604144,43837.847966
No,No,319.041322,42860.305921
No,No,1600.383436,45389.784402
No,Yes,1034.255056,11002.513621
No,No,921.630138,44022.960405
No,No,890.911901,21505.953762
No,Yes,924.587976,18905.791803
No,Yes,642.982643,18172.597349
No,No,1124.703489,40581.761448
No,No,922.653607,40617.055875
No,No,633.448213,25700.211824
No,Yes,1489.644498,18401.629197
No,Yes,508.341123,11523.893755
No,No,818.287799,29022.048707
Yes,Yes,1795.375061,22418.798303
No,No,451.415986,45652.324606
No,Yes,1005.029866,23561.998907
No,No,807.072543,44955.147734
No,No,936.977529,25401.899667
No,No,418.156041,36078.658697
No,No,430.557104,52187.534743
No,No,218.448335,47481.629819
No,Yes,655.309993,27947.234489
No,No,597.259483,50271.099937
No,No,353.783522,38585.683471
No,No,667.586475,42024.462882
No,No,1187.70068,45632.767954
No,No,383.463142,45693.207057
No,No,1630.635779,40743.329525
No,Yes,690.87779,31454.734504
No,No,836.539791,36406.732787
No,No,1156.327462,45569.368831
No,Yes,1247.404942,21348.915236
Yes,No,1406.690444,45800.966128
No,No,450.038447,23581.605159
No,No,0.0,44972.233228
No,Yes,886.779739,6189.701956
No,No,907.662389,45851.49653
No,Yes,711.685872,5000.0
No,No,1292.815008,42638.517445
No,No,778.827059,41055.186938
No,Yes,1270.132734,20629.108603
No,No,646.066586,56083.705637
No,Yes,0.0,14445.272417
No,No,229.400638,51585.881103
No,No,611.258374,38295.686622
No,No,1105.230072,58127.864997
No,Yes,1610.919997,18477.35288
No,No,1010.920891,25976.136643
No,No,619.957891,54368.971238
No,Yes,1068.50094,25425.641244
No,Yes,798.885803,13216.556431
No,No,307.580637,52540.906102
No,No,996.158032,24658.727539
No,No,984.007997,41720.406082
No,No,622.012596,42945.443188
No,No,835.823534,34981.980002
No,No,1170.815192,51421.227687
No,Yes,823.55208,33103.757657
No,No,0.0,30713.284177
No,No,474.328653,40506.011218
Yes,Yes,1684.580795,21610.384111
No,No,1280.003294,54528.891106
No,No,1071.370969,31015.056002
No,No,0.0,36419.479466
No,Yes,955.035901,22397.422458
No,Yes,1411.568739,5916.238256
No,No,711.962365,45181.468636
No,No,423.361182,51944.114136
No,No,389.577167,44600.647722
No,No,740.126346,27206.763534
No,No,371.823051,34340.802715
No,No,553.804534,65330.764519
No,No,38.0542,29497.438999
No,No,112.166174,42203.562681
No,Yes,1235.800123,8507.741775
No,Yes,1292.564833,34555.767284
No,Yes,1012.852631,15516.390126
No,No,635.700264,38847.226052
No,Yes,1488.101612,20837.59224
No,No,249.948052,47351.126987
No,Yes,537.352335,26423.130874
No,No,264.603329,34976.821328
No,No,485.636138,54580.77443
No,No,890.33585,18308.97317
No,No,1454.066728,22845.565713
No,No,571.492568,45195.589692
No,Yes,1126.945687,18464.210522
No,No,18.713435,39026.430619
No,No,278.289809,51578.155234
No,Yes,963.624333,36597.21864
No,No,866.62188,31694.676151
No,Yes,1456.311212,26831.802628
No,No,875.966448,51671.974835
No,Yes,588.748296,26416.326216
No,No,722.260382,27454.386038
No,No,761.127043,30727.257191
No,No,832.806337,29120.373258
No,No,702.861914,39370.729817
No,No,435.358006,33283.879857
No,No,1092.289183,44505.192404
No,No,870.818065,53299.154216
No,No,941.650924,42992.768334
No,No,0.0,24986.462974
No,Yes,1002.416445,21286.101181
No,Yes,1069.681082,30897.8072
No,No,0.0,45507.091442
Yes,No,2099.858295,38239.312346
No,Yes,578.323443,13688.101549
No,No,582.061118,46550.901403
No,No,846.587363,33652.321314
No,No,1672.350418,46303.150419
No,Yes,336.241021,5000.0
No,No,637.040944,20253.999329
No,No,891.069249,47062.281579
No,No,1407.986833,31066.559491
Yes,No,1114.788282,46176.021971
No,Yes,914.982539,28106.104408
No,Yes,502.654969,24906.960234
No,No,737.184921,37396.393277
No,No,1388.512793,41543.561283
No,No,547.422353,70956.566299
No,Yes,430.48669,5000.0
No,Yes,654.203994,15946.316497
No,No,945.164055,36526.284807
No,Yes,685.584906,17920.862558
No,No,0.0,46197.459521
No,No,249.26605,21412.806285
No,Yes,1258.260566,17615.03518
No,No,0.0,56980.994056
No,Yes,1285.893048,22885.315005
No,No,0.0,43122.319353
No,No,16.4648,57465.754174
No,No,1481.478206,30684.302603
No,No,732.587114,38089.558255
No,No,797.646778,57848.177955
No,No,0.0,57235.215463
Yes,Yes,1736.635262,37543.147596
No,No,0.0,29660.371566
No,No,1545.085718,40328.809973
No,No,764.677275,48246.446579
No,Yes,416.033026,11015.657899
No,No,545.617538,29157.477194
No,No,300.905036,47195.142661
No,Yes,1148.681011,29568.252304
No,No,573.839929,45772.986003
Yes,Yes,1310.697075,39988.610945
No,No,642.050275,49827.142594
No,Yes,826.537858,13771.5491
No,No,585.779585,46461.568094
No,Yes,532.739755,29545.128737
No,No,976.742219,58989.932148
Yes,No,1673.77232,32821.102801
No,No,1356.878207,57041.676639
No,No,832.76796,46964.712451
No,Yes,679.897358,36992.85096
No,No,948.185922,31075.769077
No,Yes,1199.367286,18169.992419
No,No,286.115027,41379.846811
No,No,865.335297,53992.930395
No,No,1321.592425,34651.653919
No,No,936.695409,35743.21599
No,No,1162.080496,42572.194105
Yes,No,1764.843765,30117.062525
No,Yes,1132.459273,9100.354301
No,Yes,203.423125,17728.373208
No,No,0.0,41601.807825
No,Yes,818.749404,13852.208881
No,No,481.267073,29074.474578
No,No,334.291048,40511.504406
No,Yes,991.212163,43470.405394
No,No,1337.520148,56898.903428
No,Yes,820.87399,27185.107351
No,No,718.678133,36750.708017
No,No,663.875037,57653.321859
No,No,1384.84533,59487.954631
No,No,280.29387,33318.326714
No,Yes,1700.243926,17695.726862
No,No,1542.469773,33537.776419
No,No,662.89708,51982.464644
No,No,521.194365,38551.586553
No,No,405.273803,43999.69226
No,No,985.000814,42184.247208
No,No,453.381601,46260.783303
No,No,457.703591,42066.943172
No,No,370.498257,31864.185183
No,No,897.920089,41216.286499
No,No,1019.163573,53751.748652
No,No,652.309496,47389.117139
No,No,1351.954551,45815.818869
No,Yes,1146.392176,15122.196568
No,No,535.838069,28617.348125
No,No,708.934126,39465.69034
No,Yes,209.92277,28223.109546
No,Yes,1340.330494,11696.263745
No,No,716.604839,44777.650405
No,No,986.708861,44983.261187
No,No,741.690071,43004.366806
No,Yes,0.0,31656.689449
No,No,588.79129,34166.317859
No,No,0.0,27576.185803
No,Yes,325.131105,17467.436992
No,No,454.748671,69582.917849
Yes,Yes,1817.019581,19575.048613
No,No,1115.559598,27981.356857
No,No,704.646891,40168.467493
Yes,Yes,1489.037964,21045.846107
No,Yes,1051.850147,10919.183177
No,No,622.514382,34171.365648
No,No,414.154172,26789.136331
No,No,858.374353,30378.531375
No,No,1290.668928,58306.6728
No,Yes,430.658699,24808.414791
No,Yes,1175.685987,18817.162744
No,Yes,446.720274,23016.164792
No,No,492.020484,36683.466559
No,No,330.596132,43081.101502
No,No,1182.980124,48404.103019
No,No,1386.737365,31574.980964
No,Yes,848.962361,12200.965359
No,No,286.301939,53489.59146
No,Yes,966.476501,17371.639604
No,No,1484.106416,38153.990601
No,Yes,1699.057592,33889.771438
No,No,616.823227,25268.096299
No,Yes,485.819753,18358.798628
No,Yes,1204.334288,21729.335682
No,No,722.319465,58032.421099
No,Yes,1259.313014,26914.699544
No,Yes,1725.270028,13359.173685
No,Yes,935.551786,5000.0
No,Yes,1059.723063,11328.209294
No,No,1786.594511,50720.06714
No,No,109.690138,45499.157273
No,No,1556.129892,42371.482601
No,No,0.0,39870.726779
No,Yes,1276.035411,24559.727894
No,Yes,827.34809,28671.931353
No,No,1156.799651,50411.659547
No,Yes,995.5533,25469.898664
No,No,731.831617,28520.792801
No,No,805.237539,58086.465959
No,No,869.168967,39215.490385
No,No,497.662604,53819.846139
No,No,627.895699,37657.532518
No,No,528.001967,39554.018014
No,No,1219.813755,34931.641189
No,Yes,679.498066,13365.637165
No,No,337.085151,39719.051255
No,No,1197.126888,47219.11517
No,Yes,1019.627188,8674.273505
Yes,No,1860.68611,47424.174846
No,Yes,1741.19688,23521.082396
No,No,852.306374,44894.331026
No,No,1414.889593,41812.829331
No,No,249.476251,49342.084112
No,No,1126.787742,42586.395137
No,No,914.817026,36364.249937
No,No,0.0,40510.95036
No,No,794.122313,39522.240458
No,Yes,1375.393018,7315.200725
No,No,369.646455,36265.009097
No,No,688.56762,32430.789744
No,No,853.760688,37700.266857
No,No,801.476248,29287.566417
No,No,1068.471158,47108.088474
No,No,686.353317,53876.662762
No,Yes,1343.746067,5000.0
No,Yes,1062.018669,21528.254962
No,No,879.433903,32952.969461
No,No,1237.999712,52228.305452
No,No,474.426588,41179.964823
No,No,584.933666,70412.188672
No,No,487.713335,19311.063948
No,No,1287.710679,27703.814816
No,Yes,507.775515,5476.553745
No,No,1275.197394,67539.320272
No,Yes,789.907525,30714.506276
No,No,1279.053889,58194.774729
No,No,348.903871,37683.681973
No,No,0.0,41459.285529
No,No,982.920584,60874.220263
No,No,348.179503,43323.745653
No,No,1329.745553,32754.254953
No,No,1184.04695,38257.144563
No,Yes,1222.043967,29414.996441
No,Yes,277.787502,25505.009586
No,Yes,368.613326,10816.550663
No,Yes,0.0,27911.630063
No,No,305.473734,39267.954367
No,No,840.649577,29285.753213
No,No,419.999815,40986.135903
No,No,868.758032,37488.149375
No,No,1181.821036,47534.0367
No,Yes,1080.678154,32524.021589
No,Yes,766.053749,28486.81103
No,No,447.902301,41241.696364
No,No,898.448519,40800.347102
No,No,990.893236,39586.772581
No,No,269.521592,49729.820061
No,No,1198.946763,56884.432336
No,Yes,769.733458,6834.035207
No,No,1109.872283,41204.095803
Yes,Yes,1294.778108,23169.908671
No,No,789.143556,46695.766834
No,No,283.275754,49047.466646
No,Yes,1007.686517,16907.359211
No,Yes,426.44449,31900.060093
No,No,804.360819,52635.158751
No,No,63.596571,21424.79166
No,No,672.851366,41038.298585
No,No,1216.365358,51859.13452
No,Yes,1399.380071,13651.193337
No,No,1066.123865,58723.33943
No,Yes,1354.023842,8986.14322
No,No,1303.709348,27352.24862
No,Yes,561.190597,37397.706554
No,No,837.793261,51108.876298
No,Yes,790.846657,29326.558114
No,Yes,792.035771,8801.927726
No,No,940.297374,59271.523746
No,No,1233.572314,28026.576872
No,Yes,1301.604234,31398.311135
No,No,1298.964301,31380.111091
No,No,656.094684,30972.566262
Yes,No,1744.132401,57949.501247
No,No,1045.139886,59385.031162
No,No,186.288727,59600.973656
No,Yes,1231.778579,26241.319772
No,No,689.684547,43574.932756
No,No,871.510908,38127.148079
No,No,1385.374386,51785.385439
No,No,482.334726,35432.1664
No,Yes,1016.763615,39214.3171
No,Yes,230.618151,13197.781728
No,No,132.768769,49045.300538
No,Yes,1096.51565,25961.274896
No,No,1088.877805,29874.637904
No,Yes,1204.031274,5000.0
No,No,814.54613,50286.030508
No,Yes,593.071057,12588.245309
No,No,1117.841742,34279.842846
No,No,1209.712804,49417.696709
No,No,1170.446372,48421.23347
No,No,1352.529993,31911.551857
No,Yes,881.757074,43435.896517
No,Yes,1189.598434,20381.63203
No,No,891.564696,41187.368176
No,No,867.553526,44014.699496
No,No,1183.247072,39272.170043
No,No,464.315419,37220.517973
No,Yes,1282.13903,7266.408742
No,No,10.431851,42442.586088
No,Yes,1560.33491,19529.003374
No,No,0.0,48691.024004
No,No,974.897149,54620.37015
No,Yes,674.878925,23967.409337
No,Yes,1225.052437,11386.101181
No,No,955.44672,36868.176902
No,No,664.24345,44329.360964
No,No,511.081997,44763.395159
No,Yes,626.722099,6813.331219
No,Yes,1375.471153,5000.0
No,No,280.279244,60705.785614
No,Yes,312.140368,21283.629898
No,No,1136.440075,52031.530817
No,Yes,1089.034975,20183.47036
Yes,No,1342.647602,39837.851415
No,Yes,1930.293532,12529.79553
No,No,1551.048608,34561.838904
No,No,215.560371,35289.739656
No,No,698.480796,53867.923521
No,No,1011.908734,50711.437575
No,Yes,810.123972,20614.553483
No,No,837.65559,40363.885758
No,No,973.695295,26313.516666
No,Yes,1223.788505,5000.0
No,No,1044.572542,43739.233606
No,Yes,678.425693,34116.925304
No,Yes,932.811784,22418.085103
No,Yes,893.292444,11402.292223
Yes,No,1488.290541,33175.873708
No,Yes,507.975912,19891.162083
No,No,558.764367,33081.034665
No,No,1186.733778,47927.531901
No,Yes,900.079893,26225.075929
No,No,1043.12574,35516.506144
No,No,371.333688,50634.462574
No,Yes,1074.069916,12385.358449
No,Yes,756.181643,25621.02092
No,No,932.988319,29241.510444
No,No,781.495741,47120.452508
No,No,468.855072,35610.859551
No,No,229.215351,39442.059697
No,Yes,1281.57185,8803.169856
No,No,189.505373,36956.103882
No,No,1294.09118,50599.403336
No,No,449.635075,40452.486635
No,No,26.665273,47694.933958
Yes,No,1096.325918,61694.511428
No,No,359.037828,47304.750914
No,No,747.053926,44810.226108
No,Yes,1564.841427,9653.663661
No,No,1649.159146,35398.863625
No,No,227.276301,48128.08766
No,Yes,1150.493783,16242.902595
No,No,193.391323,51921.776557
No,No,1422.676492,41744.653714
No,No,1158.917072,54551.350479
No,No,760.632427,29603.245025
No,No,958.906116,44183.058888
Yes,Yes,1510.087883,13613.508708
No,No,460.90574,39475.626474
No,No,245.843183,29051.220527
No,No,484.299084,32608.585936
No,No,1027.37468,40137.201834
No,No,277.553711,52988.519828
No,No,649.445059,42919.444885
No,No,625.215906,30091.94602
No,No,1201.535327,45781.905942
No,No,1361.78639,43701.799806
No,No,285.342802,37507.579717
No,Yes,784.306498,12127.502889
No,No,1270.624072,43368.687767
No,Yes,643.446501,19155.266993
No,Yes,1728.773747,25743.969694
No,No,0.0,47169.800686
No,Yes,1212.58867,25007.757152
No,No,170.289858,23950.876992
No,Yes,1264.912924,30440.310161
No,No,675.178374,40576.185191
No,No,602.286026,45872.012244
No,Yes,0.0,17086.609695
No,Yes,1106.186869,27276.101024
No,Yes,173.779702,20236.34533
No,Yes,1339.91312,5000.0
No,Yes,36.58575,22672.001202
No,No,229.621722,30826.851868
No,No,965.292125,64511.133001
No,Yes,922.257459,16608.828692
No,No,718.90839,23068.87207
No,Yes,1639.250976,21266.563552
No,Yes,736.39029,12059.594816
No,No,719.412776,33927.765697
No,No,1069.321446,37907.809295
No,No,1377.047582,41647.667498
No,No,888.534977,57266.014939
No,No,609.033963,48704.324833
No,Yes,882.022934,24592.821605
No,No,1079.429015,66299.466028
No,No,0.0,40963.451771
No,No,25.023739,49238.207708
No,No,508.101393,39395.1113
No,No,0.0,46971.856225
No,No,1120.408439,41697.01916
No,No,1366.446008,25665.835679
No,No,956.084522,35391.987867
No,No,921.088149,39053.494931
No,No,853.010646,32782.822713
No,No,518.682063,42896.097945
No,No,1005.840751,43149.87071
No,No,1096.774769,43124.072433
No,No,1174.449448,43877.526412
No,No,952.111929,39459.31693
No,No,0.0,35901.074918
No,No,258.554826,37568.864942
No,No,619.863574,14762.006009
No,Yes,1317.349147,17411.323837
No,No,505.955263,42219.694048
No,No,821.197041,56999.400951
No,No,875.538845,38128.343428
No,Yes,354.146969,5000.0
No,No,528.74288,45769.483549
Yes,No,2240.785673,20947.957603
No,No,1180.534137,52962.185202
No,No,848.996707,49699.251627
No,No,544.764422,45606.080675
No,No,1582.923249,36752.338711
No,No,1209.671017,40781.279451
No,No,975.499333,31629.144189
No,Yes,696.831277,5805.382383
No,No,723.170512,42193.975868
No,No,0.0,36105.196058
No,Yes,557.855805,22841.447985
No,No,554.430643,36853.396832
No,No,220.142472,53503.471038
No,No,606.196498,43054.743122
No,No,257.363009,24077.186507
No,No,913.110205,32171.695977
No,Yes,954.163392,5565.641251
No,Yes,1129.201948,22976.756737
No,Yes,334.391664,12213.007682
No,No,523.908624,34417.394532
No,No,419.983465,46494.057586
No,No,531.224265,10713.526411
No,Yes,1113.995436,25828.109698
No,No,259.239208,47867.046797
No,Yes,607.477572,5000.0
No,No,672.775885,26137.575412
No,No,1045.792786,38243.757388
No,Yes,1199.375073,7476.881918
No,No,1098.213043,44764.198753
No,No,376.095513,49776.303577
No,Yes,1316.237776,17256.649748
No,No,1239.362013,65480.144351
Yes,Yes,1620.776625,30214.9664
No,Yes,829.719599,15197.555204
No,Yes,987.491241,24229.196253
No,Yes,955.780131,10922.820666
No,No,1456.173331,37152.160218
No,No,848.959264,45235.623743
No,Yes,494.981109,7926.304743
No,No,666.790316,54680.338002
No,No,1208.912911,35785.365572
No,No,1257.413436,42864.500524
Yes,No,1612.450473,30772.716566
No,No,265.47271,45271.706095
No,Yes,1825.221365,28176.040868
No,No,94.345876,50043.265014
No,No,586.723959,40787.502116
No,No,223.536837,39875.020833
No,No,169.796627,30785.99229
No,Yes,375.158703,40417.963339
No,No,470.175721,39160.631457
No,No,372.098558,25353.080638
No,No,720.781495,49160.960726
No,No,1357.22792,21832.577524
No,No,990.154144,53346.687214
No,Yes,681.882439,7896.134884
No,No,284.471099,42192.718474
No,Yes,1566.459494,5672.062853
No,No,457.245835,61578.482805
No,No,97.114077,40668.47521
No,No,559.659958,39198.036314
No,No,585.563773,54416.436733
No,No,574.181422,54675.906419
No,No,929.998015,53916.665573
No,No,687.610055,41739.824693
No,Yes,1175.182075,40160.776382
No,Yes,979.753578,17543.383651
No,No,1352.716342,31092.618946
No,No,359.659927,49307.444916
No,Yes,1480.076617,18722.154314
No,Yes,1473.553177,6810.57429
No,Yes,856.968071,27255.09305
No,Yes,226.993917,12990.310117
No,No,1058.373548,36859.775686
No,No,350.266323,61295.35094
No,No,1570.141805,29675.185526
No,No,70.391151,52157.794662
No,Yes,961.866262,8333.867336
No,No,653.613535,37754.888782
No,No,719.061367,35688.702836
No,No,68.467569,35443.31393
No,No,1092.150213,61488.911366
No,Yes,1389.427248,31758.600666
No,No,182.961463,34001.28498
No,No,837.418302,35627.53176
No,Yes,452.588365,27926.301272
No,Yes,667.599768,28103.967017
No,No,356.405202,39772.170164
No,No,538.802001,37858.519829
No,Yes,646.587986,22281.028647
No,No,910.493786,48128.338251
No,No,984.644904,36436.816162
No,Yes,1335.129621,9652.834339
No,No,539.084434,46878.025781
No,Yes,385.910145,18855.020495
No,No,1389.5313,45458.513219
No,No,0.0,38182.047869
No,Yes,1327.265971,28926.846609
No,No,1579.138221,39832.047666
No,Yes,1005.222716,26459.372755
No,No,914.72932,65323.184942
No,No,1207.502402,55743.157792
Yes,Yes,1383.566534,20673.845194
No,No,526.125482,52301.911995
No,Yes,1511.179425,26799.547238
No,No,989.320678,27566.42824
Yes,No,1458.268157,48037.668386
No,Yes,1108.9524,14392.630838
No,No,1032.757313,30772.530816
No,No,915.170055,47207.830012
Yes,No,1573.601542,46806.783009
No,Yes,951.050527,18322.173056
No,No,530.033471,43618.915968
No,No,1072.421286,33877.47486
No,No,730.678132,38430.304706
No,No,1001.230553,41952.746617
No,Yes,920.218756,19919.384566
No,No,1165.425283,47862.16545
No,No,1145.979358,31423.863438
No,No,424.870844,53167.511384
No,No,628.228022,45014.385908
No,No,830.145146,33227.08342
No,No,366.58464,72504.912097
No,No,495.619008,45817.079759
No,No,1416.010172,48173.822094
No,Yes,217.360951,28424.275143
No,No,683.254522,27161.821503
No,No,1124.844817,43335.87686
No,No,1260.627232,33463.338648
No,Yes,772.375777,5000.0
No,No,837.40354,47975.550832
No,Yes,786.650923,19730.241092
No,Yes,898.816033,23320.50795
No,Yes,1233.406643,5000.0
Yes,No,1367.257732,40884.397916
No,No,204.255664,40769.861513
No,Yes,944.693668,12128.418539
No,No,293.701219,30422.820841
No,Yes,956.238767,23406.893659
Yes,Yes,2025.737669,24256.965366
No,No,1282.346456,41381.178159
No,No,747.835338,32991.282252
No,No,1327.887123,55789.351651
No,No,664.058589,49232.480785
No,No,0.0,48130.045954
No,No,874.527195,30924.901814
No,No,854.458394,58921.073109
No,No,1042.682186,32870.696757
No,No,928.183917,38371.274552
Yes,No,1403.338125,30997.066716
No,No,1417.770281,41508.004975
No,No,606.11519,34921.447838
No,Yes,1764.433163,31370.646289
No,No,786.961973,49687.069146
No,Yes,454.449057,5000.0
No,No,0.0,19496.255175
No,No,1276.074397,31317.997256
No,Yes,633.277388,13682.183957
No,No,891.389577,30235.731341
No,No,521.066999,30495.674666
No,No,420.37002,39352.658851
No,No,1264.77297,35164.323607
No,Yes,680.423358,25651.86373
No,Yes,102.723564,30116.335625
No,No,587.798297,35809.901709
No,No,0.0,28352.698611
No,No,618.846928,30779.871508
No,No,1338.926757,21692.047958
No,No,491.237787,66473.845026
No,No,640.527114,33678.541449
No,Yes,1062.893516,26771.316274
No,No,474.375202,34381.564658
No,No,81.878627,34085.344136
No,Yes,901.168193,32875.366938
No,No,696.726895,38154.358954
No,No,590.233341,46900.232293
No,No,1321.869441,44540.225106
No,Yes,498.49167,28427.545634
No,Yes,952.121959,8189.178512
No,No,147.169743,51011.210275
No,No,439.914127,37630.428086
No,No,680.1921,50197.058637
No,No,328.840073,30476.114167
No,No,1472.052053,25289.557017
No,No,930.350737,53912.217309
No,No,923.06168,51173.888836
No,Yes,950.606554,10813.441843
No,No,1215.076732,35270.491837
Yes,No,1589.897761,46616.166899
No,No,976.341998,35298.230805
No,No,180.714496,34243.727991
No,No,622.431441,27449.784319
No,Yes,930.101756,13344.946808
No,Yes,580.448977,21281.525766
No,Yes,828.766157,19539.002621
No,No,0.0,19734.082751
No,No,410.291933,51895.308536
No,No,951.205791,28478.779767
No,No,187.295318,28700.608068
No,No,891.821942,47528.331695
No,Yes,1311.846196,31247.13096
No,No,602.842138,58141.13456
No,No,722.637211,45977.127561
No,No,696.031095,31468.222144
No,Yes,1412.484355,26202.644064
No,No,837.20622,46286.60778
No,Yes,1570.496753,7909.083099
No,No,1140.680607,52963.936467
No,No,1198.11961,40671.956953
No,No,1029.366666,24404.549205
No,No,563.782057,39959.230429
No,Yes,933.651957,17925.93413
No,Yes,1221.953777,13469.458535
No,No,796.602294,26506.045647
No,No,1043.256503,53585.28022
No,Yes,953.444526,25845.240052
No,No,550.198098,16613.564234
No,Yes,781.589132,22764.975901
Yes,Yes,2026.707575,25123.40001
No,Yes,1029.79347,15672.433759
No,No,602.027605,48383.075447
No,Yes,496.843017,21542.892271
No,No,735.680956,41256.23494
No,No,1297.642788,38711.406944
No,No,901.97591,37667.910311
No,No,362.563474,33002.134145
No,No,534.201931,51771.376148
No,No,648.327042,37930.653333
No,No,892.445287,61870.044315
No,No,1224.874611,50140.233438
No,No,342.237275,46217.039839
No,No,847.203476,49644.32108
No,No,0.0,47797.965765
No,No,215.441746,52590.788248
No,No,711.980666,43710.489229
No,Yes,515.717468,32706.61965
Yes,No,1517.691016,41732.544851
No,No,329.820302,43483.948419
No,No,416.337856,51401.921285
No,Yes,688.029217,5000.0
Yes,No,2137.235472,36586.746784
No,No,1705.362266,59668.342157
No,No,574.092742,53113.144867
No,Yes,105.10014,11952.37933
No,No,1248.557201,67085.802936
No,No,0.0,48761.526667
No,Yes,1356.434302,36518.595655
No,Yes,1194.407478,11879.113519
Yes,Yes,1529.132114,14494.284115
No,No,1055.423761,33339.76138
No,No,922.299863,43732.138778
No,No,1075.430575,54005.596517
No,Yes,298.635406,26481.346824
No,No,589.769737,43107.611535
No,No,344.717637,36054.069422
No,No,1173.437035,27703.363555
No,No,129.774869,52565.961283
No,No,1307.633051,45989.635943
No,No,518.255402,49431.659226
No,No,728.237744,31472.403108
No,No,813.223889,47399.303623
No,No,152.132621,43517.947313
No,Yes,677.769023,6870.935859
No,No,565.156198,46445.526049
No,Yes,1074.730622,19732.826286
No,No,203.106041,43066.428266
No,No,791.382309,40445.09266
No,No,98.063595,42237.508362
No,No,296.401685,50470.156971
No,No,1337.606304,41341.681498
No,No,889.708944,48759.238658
No,No,290.804469,49400.531202
No,No,1036.117769,49938.712484
No,No,1516.581379,28002.842393
No,No,149.202945,36557.033436
No,No,838.266649,38505.265146
No,No,916.448825,45589.020549
No,No,501.145109,37625.969015
No,No,415.770405,55555.300596
No,Yes,1889.82117,15451.160186
No,No,0.0,33467.633123
No,Yes,168.666792,11151.158002
No,No,549.609725,50574.943043
No,Yes,0.0,15519.51263
No,Yes,668.534401,15374.343993
No,No,761.997354,57698.801048
No,No,740.968193,28406.126262
No,No,558.802173,36883.083998
No,No,924.874065,44123.415371
No,No,571.551974,64956.839055
No,Yes,1088.460922,5000.0
No,No,896.985833,32256.04958
No,No,399.763536,42355.364737
No,No,615.253512,49599.588362
No,No,457.46594,32512.333369
No,No,1327.767188,38947.871161
No,Yes,1022.735534,39057.237979
No,No,171.288103,32953.165117
No,No,227.424641,49350.618595
No,No,971.517699,46021.748113
No,Yes,1315.225307,27511.796212
No,No,875.365394,27345.416635
No,No,931.147659,31366.869251
No,Yes,1261.41849,22592.940174
No,No,730.372948,37559.449938
No,No,344.236239,38907.444816
No,No,1042.444402,56885.296022
No,Yes,3.793095,46570.299669
No,No,227.890203,40234.141819
No,No,954.676427,57187.382774
No,No,1190.130971,46806.972833
No,No,1292.217311,23155.908666
No,No,266.757804,46251.359295
No,No,964.104682,41809.327349
No,No,804.243934,43730.082146
Yes,No,1504.50877,49700.642448
No,No,780.493967,46919.470609
No,Yes,764.420795,22423.474264
No,No,625.029995,52498.385846
No,No,711.007858,52566.157989
No,No,473.850054,45252.171441
No,No,1086.187812,41713.317147
No,Yes,0.0,25365.443696
No,No,255.721801,25731.366764
No,Yes,680.386929,5200.283024
Yes,Yes,1718.869588,27095.15861
No,No,609.318012,37568.719051
No,No,421.944446,45089.036319
No,No,1140.721044,35552.171727
No,Yes,1171.451601,7673.34485
No,No,0.0,56226.662119
No,Yes,1578.3433,42249.852427
No,Yes,509.423381,18867.311366
No,Yes,969.287801,44538.858689
No,No,0.0,52098.85819
No,No,709.341501,32489.744646
No,Yes,1213.810518,14942.571708
No,No,824.482118,39277.689491
No,No,370.438146,23432.729871
No,No,721.990309,51474.550039
No,No,1195.179294,25198.00964
No,No,1131.205313,34204.059335
No,No,819.513363,40517.815797
No,No,1149.089206,30639.957998
No,Yes,902.164455,28687.374302
No,No,1290.904583,42537.868532
No,No,1070.467837,36266.81986
No,Yes,1701.722718,31549.81393
No,No,449.540659,31641.849113
No,No,0.0,39023.333162
No,No,410.828168,46551.032034
No,No,960.545589,37497.50261
No,No,701.559299,28579.698395
No,No,227.47814,36279.892256
No,No,491.170408,44689.057965
No,Yes,305.095078,11596.463002
Yes,Yes,1225.857205,16595.478608
No,No,914.492853,53498.588704
No,Yes,895.499994,5000.0
No,Yes,905.789121,17953.126134
No,No,882.366283,59581.024694
No,Yes,11.705263,5000.0
No,No,974.954346,31557.22837
No,Yes,996.033104,39141.49952
No,Yes,226.396113,34482.81612
No,No,641.883953,25284.458272
No,No,229.111603,56054.096862
No,Yes,947.506197,24776.754239
No,No,1476.227324,40056.427725
No,No,0.0,24753.333602
No,No,1482.013434,45046.033234
No,No,434.683868,38207.562017
No,Yes,805.473706,16756.507885
No,No,578.192736,39604.456565
No,No,1284.113768,29359.597325
No,No,745.379031,41965.055508
No,Yes,1167.291452,23772.869372
No,No,673.006206,39907.419153
No,Yes,622.50384,33696.804382
No,Yes,881.450531,22508.012075
No,Yes,1162.612147,9547.186447
No,Yes,379.956542,31117.986131
No,Yes,1436.700963,24159.841329
No,Yes,1274.09669,12219.003656
No,Yes,1411.50455,20867.988224
No,Yes,1230.324315,14839.879305
No,No,752.60139,29881.901492
No,Yes,273.84619,26564.245107
No,Yes,1003.906564,22895.720571
No,Yes,1645.043341,10224.324067
No,No,0.0,42558.486862
No,No,1049.628832,32016.564043
No,No,871.268137,45210.558768
No,No,352.617008,59803.827498
No,No,1208.392405,40047.575429
No,No,1571.913862,53476.657703
No,No,1489.310016,29215.052601
No,Yes,1210.667517,10931.663895
No,No,0.0,44649.792898
No,Yes,728.098196,14335.051458
No,Yes,1639.122607,27724.567687
No,No,1021.302468,52256.523366
No,No,932.966424,42975.712884
No,No,690.515912,44441.794285
No,No,1292.425739,36400.357318
No,Yes,1028.296662,17012.894242
No,No,0.0,26507.157395
No,No,800.401321,43959.951023
No,Yes,476.969025,17627.242479
No,Yes,1189.407415,18377.026006
No,Yes,724.606687,22558.905097
No,No,936.447091,44774.300414
No,No,799.407269,17058.595627
No,No,1041.447568,33166.626411
No,No,579.834109,43344.728184
No,No,534.574231,45215.593169
No,No,970.662461,47626.803249
No,Yes,1457.383128,16913.440223
No,No,501.726956,47293.684047
No,No,1286.386226,45802.449713
No,No,210.788176,35502.519387
No,No,794.864765,48137.687372
No,No,436.550781,48028.425501
Yes,Yes,2066.226534,7863.779061
No,No,816.282633,32242.550955
No,No,1460.140835,21494.018925
No,No,1166.016581,54222.256546
No,No,830.51032,35927.018412
No,No,487.201399,56445.010202
No,No,1000.322701,27465.645775
No,Yes,855.87411,13277.082861
No,No,777.836149,56327.164801
No,No,946.109123,45079.68601
No,No,129.241185,46148.714031
No,Yes,399.830053,15097.778335
No,Yes,698.554607,9915.519271
No,No,101.47118,55265.953269
No,No,400.384106,35501.489796
No,Yes,1328.730457,8665.439573
No,No,1181.227284,34358.887468
No,Yes,1078.92359,17662.638027
No,No,402.998262,39164.865569
No,Yes,0.0,31054.558294
No,No,1081.538631,43551.941127
No,No,467.590369,39228.704652
No,Yes,775.138428,19885.183851
No,No,765.556099,42524.792029
No,Yes,1291.393915,31254.516538
No,No,1047.394164,46486.562225
No,No,1729.213146,36961.407336
No,Yes,1227.04257,26318.880122
No,No,1108.841326,54636.312845
No,Yes,1132.725178,30250.331307
No,No,853.038352,55416.675188
No,No,879.620653,45551.354422
No,No,297.546415,43603.233887
No,Yes,1509.059881,6039.162968
No,No,1628.95373,44470.642985
Yes,Yes,1449.391416,11639.926638
No,No,272.640703,45794.807873
No,Yes,1090.359591,37335.416835
No,No,109.11159,39627.76037
No,No,363.422982,47609.711653
No,No,492.117004,38738.216908
No,Yes,818.152956,36147.221247
No,No,471.250925,40965.617989
No,Yes,1740.043584,18269.493858
No,Yes,461.063219,19178.96796
No,Yes,1355.351453,36720.370365
No,No,942.640855,37609.208153
No,No,654.730957,41690.358431
No,No,1110.653238,65789.906744
No,No,0.0,33073.222693
No,No,915.773487,59411.977264
No,No,275.600779,27810.879456
No,No,443.207741,31929.620801
No,No,828.352809,54848.435762
No,No,933.404847,29776.873144
No,Yes,646.89375,21265.368363
No,Yes,710.448094,18385.457689
No,No,1091.051331,55271.919627
No,No,305.690336,40961.725627
No,No,47.649211,41814.814667
No,No,175.249705,55733.181117
No,No,1083.682507,60480.206633
No,No,790.614677,42403.60407
No,No,952.640489,54064.661955
No,Yes,1071.43789,21029.087575
No,No,899.690407,37858.434592
No,Yes,668.047457,32626.544729
No,No,233.81773,18272.669387
No,Yes,0.0,17561.611607
No,No,662.230128,54322.30887
No,No,469.004228,42124.64759
No,No,1045.985987,33078.084404
No,No,1501.990363,24954.551167
No,No,0.0,30963.564934
No,No,1237.443992,41502.995267
No,Yes,1050.45202,5000.0
No,Yes,1618.176261,18812.589462
No,No,861.125718,51506.567836
No,Yes,673.673905,15693.104953
No,No,1250.045769,51768.689803
No,No,1334.952588,41604.635419
No,No,332.443206,28391.463487
No,Yes,736.559078,16365.49475
No,No,490.580886,43010.554707
No,Yes,583.311538,19744.899314
No,No,736.339239,41034.313379
No,No,749.876621,37701.937092
No,Yes,1050.976743,23428.101071
No,No,1515.476472,42094.325594
No,No,1694.810242,46290.648235
No,Yes,1109.079799,5000.0
No,Yes,524.03793,19214.871109
No,No,933.109916,35747.631511
No,No,155.660141,30187.089706
No,No,1184.984648,36074.087677
No,No,1226.452094,38490.208366
No,Yes,786.567713,19597.726642
No,No,1107.607105,46420.384687
No,Yes,1094.908377,34030.162465
No,No,44.104679,50642.568929
No,No,1135.013036,48644.468454
No,No,925.398863,33371.170952
No,No,654.666661,55339.46067
No,Yes,587.096389,17700.780315
No,No,492.128537,35475.686296
No,No,672.373822,34103.245116
No,No,796.01538,52869.158359
No,No,992.685773,40655.01584
Yes,Yes,1304.18637,5000.0
No,Yes,923.103219,26762.399485
No,Yes,1204.2809,34060.226913
No,Yes,0.0,9765.353764
Yes,Yes,2169.772256,5000.0
No,No,596.001293,48632.303154
No,Yes,1133.833305,20743.32421
No,No,1148.462325,40484.708123
No,No,933.893718,31317.217043
No,No,595.489667,39499.7209
No,No,483.219227,37749.987663
No,No,609.935131,29299.294657
No,Yes,1583.30114,32167.061651
No,No,767.261144,34499.2864
No,No,691.68175,40315.192156
No,No,494.10679,34174.93945
No,No,575.013299,35008.156879
No,No,34.358855,46401.125661
No,Yes,614.065934,32207.171103
No,No,272.137466,36019.195371
No,No,1296.987128,27537.989053
No,Yes,1316.221414,17675.295249
No,No,564.681311,24561.071118
No,No,1088.742592,43118.684676
No,No,1051.310099,42305.605476
No,No,904.80645,56077.084125
No,No,923.47902,29054.888281
No,No,1450.886473,58131.891041
No,No,513.689634,43670.443115
No,Yes,1590.972235,9105.274238
No,Yes,1724.237987,34353.330833
No,No,1139.143932,23718.518511
No,Yes,1242.195281,18015.626843
No,No,874.713395,28417.75183
No,Yes,590.854718,31683.880212
No,No,793.471099,40871.115167
No,No,847.342782,32965.754332
No,No,420.669767,37537.898881
No,Yes,999.816848,17032.73467
No,No,512.841353,45688.412327
No,No,338.826042,47688.261712
No,No,0.0,37661.725331
No,No,313.293093,56323.573599
No,Yes,752.631591,23914.876663
No,No,585.427903,38953.364656
No,No,430.816981,42412.732704
No,No,570.328973,63378.384839
No,No,216.946053,44323.374854
No,Yes,1191.824918,19984.712263
No,Yes,1020.780433,19013.014407
No,No,1029.362445,39699.143013
No,No,85.394417,47479.950015
No,Yes,560.81442,9939.398764
No,No,136.494874,33548.947685
No,Yes,594.548743,16100.285204
No,Yes,321.13538,19460.376163
No,No,1775.03583,27195.671633
No,No,377.043896,33610.442247
No,No,529.03148,30652.432198
No,No,1182.202464,52177.223529
No,Yes,1116.461916,23154.489326
No,Yes,1100.377071,12138.877341
No,No,1280.615472,38350.496319
No,No,818.323124,36310.271113
No,No,535.489094,51796.543022
No,Yes,444.181835,17462.54738
No,Yes,1114.911616,29125.589944
No,No,411.970791,57773.996856
No,No,884.715942,37811.716444
No,Yes,309.471944,23291.500981
No,No,1119.523909,41004.323426
No,No,1573.450836,54409.23719
No,No,939.831263,39471.569656
No,No,527.560983,55474.478875
No,Yes,1085.588617,29148.320735
No,No,581.540746,61500.128537
No,No,310.066207,51295.578937
No,No,667.15026,31299.10084
No,Yes,589.692108,5000.0
No,No,700.04325,47910.113579
No,Yes,864.353987,33804.546878
No,No,440.817196,32485.207052
No,No,230.912393,39531.300531
Yes,No,1947.661003,36415.907299
No,No,1170.210067,28521.950545
No,No,910.073205,32809.237796
No,Yes,1147.479513,14090.883153
No,Yes,1439.87011,22665.728696
No,No,1632.260068,37212.501588
No,Yes,591.426048,30684.29108
No,Yes,670.626407,17699.15517
No,No,550.947119,39317.398956
No,Yes,966.071181,23061.299587
No,No,903.549776,38032.704518
No,No,1212.77259,41399.425233
No,No,1222.269517,36314.626543
No,No,772.546606,48826.610162
No,No,0.0,28508.067147
Yes,Yes,1641.966178,15127.484674
No,No,580.60772,36673.864751
No,Yes,879.327839,29965.944079
No,Yes,911.861306,8289.4717
No,Yes,742.276975,14160.519684
No,No,277.480708,39189.120963
No,Yes,555.055952,14782.144621
No,Yes,53.652525,5000.0
No,No,806.611456,23527.236643
No,No,1353.777882,46093.620607
No,Yes,82.421397,23268.780128
No,No,552.296466,34032.203985
No,No,1059.217808,36503.916562
No,No,1316.057442,36180.366999
No,No,234.36033,35612.745047
No,No,1221.984018,70695.272564
No,Yes,0.0,21462.30256
No,No,819.876633,39144.529449
No,Yes,858.104059,20588.508127
No,Yes,1497.70643,23992.172387
No,Yes,620.199324,16683.417684
No,Yes,274.97001,17318.094956
No,No,1597.565278,48303.872539
No,Yes,670.599851,5000.0
No,No,1365.417849,57663.398975
No,Yes,1769.936022,8537.967414
No,No,175.148684,52602.088962
No,Yes,1395.243219,23970.93719
No,Yes,1183.224896,18676.58761
No,Yes,1147.905645,24598.76515
No,No,618.343788,44273.117025
No,No,894.708328,68200.870096
No,No,811.632545,39009.695774
No,No,1637.867876,37052.585494
No,No,159.655263,56318.112767
No,Yes,63.865452,19366.708749
No,Yes,847.347129,35414.993923
No,No,329.140683,36475.094268
No,Yes,639.769916,26776.484928
No,No,894.214061,51856.786217
No,No,507.836834,52409.767281
No,No,740.966529,31263.413981
No,No,647.101266,45691.817791
No,No,856.173877,42999.124924
Yes,No,1563.103372,30026.302674
No,No,970.094385,61577.209562
No,Yes,1187.683557,17918.100388
No,No,370.826293,39085.411073
No,Yes,1021.155674,41340.445723
Yes,Yes,1821.754275,22742.584165
No,No,919.981201,53184.72585
No,No,626.309544,47234.017076
No,No,1397.523562,41586.414151
No,No,1182.415353,22954.838607
No,No,794.368421,45487.576601
No,No,654.460177,61756.501959
No,Yes,686.781305,9238.519885
No,Yes,965.13104,31950.191745
No,Yes,926.261256,20634.148199
No,No,1066.507909,48654.868653
No,No,12.439702,45897.107913
No,Yes,1392.803847,17191.090239
No,No,0.0,36904.368521
No,No,360.115105,38588.77346
No,Yes,379.353247,35405.06413
No,No,556.301089,59934.212696
No,No,1069.675091,41433.083069
No,No,156.327418,44693.591311
No,Yes,348.483705,11139.371896
No,Yes,671.433231,25085.692412
No,No,1742.741632,41620.995716
No,Yes,276.417446,6109.996163
No,Yes,932.616619,15214.580005
No,No,298.227188,62067.63636
No,No,271.79879,35629.724397
No,No,851.484262,48459.708168
No,No,364.540423,23467.386649
No,No,547.145172,42025.565324
No,No,527.803371,28300.54924
No,No,742.519599,47036.084758
No,Yes,592.621394,29191.859585
No,No,856.016475,53415.908194
No,No,907.469761,31521.525771
No,No,286.012529,37604.074948
No,Yes,1171.527779,11397.675204
No,Yes,1205.309216,31368.904061
No,No,417.516493,39600.173235
No,No,909.828388,42967.974718
No,No,762.551532,37145.256136
No,No,717.439259,49894.332192
No,No,150.464378,35420.323558
No,No,294.982375,47639.565036
No,No,516.69828,33528.320634
No,No,0.0,26766.218252
No,No,659.584251,53272.675062
No,No,584.3835,27374.239194
No,Yes,1085.75403,30126.055715
No,No,0.0,37370.484259
No,Yes,627.293962,5000.0
No,No,1020.479152,51241.364777
No,No,795.523973,36356.533602
No,Yes,676.728149,29866.805002
No,No,568.623341,67699.455439
No,No,339.636729,52335.076002
No,No,1068.253931,44982.677712
No,No,0.127144,34820.35265
No,Yes,897.861412,22211.163183
No,No,0.0,54400.133277
No,No,178.293863,48994.27663
No,Yes,917.825674,21561.560719
No,No,1045.542933,39769.462828
No,No,459.49576,41715.578334
No,No,788.308258,26367.589655
No,No,433.555825,41982.91712
No,Yes,1024.203805,5000.0
No,Yes,1710.775557,22859.478079
No,No,358.382672,41287.342647
No,Yes,356.741296,9794.312351
No,No,593.577623,51026.253178
No,Yes,914.806415,22122.442926
No,No,763.31398,55738.872609
No,Yes,636.697199,16671.320776
No,No,886.915811,46772.674674
No,No,172.294643,50116.017815
No,Yes,616.69732,22036.870662
No,Yes,1500.532157,16700.691504
Yes,Yes,1423.172123,24407.284926
No,No,990.749697,21648.586006
No,No,518.754911,38607.334965
No,No,888.185856,49951.007331
No,Yes,1420.300802,16103.951178
No,No,278.37526,32813.046274
No,No,934.881894,66216.074768
No,Yes,590.876901,8746.843627
No,No,579.482864,45861.587295
No,No,693.365091,73607.196448
No,Yes,1239.82962,14611.21009
No,Yes,446.568738,32084.005841
No,No,697.084791,31918.257297
No,No,1276.297408,38941.648283
No,No,469.123107,42822.20122
No,No,811.041863,45192.537307
No,No,482.679331,43260.300759
Yes,No,1674.554074,34007.352099
No,No,973.983844,41887.811886
No,No,333.226276,46867.916732
No,No,599.913445,35283.132493
No,No,1045.428709,21292.621472
No,Yes,0.0,28897.930452
Yes,No,1620.601545,34559.41714
No,No,853.75485,36269.629359
No,No,1661.945811,38760.324588
No,No,1002.882754,30210.861482
No,No,860.705453,57317.748691
No,Yes,610.561281,23356.494782
No,No,317.816773,44493.85532
No,Yes,1303.273417,26733.285064
No,No,960.553143,33555.237419
No,Yes,153.787671,5541.700298
No,No,1048.263584,50019.682229
No,Yes,1109.167023,29832.048162
No,No,773.815473,64934.306962
No,No,1368.715594,55099.149537
No,No,354.636349,37170.883997
No,No,512.352103,51477.719177
No,No,376.464821,31425.749464
No,No,184.236871,36302.990373
No,No,902.248789,57980.10872
No,No,730.650782,37043.516505
No,No,1102.273659,32532.648318
Yes,Yes,1054.351594,6359.778018
No,Yes,611.952528,5000.0
No,Yes,1219.323956,20087.102852
No,Yes,431.856677,24947.907967
Yes,No,1827.579432,39654.051242
No,No,614.762261,44854.64505
No,No,358.406346,30350.964355
No,No,497.108065,68754.81682
No,No,971.091895,42667.162686
No,No,611.98553,46302.937546
No,Yes,772.867096,19814.420523
No,No,1038.266248,36223.013379
No,No,449.188816,37823.398332
No,No,176.644914,60051.680941
No,Yes,210.11662,13251.291975
No,No,399.935896,42716.593014
No,No,519.416906,49205.953363
No,Yes,546.923803,10885.55623
No,No,0.0,54118.409053
No,No,140.121602,26283.158976
No,No,1429.75426,42731.283308
No,Yes,832.706183,42093.159204
No,Yes,466.660542,20530.386781
No,No,0.0,42108.865454
No,No,224.840315,53213.629761
No,Yes,379.767341,13435.65893
No,Yes,1083.602913,9473.133845
No,No,1241.539149,47502.165859
No,No,1212.193012,40764.385948
No,No,799.410487,39184.772721
No,Yes,904.376471,23245.349135
No,No,922.276225,42379.226442
No,No,965.680377,45098.531437
No,No,1126.430935,53428.993581
No,No,400.592949,47023.716685
No,No,616.45995,41768.615558
No,No,1444.858854,45523.297369
No,Yes,0.0,28383.074387
No,No,402.43225,56134.461053
No,No,495.255583,32788.130355
No,No,865.675303,25413.275088
No,No,1305.393603,54450.584428
No,Yes,1083.459975,25077.691057
No,Yes,999.491033,5000.0
No,No,1017.883013,28172.920806
No,Yes,988.303501,10331.929372
No,No,664.633934,26605.890705
No,No,1030.868104,35329.856058
No,No,1831.892416,36526.283485
No,No,1297.730227,40239.532052
No,No,1122.943087,33229.626845
No,No,1317.829057,35432.640627
No,No,1239.277792,30481.523335
No,No,245.79282,39151.71446
No,No,550.129601,25122.142609
No,Yes,734.644118,10576.054771
No,No,357.739142,60339.858238
No,No,751.316515,56740.938196
No,No,673.752456,42251.441357
No,No,1167.058505,63866.522535
No,No,1121.202913,30055.571916
No,No,465.520566,40073.946835
No,Yes,1424.585825,21831.297624
No,Yes,0.0,13818.609367
No,No,1488.474151,38051.272268
No,Yes,968.924441,17817.733248
No,No,542.174348,38389.683118
No,No,1013.56722,25054.414885
No,No,1622.046404,28441.295554
No,No,841.423037,56084.21761
No,No,1037.660007,35717.078587
No,No,722.755644,44588.79418
No,Yes,1172.974913,23653.179582
No,No,791.045844,46497.576968
No,No,1354.844653,34237.589672
No,Yes,849.944461,28768.62563
No,Yes,931.957185,11299.397804
No,Yes,1217.595298,12923.278375
No,No,0.0,34122.063591
No,No,413.155004,44392.675802
Yes,Yes,1091.770174,26663.704743
No,No,830.009238,39102.903251
No,No,1275.948947,45869.428378
No,No,1050.416888,48532.121468
No,No,1112.781783,56716.627145
No,No,527.544612,47185.849109
No,No,863.232635,44355.231778
No,Yes,1540.385852,11729.242927
No,No,995.732371,35100.42023
No,No,1393.377904,29673.658604
No,No,935.907231,40318.221589
No,No,470.363811,39843.36482
No,No,659.281511,38516.494016
No,No,1346.168958,47352.85524
No,No,766.034886,22314.14971
No,No,663.886711,34085.073944
No,No,1052.303041,30882.183693
No,No,1162.500926,53686.374473
No,No,858.318548,53853.28941
No,No,427.349658,44197.813376
No,Yes,446.638703,17642.039026
No,No,899.122178,5000.0
No,Yes,511.669123,14114.424543
No,No,250.699486,44605.058127
No,No,29.96232,40583.79346
No,No,338.351329,61394.454309
No,Yes,1438.237765,22721.610106
No,No,0.0,43631.294875
No,No,818.192431,47751.58905
No,No,143.554627,53974.810916
No,No,995.634107,46307.67598
No,Yes,817.345538,26047.689119
No,No,581.289523,26224.609164
No,Yes,1730.067957,5000.0
No,Yes,1242.421509,19042.821129
No,No,1404.813036,44600.237827
No,No,491.528875,40004.033774
No,No,1324.200144,26479.132172
No,Yes,654.916245,26519.523624
No,Yes,1630.793444,30748.559052
No,No,1226.627049,55563.419492
No,No,679.045622,47272.956369
No,No,542.9049,55583.666771
No,No,249.941337,31298.002282
No,No,935.518328,39870.529253
No,No,430.676336,38144.877586
No,No,379.065818,48316.686877
No,No,844.475295,34360.775439
No,No,517.111291,34287.916629
No,No,221.554615,43770.570703
No,No,0.0,20977.850033
No,No,0.0,38745.9202
No,No,921.213116,28861.680513
No,No,758.484716,30572.350106
No,No,277.688745,37026.560549
No,No,1087.644805,48837.600257
No,No,1297.443667,36679.755395
No,Yes,384.356886,25186.785314
No,No,1391.433971,41822.179912
No,Yes,971.335727,12703.10744
No,Yes,487.454539,27044.453737
No,No,739.686086,49953.605639
No,Yes,904.378453,21221.252259
No,No,0.0,35650.039498
Yes,No,1675.760028,51673.934311
No,Yes,816.489778,24040.381324
No,Yes,1215.662445,13231.628661
No,No,0.0,48442.789431
No,No,880.351464,40175.389445
No,Yes,1381.356095,16104.926935
No,No,297.749977,36073.065103
No,No,799.375902,42827.082862
Yes,Yes,1890.085119,35892.003058
No,No,794.813362,36826.202137
No,Yes,1359.675836,20098.674612
No,No,657.524507,32595.796923
No,No,356.827552,57854.909526
No,No,1372.207871,51401.9286
No,No,418.444429,34503.610494
No,Yes,914.674075,13282.899525
No,No,1069.133916,50302.07426
No,No,602.119224,40941.861234
No,No,822.584722,41801.189066
No,No,724.804324,42087.380346
No,Yes,1103.391354,5000.0
No,Yes,0.0,23590.447307
No,No,428.286715,39131.561209
No,No,139.316718,35984.129302
No,Yes,1459.811826,16003.678164
No,No,1381.731939,42995.437309
Yes,Yes,1710.125553,23340.525736
No,No,1179.638163,42584.174199
No,No,1420.019145,51535.75362
No,No,1507.472606,50304.891571
No,No,547.798583,70516.26229
Yes,No,1055.13101,49823.830354
No,No,1041.696083,51527.136323
No,Yes,1173.281195,25654.018662
No,No,664.673721,29525.401506
No,No,969.309472,21091.54579
No,No,901.298987,54509.694268
No,No,918.460647,33228.206875
No,No,964.68423,47413.647031
No,No,1192.708485,48299.540293
No,No,1204.079487,38312.596961
No,Yes,1954.036875,23373.381698
Yes,No,1703.517979,44877.187484
No,No,395.17535,42153.537276
No,No,0.0,27565.582751
No,No,584.773673,38255.508222
No,No,730.937592,61503.102301
No,No,0.0,42734.208151
No,Yes,1142.924962,6439.515744
No,Yes,1435.11427,5176.246393
No,No,455.066035,45859.064999
No,Yes,2031.616196,31826.212792
No,Yes,1611.986063,19820.790247
No,No,987.108032,46959.684403
No,No,264.958162,15776.060071
No,Yes,1093.612737,34828.508069
No,No,1252.759828,47721.659764
No,No,315.29123,53976.381167
No,No,1264.273106,8884.786701
No,Yes,736.645047,38505.272921
No,No,636.738792,23350.841614
No,Yes,5.134458,7232.4516
No,No,1014.754227,62952.389432
No,No,619.979083,62949.644158
No,No,1364.993577,37239.382646
No,Yes,1254.644382,22086.710432
No,No,843.595625,42776.192309
No,Yes,1171.044616,20037.161366
No,No,1064.53467,66702.875703
No,No,0.0,30546.743228
No,No,1182.257751,52681.617401
No,Yes,1173.261533,6954.229886
No,No,300.182372,31196.33909
No,Yes,780.204482,9297.144045
No,Yes,1088.362649,18886.519907
No,Yes,210.346057,9300.236704
No,Yes,1220.828183,32429.549006
No,No,1057.876653,30148.097846
No,No,558.04253,17312.980402
Yes,Yes,1310.820074,8206.240022
No,No,757.627301,14815.015994
No,Yes,0.0,14971.828713
No,Yes,980.407381,24383.36699
No,No,445.689337,46370.813494
No,No,596.185754,45993.059061
No,No,637.831851,28984.384328
No,No,1465.724139,49236.139338
No,Yes,640.387031,21933.429882
No,No,0.0,39192.356921
No,No,592.409314,42753.970911
No,No,864.17724,43958.205057
No,No,347.922696,43713.565853
No,No,679.005067,77175.205362
No,Yes,925.074857,20455.231016
No,No,1205.129464,25911.362868
No,Yes,267.133273,34893.223842
No,No,1045.020074,50491.205872
Yes,No,1567.224037,42060.521739
No,No,270.44701,34798.642081
No,No,644.449126,26366.778009
No,No,714.377091,31338.177131
No,No,1211.986851,38458.351339
No,Yes,1091.470536,6051.838711
No,No,1385.049867,44011.450013
No,No,798.861082,35760.851025
No,No,741.750007,35415.745827
No,No,385.575035,57838.45233
No,No,1008.945955,34349.914644
No,Yes,1078.137787,30187.934111
No,Yes,0.0,12482.820826
No,No,499.120966,37733.698735
No,No,479.325499,35812.622246
No,No,0.0,29312.096061
No,Yes,831.656512,30635.813767
No,Yes,396.618645,20233.233636
No,No,721.696285,43097.190684
No,Yes,493.716964,21121.470181
Yes,No,1690.111209,39978.17792
No,No,487.351603,51363.557422
No,No,1292.487942,38622.679803
No,No,498.742169,45651.522148
No,Yes,1179.676201,7626.159782
No,No,723.128055,27801.300675
No,No,1240.204681,48692.052182
No,No,594.355902,40496.979323
No,No,691.585998,35116.503163
No,No,486.852668,38704.303638
No,Yes,1054.893653,18971.149324
No,No,796.334956,67361.196092
No,Yes,976.410863,20450.351978
No,Yes,528.19037,33094.085509
No,No,0.0,27831.759784
No,No,1339.352405,56584.531776
No,No,1940.368713,34664.778209
No,Yes,633.765191,19633.21569
No,No,220.657292,45323.051412
No,No,1308.641574,30345.516525
No,No,1751.958173,48457.235352
No,No,0.0,35960.568191
No,No,1061.543921,53372.332566
No,No,1571.747918,33912.683391
No,No,889.135238,57703.888769
No,Yes,267.981203,17425.981675
No,Yes,529.313369,23154.920302
No,No,1065.697148,60218.934996
Yes,No,2189.007488,43785.354045
No,No,104.616629,34855.556794
No,No,933.631409,38162.591084
No,No,742.12048,34412.398759
No,No,1033.552545,49988.30654
No,No,1303.443756,35842.754561
No,No,400.870866,56615.463539
No,No,790.343321,52545.158794
No,No,519.473861,37936.979628
No,Yes,826.321611,20641.424117
No,Yes,1367.54014,13096.891328
No,No,580.0908,37471.156528
No,No,1248.698432,51935.694217
No,Yes,699.82935,24095.722267
No,No,1189.188175,33368.344912
Yes,Yes,1710.083613,7392.099914
No,No,487.87896,39155.95229
No,No,870.703927,33278.519337
No,No,983.442938,29648.756214
No,Yes,763.330042,12518.763788
No,No,1379.088214,36671.671739
Yes,Yes,1260.630297,5000.0
No,No,1200.802422,41659.185611
No,Yes,483.539462,27863.242088
No,No,543.726236,62262.260153
No,No,1278.033026,46570.341201
No,No,1024.093673,31004.969225
No,Yes,941.884661,5000.0
No,No,1073.997079,39921.968202
No,Yes,805.982482,25889.187424
No,Yes,888.129946,18952.171582
No,No,1031.16065,38201.094175
No,Yes,1215.245328,13626.713786
No,No,152.651589,58715.010119
No,No,1081.265224,50748.138762
No,Yes,743.783047,29847.664973
No,No,155.277126,52702.591757
No,No,1097.330964,38724.57091
No,No,489.461865,34190.993893
No,No,645.012512,36911.410323
No,No,676.518196,33229.105442
No,Yes,619.743716,19514.892142
No,No,839.345884,29016.30926
No,No,815.739742,43984.215978
No,No,460.48828,46029.009766
No,Yes,1448.753934,5000.0
No,Yes,724.031025,15994.911438
No,No,0.0,34671.827824
No,No,859.689663,49722.868205
No,No,1077.10209,48760.784208
No,No,0.0,41726.722973
No,No,605.102756,41281.440373
No,Yes,643.875183,23045.023292
No,No,692.409756,45849.264825
No,No,692.254133,48142.818005
No,No,1486.339465,32659.00697
No,Yes,1443.36549,11662.43279
No,Yes,942.857192,18763.882387
No,No,815.106785,54346.791881
No,No,979.781009,45434.104017
Yes,No,1498.616895,53653.666952
No,No,578.27548,36609.691215
No,No,335.763434,47399.579745
No,No,1232.663296,44082.661111
No,No,490.428931,26768.181229
No,Yes,1528.907375,34570.661614
No,No,555.942537,33215.10561
Yes,Yes,1361.378601,29069.066789
No,No,475.295805,48152.698254
No,No,21.960672,40083.633717
No,Yes,1412.580605,36345.130422
No,No,619.661836,50738.157532
No,No,827.099647,51731.537612
No,No,588.631759,35157.891897
No,No,632.944808,57402.827412
No,No,770.120631,50029.581295
Yes,No,1452.305401,35648.111082
No,Yes,1336.900493,5000.0
No,No,1449.427009,45696.811548
No,No,84.5197,35553.450699
No,Yes,643.951083,30807.313708
No,No,837.177297,44108.507287
No,Yes,757.950071,14280.367048
No,No,609.545717,43173.308033
No,Yes,1307.113222,7173.462169
No,No,1046.018258,39726.02274
No,Yes,554.943324,7427.439157
No,No,119.247398,31697.687675
No,No,859.544129,35196.787725
No,No,283.781057,44517.661198
No,Yes,1130.087934,20807.887287
No,No,887.715339,25080.505528
No,No,1368.550483,51555.95143
No,No,1299.165092,35249.445132
Yes,Yes,1664.520008,5000.0
No,Yes,940.924369,21874.58006
No,Yes,788.308052,53840.105993
No,No,661.377951,28593.88389
No,No,1047.58234,44110.311437
No,Yes,850.724811,5000.0
No,Yes,942.370325,19585.667464
No,No,696.738898,48171.86205
No,Yes,835.719144,32270.552273
No,No,1493.960941,44950.815958
No,No,24.959275,50263.648052
No,No,1911.748752,42969.417579
No,No,876.436224,36415.655999
No,No,972.93556,30784.267164
No,Yes,1034.810421,25171.772794
No,No,914.655476,52656.457967
No,No,708.293789,20766.848467
No,No,992.596106,37249.419419
No,Yes,849.837687,19763.901233
No,Yes,1572.764873,24730.430362
No,No,1562.467492,40842.832393
No,Yes,835.008661,18762.382503
Yes,Yes,1832.438117,16714.569454
No,No,651.868636,24684.032845
No,No,424.490401,70975.866225
No,Yes,1601.162093,25184.895466
No,No,1134.793047,69655.91075
No,Yes,1285.505054,17063.801977
No,Yes,1074.542361,27427.610251
No,No,839.658937,43620.120839
No,No,421.403582,51954.062387
No,No,550.522835,32288.582025
No,No,780.098332,42084.124466
No,No,809.578474,40478.558324
No,No,1036.445703,54382.25839
No,No,1350.903872,32948.612302
No,Yes,994.609334,32938.627932
No,No,989.799913,46195.685821
No,No,639.578622,24020.226764
No,No,442.042816,59247.111033
No,Yes,792.114213,22680.294199
Yes,No,1800.323022,51279.74599
No,No,1198.290975,33258.535095
No,No,773.175528,41154.962033
No,No,787.995119,52684.664339
No,Yes,739.299379,23022.320595
No,Yes,787.728461,25831.28917
No,No,521.321556,46907.042128
No,No,732.912395,39246.332138
No,Yes,1201.069265,42936.93535
No,No,813.390207,32796.102271
No,No,3.010183,38544.794022
No,No,724.377888,48261.863554
No,Yes,1006.933916,30599.018674
No,No,0.0,46815.14693
No,No,356.947242,21076.577369
No,No,658.457752,39133.987559
No,No,1119.235963,58156.750413
No,No,937.105339,37006.595856
No,No,0.0,35758.624557
No,No,1343.612202,32772.841151
No,Yes,671.935898,36341.22217
No,No,1035.569706,68941.782565
No,No,879.719569,58594.928828
No,No,293.616722,40162.329749
No,Yes,1099.644507,7619.783173
No,Yes,0.0,13436.780204
No,No,680.976952,36331.504054
No,No,925.144904,49263.379082
No,Yes,1286.131568,23114.173539
No,No,996.33436,51522.464516
No,No,629.503673,39230.084985
No,No,629.530543,31548.708731
Yes,No,1205.565998,44137.096988
No,No,255.47339,40176.122066
No,No,718.52214,48679.101699
No,No,369.803926,51158.552589
No,No,605.387585,60254.72407
No,Yes,794.351585,13485.351183
No,No,669.733228,34225.001793
No,No,76.492761,38628.33014
No,No,559.996864,31780.370549
No,Yes,449.291876,16893.542068
No,No,232.912114,38998.501107
No,No,544.746245,43841.761409
No,No,709.105324,30053.496522
No,No,1021.368547,48313.298456
No,Yes,553.253038,26479.170095
No,No,117.723645,45877.487872
No,No,802.021168,60340.276186
No,No,1037.006489,41381.628531
No,Yes,635.8705,17962.263039
No,Yes,744.904134,7246.968519
No,Yes,542.479916,24718.873583
No,Yes,942.313043,9589.690301
No,No,597.123055,43476.381855
No,No,1319.464636,47796.972993
No,Yes,1505.713461,16675.63795
No,Yes,1090.516541,8752.63443
No,No,1196.817555,41821.033852
No,No,674.156563,50665.32043
No,No,438.995774,46474.410559
No,No,618.773791,44463.959895
No,No,553.584866,52501.320424
No,Yes,1220.461795,9008.637405
No,No,532.297899,43042.791325
No,No,219.116593,44333.950049
No,No,267.257694,33405.817986
No,Yes,1029.763649,41232.073408
No,No,708.727875,53818.478896
No,No,271.598648,48176.296616
No,No,911.795717,34395.94296
No,No,457.474505,53752.006444
No,No,1483.779826,52408.847277
No,Yes,1602.768931,7096.203111
No,Yes,351.059638,15069.687478
No,No,878.033684,52205.78794
No,No,1380.403867,48579.30072
No,No,572.938206,24554.365206
No,No,1387.125952,26572.500997
No,Yes,489.655951,21424.23977
No,Yes,685.323052,19135.369572
No,Yes,1126.668442,5000.0
No,Yes,1131.623479,17103.369431
No,No,757.07931,19881.735002
No,No,353.204812,22581.570504
No,No,810.31977,42800.863684
No,No,276.726163,37614.831613
No,No,577.37883,34941.573148
No,Yes,991.15922,40612.617623
No,No,351.77086,47391.36263
No,No,920.139832,32038.817522
No,No,1476.503301,43254.106715
No,No,988.829346,41803.542973
No,No,0.0,44551.358091
No,No,1102.379398,45816.037042
No,Yes,1095.366869,7322.22189
No,No,1019.650258,37307.870368
No,No,899.922045,41883.353283
No,No,730.114159,60822.903288
No,Yes,609.57126,11373.238631
No,No,1186.636171,44836.45684
No,No,370.70909,54789.654894
No,No,528.898229,42327.579511
No,No,1536.274884,33584.914203
No,No,1013.192527,44718.967605
No,No,1243.310342,60444.973313
No,No,368.678063,30332.983513
No,No,865.502277,50944.350284
No,No,918.406451,34146.298579
No,Yes,230.631832,13316.58831
No,Yes,217.044546,27462.923614
No,Yes,0.0,23090.145359
No,No,308.723981,33331.428426
No,No,1751.768585,32346.072701
No,Yes,2133.769974,17594.310779
No,No,662.15791,43029.021676
No,No,871.883626,35543.925354
No,Yes,975.50842,28805.760307
No,No,1298.763814,54652.585604
No,Yes,1457.189659,22765.685472
No,Yes,913.025689,8537.117432
No,Yes,435.572789,16796.478115
No,No,0.0,44505.157777
Yes,Yes,1478.834691,17338.758995
No,No,89.098904,47317.198622
No,Yes,686.163471,23890.323613
No,No,918.336423,25689.144656
No,Yes,1328.765172,24692.53468
No,No,456.265195,46937.805139
No,No,97.952237,24643.958829
Yes,No,1674.800274,62381.490227
No,Yes,995.220791,13873.55806
No,Yes,1035.897342,29868.88767
No,Yes,241.571708,20110.937393
No,Yes,1283.160838,12373.15989
No,No,0.0,62706.557294
No,Yes,1372.763408,9506.022338
No,No,1498.114013,34947.631713
No,No,510.618997,40291.457107
No,No,726.078077,37279.520378
No,No,602.377703,40685.805978
No,Yes,1188.155986,33404.884711
No,No,687.831606,44765.466119
No,No,720.373063,35768.938484
No,Yes,1111.077578,16051.186956
No,No,978.668978,46138.786018
No,No,996.374882,24334.30508
No,No,832.029201,15220.80924
No,Yes,1266.211866,13993.55195
No,Yes,457.072687,14777.182919
No,No,974.828413,42300.989559
No,Yes,1385.926759,42425.974192
No,No,917.234061,51965.799874
No,No,391.837564,55223.959193
No,No,1039.398868,31387.268275
No,No,1285.148688,38788.307105
No,Yes,853.081057,18528.754353
Yes,No,1220.432688,38803.316522
No,Yes,909.571539,22310.645675
No,No,67.716751,53402.556783
No,No,518.68952,41317.383097
No,No,463.475163,33314.027753
No,No,398.104179,35914.204409
No,No,996.687253,35630.818149
No,No,1153.82163,36766.897315
No,Yes,1183.741972,10049.104709
No,Yes,1836.414813,17757.668835
No,No,1040.187944,33007.889519
No,No,1042.733204,56703.629648
No,Yes,1099.07586,20578.899804
No,Yes,794.191372,24456.309344
No,Yes,1302.974011,17679.286737
No,Yes,1068.90312,37999.606231
No,No,894.830808,41548.126055
No,No,1581.064958,54718.884833
No,No,1630.040953,48826.979175
No,No,736.570861,39667.846398
No,No,164.392703,33842.055581
No,No,0.0,50555.014652
No,Yes,626.945939,16032.551327
No,No,862.890927,45444.922249
No,No,525.293184,30428.391091
No,No,1809.441784,50272.959818
No,Yes,489.848242,10173.146344
No,Yes,1517.744101,13740.104696
No,Yes,512.39254,21550.033675
Yes,Yes,894.376821,7859.353791
No,No,1246.177377,51291.799604
No,No,637.611432,35144.659585
No,Yes,1560.47025,15264.147558
No,No,973.009105,43130.740335
No,No,429.309195,27951.341741
No,No,1242.815561,33072.18059
No,No,879.105899,59113.808639
No,No,1242.903224,30500.354184
No,No,1011.640713,27428.063513
No,Yes,1846.132964,20199.449999
No,No,1130.556283,32716.466667
No,Yes,1344.209505,16170.455052
No,No,907.36689,49159.548864
No,Yes,1126.093462,6353.861943
No,No,1756.276467,20442.116864
No,Yes,161.259697,17393.969413
No,No,1241.371117,53765.419565
No,No,1019.936672,24466.086061
No,No,1500.352313,49714.978843
No,No,189.652052,36319.633727
No,Yes,1646.733163,18674.339552
Yes,No,590.282543,45137.311806
No,No,558.487043,47286.245853
No,Yes,561.684281,21433.701284
No,Yes,339.189503,5142.486673
No,No,699.76797,43579.761258
No,Yes,870.558488,12276.510534
No,No,829.413882,58649.511841
No,No,456.161473,55128.729236
No,Yes,1349.242464,17823.83974
No,No,348.61604,44093.862678
No,Yes,574.844225,31033.14479
No,No,1236.229943,42514.31064
No,No,105.315346,37675.310516
No,No,943.652713,65385.502285
No,No,324.337,41231.770089
No,No,912.557591,28425.899834
No,No,1139.882585,36236.276289
No,No,403.97521,46128.741707
No,No,1456.08932,47059.264201
No,No,385.270531,37581.311685
No,No,457.940731,43340.596709
No,No,480.055667,53213.693513
No,No,585.16654,28311.021649
No,No,643.358308,31250.54651
No,No,902.975574,38305.421438
No,No,340.720092,38210.931264
No,Yes,734.581575,28300.357062
No,No,425.406861,55632.894191
No,Yes,310.622498,22702.291603
No,Yes,265.745957,24362.28843
No,Yes,976.613319,30932.076951
No,Yes,804.027196,25623.388375
No,No,965.58855,45121.536376
No,No,313.627543,44731.807943
No,Yes,660.304637,19114.186586
No,No,720.867405,52192.422052
No,Yes,1015.752173,19676.897895
No,Yes,1398.569462,17273.149541
No,No,1165.898444,41211.572354
No,No,751.935507,35556.710549
No,Yes,657.73349,17496.100701
No,Yes,1100.924209,17417.588976
Yes,No,1654.09513,35511.109876
Yes,No,917.220634,42116.447631
No,No,366.771605,40710.153564
Yes,No,1515.169407,35860.126064
No,No,599.311652,42346.200066
No,Yes,1452.848144,32065.994658
No,No,443.094321,33244.494545
No,No,118.87314,37750.689632
No,No,1145.364708,32166.792066
Yes,Yes,1489.312261,22843.64873
No,No,659.903908,25235.816337
No,No,604.615099,47245.707173
No,No,623.601541,29320.918532
No,Yes,1072.137002,5000.0
Yes,Yes,1895.92264,21502.602897
No,No,1019.904779,57951.940435
No,No,1089.648644,35376.676073
No,Yes,1310.604748,13288.620631
No,No,713.442846,41143.420578
No,Yes,402.39466,10453.232432
No,No,872.353558,49929.628788
No,No,0.0,42384.139973
No,Yes,1137.702046,20189.147379
Yes,No,1807.720363,48053.052215
No,Yes,1712.741076,37708.978787
No,No,896.521268,45723.487858
No,No,1616.648115,45589.379292
No,No,1335.070947,42553.884725
No,Yes,1432.013858,17491.537246
No,No,1038.772492,40918.996832
No,No,0.0,50635.401461
No,No,422.11989,34717.899611
No,No,784.190214,54683.316338
No,Yes,1276.549758,33257.247898
No,No,147.480436,43660.526841
No,No,789.933259,35798.006781
No,No,1075.574891,44511.599338
No,No,323.21989,40604.258801
No,No,1624.818733,48749.298115
No,No,593.213178,39665.05198
No,No,370.165964,31466.776238
No,Yes,865.795871,26238.214065
No,Yes,1207.229506,18237.638547
No,No,456.062472,49382.482844
No,Yes,1532.393048,5000.0
No,No,929.784083,56083.745153
No,No,129.780858,52880.789837
No,No,545.271911,52683.457897
Yes,Yes,956.040553,37485.384199
No,No,83.655623,45426.77705
No,Yes,1015.30855,22773.112509
No,No,541.53745,36328.790841
No,No,1223.608634,38986.760507
No,No,1453.028784,23086.461564
No,Yes,607.825592,21382.013725
No,No,8.601601,48558.171873
No,Yes,1522.705608,29414.158073
No,No,108.68398,41379.184438
No,Yes,1267.37628,25410.113543
No,No,544.989624,51541.317588
No,No,726.174983,67060.665738
No,No,1086.325682,29327.34114
No,No,0.0,34603.549205
No,No,1117.32547,62931.430939
No,No,0.0,27269.226773
No,No,786.935507,42675.604371
No,Yes,797.545892,38043.112645
No,No,419.335102,49812.951486
No,No,378.760355,24701.296173
No,Yes,1066.322081,5000.0
No,Yes,1280.211983,13399.836796
No,No,779.243446,49959.19881
No,No,626.022776,18314.178394
No,No,1063.262165,26244.574014
No,Yes,531.502611,17675.635922
No,No,1489.006261,49330.295808
No,No,1218.592155,12031.469008
No,No,1100.436813,57457.463481
No,No,650.042157,47097.696751
No,No,648.889925,31506.955267
No,Yes,1174.002408,17666.646839
No,No,879.158059,49478.370662
No,No,1445.828788,55227.564181
No,No,531.211986,39994.63542
No,No,809.343857,26092.929085
No,No,983.390875,36500.482973
No,Yes,1270.84447,16521.267358
No,No,0.0,49213.110875
No,No,0.0,30149.682348
No,No,1308.344951,45880.071377
No,No,1148.803072,39658.759013
No,No,1172.070479,43363.208813
No,No,1045.09626,52216.68035
No,Yes,1392.755052,27935.022005
No,Yes,833.737177,5000.0
No,No,932.003363,36876.027759
No,No,4.4312,39497.262301
No,Yes,1505.644359,20047.34715
No,No,887.36002,40805.273884
No,No,1736.038298,38261.72447
No,Yes,1820.723617,20762.620076
No,Yes,1209.548384,29701.9933
No,No,464.995045,55397.751263
No,No,313.850901,32848.263174
No,Yes,914.67402,24327.19484
No,No,1246.701476,36041.619897
No,Yes,645.794373,29395.129067
No,Yes,1319.648365,7589.644955
Yes,Yes,1786.567902,38303.79938
No,No,583.090425,45385.720365
No,No,804.659631,32238.560058
No,No,0.0,51084.174657
No,No,158.585397,60321.991165
No,Yes,1303.260481,22780.645934
No,Yes,1158.833947,5000.0
No,No,1263.88539,51119.73925
No,No,465.468874,58833.392741
No,No,737.236,46650.638193
No,No,1614.819917,42080.942302
No,No,325.918346,26551.311383
No,No,707.507451,42885.071769
No,No,623.195093,48469.654577
No,No,1203.621731,21105.571367
No,No,819.522335,44203.093136
No,No,274.11599,35075.149291
No,No,518.613815,41932.256141
No,Yes,1203.568679,46098.949719
No,No,403.812159,43762.08074
No,No,150.862034,28880.104118
No,Yes,1271.639903,22347.763841
Yes,No,2169.935894,38208.679544
No,Yes,415.637671,20981.54839
No,No,81.68623,43958.259837
No,No,638.372358,41885.832675
Yes,No,1695.002416,56084.913716
No,No,249.81848,37372.8504
No,Yes,0.0,22013.733832
No,No,691.584122,23851.173517
No,No,880.078354,33543.594701
Yes,No,1791.543929,51922.217203
No,No,870.04166,40539.374324
No,No,281.660025,45486.998836
No,No,1216.377539,45063.611913
No,Yes,322.205366,14023.748887
No,No,1217.958475,36772.154303
No,No,1376.326392,46794.144563
No,Yes,715.858572,9451.774218
No,No,652.930108,55978.050998
No,Yes,780.403772,22461.900021
No,Yes,1182.202987,35711.48832
No,No,616.183664,42597.774639
No,No,643.196243,38024.291733
No,No,536.457179,54129.517398
No,No,557.997426,45149.200219
No,No,961.343963,38027.426631
No,No,463.260466,47003.118743
No,No,1173.239843,44874.840092
No,No,427.290066,51593.960802
No,No,1071.520378,44866.897682
No,Yes,675.547056,32455.785556
No,No,1063.740624,27697.40792
No,Yes,1536.986631,15851.999037
No,Yes,728.324127,29884.535927
No,No,1054.242389,55844.216695
No,Yes,514.070079,19443.822324
No,Yes,1107.883254,34099.453107
No,No,981.570385,38083.286095
No,No,791.985588,59095.509192
No,No,1040.798524,44412.283058
No,No,753.655255,47193.808169
Yes,No,1824.931242,56459.298911
No,Yes,671.521356,10565.164149
No,No,930.999551,32373.356614
No,Yes,1600.85826,14975.086728
No,Yes,1105.223689,5000.0
No,No,845.242194,49478.914256
No,No,891.61502,38721.813103
No,No,2097.656264,35548.224948
No,No,1033.409384,50077.336329
No,No,281.863472,45014.641762
No,No,946.481056,26066.023695
No,Yes,1179.543994,27381.405613
No,Yes,866.501554,9245.591064
No,Yes,1432.687916,13261.539277
Yes,No,1551.941466,52399.051476
No,No,770.627753,49547.121189
No,No,553.350438,45802.937032
No,No,1490.861025,39844.486838
No,Yes,460.299801,21067.743195
No,No,1665.514406,37805.763124
No,No,506.346294,14341.703036
No,Yes,934.512095,5000.0
No,Yes,828.92046,21575.686124
No,No,378.090492,41643.529998
No,No,1409.199943,41497.584426
No,No,608.896993,42160.653125
No,Yes,1056.113301,29412.583747
No,No,42.938283,52645.747292
No,Yes,812.442998,11937.248114
No,No,825.039332,37733.272374
No,Yes,1225.19133,18391.28906
No,Yes,961.533742,56957.152834
No,No,1098.072048,39726.985591
No,No,673.366217,31029.483004
No,No,1195.722773,43516.261076
No,No,603.163387,26517.713817
No,No,506.162073,47999.616469
No,No,410.818737,51259.653316
No,Yes,1151.435361,9127.540222
No,Yes,1097.357882,27112.314812
No,No,1493.53789,35962.25668
No,Yes,1014.690485,31339.028477
No,No,543.248151,55429.139864
No,No,568.643323,52488.646767
No,Yes,1790.323515,33581.57237
No,No,722.797562,38863.679311
No,No,438.293662,34876.280205
No,No,1061.015357,30804.15103
No,No,1539.82317,48030.56977
No,No,1116.038775,33891.239567
No,No,1204.862263,38726.161007
No,No,658.801102,36389.754894
No,No,733.555337,55293.921647
No,Yes,861.690399,19812.89807
No,Yes,281.933795,20673.153499
No,No,992.108242,58856.812835
No,No,265.349318,46174.757493
No,Yes,1032.965664,34775.02233
No,No,1141.823333,38430.029527
No,Yes,389.760155,30925.588101
No,No,288.011126,38792.507967
No,No,969.274057,40896.633288
No,No,347.808701,34042.721897
No,No,1320.524849,33584.119608
Yes,No,1901.434087,57449.207658
No,No,858.241661,61614.293633
No,Yes,519.206805,23497.311624
No,No,773.016905,25801.890065
No,No,728.654994,45596.845576
No,No,1208.598118,50325.506853
No,No,903.50764,46854.843834
No,No,955.697507,33545.3755
No,No,1549.259937,51266.567317
No,Yes,336.352309,27544.251755
No,No,1591.568738,26943.92794
No,No,504.421755,39946.59579
No,No,594.908793,38849.832246
No,No,525.393436,39182.614865
No,No,1635.408604,42061.96346
No,No,1106.146833,18273.730158
No,No,1200.224509,26275.802187
No,Yes,766.797914,13824.920415
No,No,426.599376,39765.505115
No,Yes,1470.775698,27990.325211
No,No,965.924986,38720.748055
No,No,0.0,20716.45138
No,No,1625.064179,52736.690849
No,Yes,1278.115824,9675.653189
No,No,886.441734,36979.669648
No,No,977.612019,23491.501583
No,No,941.173393,54680.215846
No,No,703.727651,58875.521505
No,Yes,415.077598,7999.275477
No,No,0.0,27523.772703
No,No,1893.207857,51118.817801
No,Yes,781.082839,38598.034365
No,Yes,665.695517,12025.310213
No,No,800.430899,42202.285461
Yes,No,1085.442944,44622.75375
No,No,1123.327984,37297.541364
No,No,190.607194,66220.74545
No,No,244.472709,54192.769903
No,No,1280.585674,39178.132445
No,Yes,416.805277,26949.812293
No,Yes,1218.81898,34022.108504
No,No,1001.802981,48034.907132
No,No,882.413523,37899.0977
Yes,Yes,1591.428086,13896.703267
No,Yes,988.189066,9311.619312
No,No,852.111385,33361.597549
No,No,640.091869,50687.287039
No,No,595.601416,45310.627715
No,Yes,439.208686,5280.290842
No,No,1253.662259,32466.972601
No,No,1267.738692,37776.033637
No,Yes,707.323213,26256.336981
No,Yes,995.241027,16795.379818
No,No,1216.519488,36514.083818
No,No,1642.058973,64064.443557
No,No,756.982575,52451.396951
No,No,704.950391,39533.565027
No,No,619.923817,44160.037922
No,Yes,898.757699,19613.924191
No,Yes,619.799225,9437.146096
No,No,1159.525745,33568.356969
No,No,327.753704,37286.463368
No,No,189.540587,24642.290996
No,No,1434.330963,44587.256684
No,No,720.134648,40806.339079
No,No,368.347225,47388.753518
No,No,837.92086,27662.019638
No,No,781.702201,21683.883246
No,Yes,1391.004085,19722.565544
No,Yes,574.251093,23957.9826
No,No,877.326031,59930.618373
Yes,Yes,1545.20938,18688.858545
No,No,796.755445,39203.63228
No,No,1134.47683,40834.687534
No,No,979.971536,32843.079354
No,Yes,718.901476,27907.289397
No,No,1042.655104,23627.046569
No,No,1117.500359,55374.229803
No,No,26.346368,37483.628036
No,No,85.421694,60850.715413
No,Yes,921.944243,29935.657313
No,Yes,179.854358,20029.592426
No,No,951.773463,30202.348686
No,Yes,1318.468906,19196.005717
No,Yes,1044.150498,20331.917501
No,No,1028.095646,42190.831034
No,Yes,243.581425,15512.748975
No,No,110.737405,41060.508803
No,No,62.813061,50287.255613
No,No,843.788883,52609.808292
No,Yes,234.827744,19405.881748
No,Yes,1726.976263,24690.66294
No,Yes,424.257768,15314.058609
No,No,547.681157,52174.876311
No,No,1250.088917,51870.695479
No,No,734.124628,36672.516474
No,No,250.332462,46957.053871
No,Yes,128.216615,31672.840093
No,Yes,1229.841494,13622.826838
Yes,Yes,1751.009193,11613.854685
No,Yes,1216.304207,29528.918849
No,No,235.579036,31004.09113
No,No,0.0,25580.760848
No,No,1036.089039,43790.822726
No,Yes,1023.975566,30451.329193
No,No,1252.599791,34377.17661
No,No,925.350934,32659.538647
No,No,197.071486,44492.093637
No,No,1172.058053,44809.879652
No,No,991.387322,36623.032477
No,No,983.372058,44393.134211
No,No,756.292456,41494.513132
No,No,871.786843,46139.49294
No,No,1010.567753,56666.527917
No,Yes,1095.57802,15981.259613
No,No,259.416981,34852.945253
No,No,548.614542,44607.419055
No,Yes,606.738032,44915.155448
No,No,318.235182,47931.590415
No,Yes,1015.040522,15323.262221
No,No,1369.677545,45019.516236
No,No,593.344896,28012.608661
No,No,900.686039,42604.64583
No,No,1013.128549,36236.469626
No,No,271.134322,49637.781143
No,No,983.499902,43242.986393
No,Yes,582.320297,17257.277791
No,Yes,1778.848914,38101.221751
No,No,1255.465756,37241.606953
No,No,1187.012636,41643.038691
No,No,0.0,50008.942662
No,Yes,283.347831,19008.04724
No,No,539.439429,49985.347903
No,Yes,1203.676882,28750.747891
No,No,852.784376,42487.405682
No,Yes,215.543902,28871.137717
No,No,594.465771,26667.549589
No,No,867.690735,22571.377749
No,Yes,560.038704,16679.138429
No,Yes,391.396805,19766.741188
No,No,341.066587,25862.087811
No,No,340.306416,47965.543547
No,No,595.37564,42465.525478
No,No,128.153093,34602.013682
Yes,No,1721.32139,36429.485463
No,No,1368.922983,46030.237216
No,Yes,1550.22271,5000.0
No,No,1509.943084,46233.027291
No,Yes,829.89936,5481.336839
No,No,289.685331,26059.423675
No,Yes,1098.192237,5000.0
No,Yes,1500.202322,31121.423854
No,No,982.280275,45173.194915
No,No,574.14805,53068.368585
No,No,0.0,49189.971813
No,No,303.937347,47350.278332
No,No,768.718212,43957.917276
No,No,334.661381,54799.275447
No,No,953.740223,45878.99087
No,No,277.296467,41428.924081
No,No,607.036119,32772.763802
No,No,905.058595,40169.921838
No,No,312.707061,46108.234069
No,Yes,1031.904083,26142.647824
No,Yes,1404.426671,14550.498588
No,Yes,505.645111,5000.0
No,No,1115.715155,46305.680575
No,No,664.409189,53094.005446
No,Yes,1311.206508,25890.20862
No,No,976.656432,45771.75782
No,Yes,362.382168,28682.126408
No,No,604.893065,28713.314443
No,Yes,1136.176127,14696.083459
No,No,293.849751,50932.809098
No,No,1769.505712,27185.172934
No,Yes,1702.317778,35898.492679
No,Yes,794.673686,35968.44276
No,Yes,539.168543,5000.0
No,No,0.0,49691.727915
No,Yes,946.762629,25815.056566
Yes,Yes,1620.495152,11251.214525
No,No,632.472796,38628.208558
No,Yes,902.572401,14860.743225
No,No,496.796844,41485.57119
No,No,1511.86978,55881.816013
No,No,1161.314712,41072.70849
No,Yes,895.488401,35081.808929
No,No,684.864449,39462.568763
No,Yes,251.969463,28645.130697
No,No,1004.748936,50193.568242
No,No,251.41265,51853.145382
No,Yes,28.957069,18336.476195
No,No,0.0,49358.092034
No,No,983.932676,45105.261611
No,No,1325.687695,40171.733502
No,Yes,1499.887741,19205.86517
No,Yes,1323.779112,35872.896799
No,No,769.557442,42336.48139
No,No,1124.09063,23253.005228
No,No,638.356536,25874.121946
No,No,1396.258943,43208.359025
No,No,0.0,47949.305589
No,No,693.852726,52313.482489
No,No,882.832779,37526.859582
No,Yes,1380.206874,7837.960444
No,Yes,1088.75071,16859.467233
No,Yes,329.186385,28837.059835
No,No,1064.147879,29556.829519
No,No,555.318164,38072.090551
No,No,0.0,35629.355092
No,No,579.181064,37610.317121
No,Yes,588.595366,18379.521787
No,No,926.519379,37432.121451
No,No,728.954805,52021.330614
No,No,435.303296,55367.594395
No,No,0.0,42267.040868
No,Yes,1081.344184,5000.0
No,Yes,166.370792,19713.854715
No,No,950.829982,33921.666321
No,No,554.802177,48228.623918
No,No,889.303228,38269.833934
No,No,613.829988,54605.966085
No,No,470.364598,48542.302759
No,No,1237.017755,39010.21573
Yes,No,1762.620953,49436.760982
No,Yes,1119.249787,10897.268947
No,No,1062.27939,29812.926959
No,Yes,737.4591,29636.220536
No,No,826.60471,29041.743698
No,No,1211.481684,30455.285761
No,No,578.663741,67444.867202
No,Yes,1345.169532,20275.633076
No,No,746.920099,50466.352166
No,No,929.204391,41105.43467
No,No,404.443885,34039.645315
No,No,1365.028333,32908.421698
No,No,405.849581,41952.975916
No,No,613.992826,49870.253351
No,No,1221.38532,51495.676355
No,No,363.842518,48246.883076
No,No,1023.309408,31645.087592
No,No,290.784624,36591.497939
No,No,1384.437936,50214.539928
No,No,1145.132204,34398.01112
No,Yes,562.727386,9726.961532
No,No,420.748063,28176.32037
No,No,244.389576,68090.714266
No,No,507.588935,35776.270444
No,No,424.057357,46353.80267
No,No,227.329212,49882.95846
No,No,985.45873,62835.708521
No,No,682.028306,38046.379375
No,No,1302.487222,35324.868664
No,No,1289.113493,55830.889401
No,No,1053.584158,40473.068377
No,Yes,777.290181,20106.715452
No,No,1072.887453,50963.606272
No,Yes,1201.460798,13952.630178
No,No,0.0,46119.242171
No,Yes,812.928604,10642.527282
No,No,396.746465,27850.053736
No,No,501.379343,42179.156237
No,No,1156.523125,55366.735389
No,Yes,513.923311,22149.71153
No,No,0.0,44508.204741
No,Yes,906.985251,23299.03917
No,No,0.149178,55149.309717
No,No,832.675836,54812.963203
No,No,50.264008,20564.532349
No,No,1825.968059,54566.90468
No,No,1237.760224,49958.269217
No,Yes,1154.565751,23455.817496
No,No,898.748263,43843.787748
No,No,910.632534,60429.06079
No,No,295.871434,35107.568377
No,No,935.973686,41961.346715
No,Yes,1099.138584,32108.109138
No,Yes,1436.013632,15970.043247
No,Yes,1438.010643,34716.770093
Yes,No,1773.179421,31406.708347
No,Yes,951.866285,33174.877614
No,No,458.427362,29481.923945
No,Yes,937.952281,33617.746435
No,No,385.615414,40248.164284
No,No,804.735306,46755.452814
No,No,1398.147349,44156.419067
No,No,906.191215,51096.402383
No,Yes,535.274007,17585.914715
No,No,1231.224307,49277.415627
No,No,0.0,37295.092327
No,No,1123.810899,34130.951854
No,Yes,1443.155282,25193.901933
Yes,No,1181.084208,40305.669952
No,No,755.866329,33225.242782
No,Yes,1354.108366,20649.667214
No,No,528.452448,58417.109895
No,No,1011.738161,31223.118076
No,No,740.689431,52921.983587
No,No,500.132468,43240.028341
No,No,632.125789,39492.51154
No,No,1145.694671,50493.580041
Yes,No,1713.834049,35321.619205
No,No,392.335288,45874.513674
No,No,1167.642484,48012.111118
No,No,755.160202,35828.342692
No,Yes,1237.884381,5000.0
No,No,785.624686,39557.965395
No,No,724.32398,30711.942462
No,Yes,851.506916,11560.767428
No,No,932.947784,39699.799352
No,No,792.472371,32978.881168
No,No,636.993473,42314.597646
No,No,313.779196,33419.372856
No,No,380.256584,52621.46323
No,No,0.0,51404.239212
No,No,933.427112,56216.509787
No,Yes,1003.645528,10969.521564
No,Yes,1070.763871,15424.380164
No,No,376.617138,51651.833748
No,Yes,1427.544412,26178.52088
No,No,1148.581682,53264.378622
No,No,865.007346,37927.839167
No,No,919.687182,25329.09953
No,Yes,971.991962,22713.631959
No,No,299.178779,52530.078947
No,Yes,1347.419161,14685.994162
No,No,1187.746044,33921.800484
No,No,513.699624,37964.42717
No,Yes,1786.90571,10570.161593
No,Yes,626.811292,23293.672315
No,No,64.14523,43723.481194
No,No,0.0,43597.340458
No,No,416.257687,31542.960345
No,No,0.0,45261.197521
No,No,350.293054,44661.902184
No,Yes,461.374336,31595.985767
No,No,448.539136,33084.860397
No,Yes,1081.543887,21185.290212
No,Yes,1041.571999,21129.825249
No,Yes,1191.671858,23210.302638
No,No,418.977182,38956.81867
No,No,0.0,47489.909664
No,No,0.0,29399.329502
No,Yes,575.121459,19322.500735
No,Yes,854.321863,17773.660442
No,No,1004.864329,41533.837841
No,Yes,239.870282,5000.0
No,Yes,1559.802063,10998.630125
No,No,321.602751,44033.161362
No,No,223.323243,47349.988302
No,Yes,637.900421,10765.723302
No,Yes,849.343307,11871.268476
No,No,379.816785,51754.800519
No,Yes,363.296088,17212.375672
No,No,1110.494829,33057.714985
No,No,179.041625,34965.61773
No,Yes,985.031102,41256.042592
No,No,1446.981913,51516.198056
No,No,450.85636,24364.328324
No,No,0.0,38163.471212
No,No,610.508204,41904.932787
No,No,1289.888815,44997.984499
No,No,886.358594,33336.813768
No,No,1305.149343,35810.022384
No,No,701.86869,43207.395803
No,No,669.90274,41105.352893
No,No,1513.696713,45878.532821
No,No,849.340677,33757.92138
No,No,1033.893102,28412.854981
No,Yes,579.015645,18966.222235
No,No,220.995188,54196.856524
No,No,80.753926,32635.332172
No,No,677.854173,30480.817138
No,Yes,1207.75873,13549.14938
No,Yes,1198.980721,20235.023073
No,No,206.962338,22493.697767
No,Yes,1281.046871,5907.090977
No,No,1015.786086,26895.178279
No,No,1318.677603,42053.525719
No,Yes,452.414711,13104.250813
No,No,940.816917,50525.47715
No,Yes,898.122952,34984.462237
No,No,358.130235,40236.625565
No,No,0.0,61545.678394
No,No,812.367705,31197.943308
No,No,682.831051,23262.275793
No,No,559.247931,29568.13513
No,No,629.280641,25459.778766
No,No,683.316519,56027.887016
No,No,687.987891,26858.962552
No,No,523.57954,59967.695818
No,No,803.192675,42842.801064
No,Yes,746.482301,27740.326096
No,No,1073.190823,47959.494426
No,No,938.533309,54687.091604
No,No,1158.757822,52875.137973
No,Yes,1304.841262,13381.116671
No,No,623.614548,40248.922972
No,No,1160.859252,50166.299794
No,No,945.683042,51324.214403
No,No,1099.364019,44208.736773
No,No,168.589118,41094.784734
No,No,479.722583,36572.591934
No,No,1479.950988,38331.927102
Yes,Yes,1856.507231,30398.418523
No,Yes,838.070525,24340.660604
No,No,1022.392633,42746.331364
No,No,800.626125,36229.369693
No,No,566.52156,36955.440675
No,No,336.783733,31364.745956
No,No,83.667744,24011.78795
No,No,87.383968,51393.616614
No,Yes,368.993782,5000.0
No,No,484.648446,50233.795449
No,No,1428.416808,49294.967214
No,No,195.781811,40428.606845
No,No,1040.223556,26922.276622
No,Yes,1471.092022,22227.059094
No,No,713.73666,47640.107256
No,No,426.54209,36022.833357
No,No,545.956279,42770.821522
No,Yes,718.18047,37713.83007
No,No,771.783369,23354.218847
No,Yes,1066.534244,28454.421538
No,Yes,983.158208,32290.200761
No,No,375.648827,46095.707418
No,Yes,505.926754,33175.379688
No,No,705.142353,43278.604978
No,Yes,1011.82713,6986.270294
No,Yes,1348.391846,25379.244328
No,Yes,430.163581,21394.4823
No,Yes,921.662635,5000.0
No,No,1453.888206,58994.189014
No,No,0.0,37918.733597
No,No,596.140503,34722.597059
No,Yes,749.079026,15349.447947
No,No,1695.669232,51585.523895
No,No,77.527695,56356.265167
No,No,1007.556537,34189.019005
No,No,0.0,24596.864573
No,No,781.102975,31760.522625
No,No,1024.604482,52582.778708
No,No,1040.385261,37681.724609
No,Yes,1419.829068,17797.939277
No,No,1482.459895,41736.779131
No,Yes,1117.289375,30034.755876
No,No,535.567787,36112.270402
No,No,755.520096,54063.620261
No,No,936.087367,73936.99981
No,Yes,937.136156,22003.26669
No,No,79.316859,47430.289004
No,Yes,1140.054135,10010.849258
No,No,681.780673,56354.479281
No,No,488.317714,57160.458075
No,No,493.003741,13345.95906
No,No,0.0,50637.417538
No,No,630.125568,37274.88239
No,No,1077.871176,51111.7372
Yes,Yes,1551.571844,21211.120779
No,Yes,1352.86944,22436.927959
No,No,1209.243117,44315.875387
No,No,386.852545,28720.706449
No,No,941.470981,43825.403107
No,No,647.709076,24642.173048
No,No,309.93848,37383.410065
No,No,154.24655,37646.203707
No,Yes,121.905704,13762.45147
No,No,1177.206058,47757.826729
No,No,762.161473,45767.422949
No,No,1077.194016,27897.739449
No,No,762.156927,55216.234856
No,Yes,1029.967561,24010.815378
No,No,794.142464,40003.097345
Yes,Yes,1725.349181,15006.450154
No,No,564.577818,46771.599584
No,No,1013.082659,45186.410756
No,Yes,790.818418,18894.007725
No,Yes,809.239565,24442.750995
No,No,914.51191,9252.509927
No,No,1013.44557,47524.699799
No,No,691.012411,36463.721062
No,No,1308.650996,41843.252518
No,No,900.474307,53032.390414
No,Yes,1332.73522,18569.916169
No,No,621.631509,40535.67835
No,No,0.0,38720.9856
No,No,1709.372765,44626.521939
No,No,1339.139882,43200.35947
No,No,229.93841,47101.105418
No,No,1029.042124,38119.302684
No,No,823.236962,51524.183855
No,No,641.927407,57852.482855
No,No,1030.381466,33737.804828
No,No,1580.048085,42281.694102
No,Yes,1479.515355,30969.77155
No,Yes,521.095891,11640.639315
No,No,445.593613,40420.583106
No,No,0.0,41371.834875
No,Yes,1317.157478,20640.000716
No,No,1075.970086,31838.738209
No,No,521.584487,55197.967
No,No,972.243735,50539.095489
No,No,643.179971,39221.212054
No,Yes,1082.182841,20166.577763
No,No,1397.442306,44943.455531
No,No,880.851098,36016.347604
No,No,1239.37432,47860.23506
No,Yes,921.55783,21048.391665
No,No,412.236326,41918.41398
Yes,Yes,1769.873307,19709.980234
No,No,482.980782,49136.688473
No,No,1753.540418,38517.649736
No,No,533.918921,44672.121441
No,Yes,1472.167972,12524.825393
No,No,1603.50666,61354.122672
No,Yes,1295.833856,6944.693742
No,No,413.953757,45363.968499
No,Yes,862.120154,24583.053847
No,No,632.647136,31814.197606
No,Yes,1379.935814,26597.220469
No,Yes,1326.091618,22203.520594
No,No,1384.227142,53347.497372
No,No,2004.517892,53154.857813
No,No,1518.959691,26204.614644
No,No,548.815297,38759.464397
No,No,374.112302,52694.749299
No,Yes,358.399923,18471.062949
No,Yes,891.051328,18618.37486
No,No,790.746622,39224.440503
No,No,595.767312,53503.978043
No,No,1131.042254,36448.071269
No,No,0.0,47580.028872
No,No,351.525901,38846.047455
No,No,1400.945082,48180.010853
No,No,648.582626,37741.124734
No,Yes,1124.541744,24458.971848
No,Yes,1154.000869,5000.0
No,No,749.55086,53204.521484
No,No,1520.847091,37179.395528
No,Yes,538.680711,24483.22207
No,Yes,1159.059234,16570.17595
No,No,622.737214,28429.009077
No,Yes,992.161232,27890.685303
No,Yes,462.025642,21844.112129
No,No,1049.11212,24061.711054
No,No,680.190705,55123.675746
No,No,1103.378206,42487.481994
No,No,0.0,42052.536317
No,No,459.149531,21392.157896
No,No,746.923182,50020.017836
No,No,0.0,50591.36592
No,Yes,1035.201034,25146.941713
No,No,1311.584785,34567.778634
No,No,624.290363,28488.319236
No,No,526.585739,56275.588187
No,Yes,1118.580242,18221.342975
No,Yes,646.625955,33153.54727
No,No,482.107201,37613.532661
No,No,542.230214,35953.350168
No,No,998.887967,36470.508046
No,No,1421.636848,21782.768168
No,Yes,1394.307036,8580.966771
No,No,1023.136133,35908.424189
No,Yes,1495.513467,25203.090907
No,Yes,460.542773,25217.995473
No,Yes,1000.438437,25001.097815
No,No,1167.783061,51126.818398
No,Yes,639.577307,21476.309767
No,No,55.528781,53164.991162
No,No,1355.978532,43250.609486
No,No,135.716241,43615.404985
No,No,706.59266,38541.097874
No,Yes,828.333909,14216.686866
No,No,0.0,43707.846289
Yes,Yes,1210.45962,26050.922475
No,No,459.424524,39902.543988
No,No,1335.913965,27181.040289
No,No,372.103988,38360.239014
No,No,1265.321078,38874.931386
No,No,703.413956,54067.39167
No,No,628.97784,47910.65498
No,No,647.664412,35366.310952
No,Yes,315.4044,26952.661493
No,No,833.060362,25506.219344
No,No,902.448672,54699.534511
No,Yes,786.934247,26596.986607
No,No,1295.966421,63079.070002
No,No,492.138539,52317.240341
No,No,483.782587,40780.243447
No,No,264.112207,43643.133647
No,No,0.0,45325.625132
No,Yes,1045.867159,7899.855607
No,No,306.750508,36670.504364
No,No,207.54037,61124.542028
No,No,1056.668329,53875.895909
No,No,378.144697,42424.005742
No,No,838.926181,36299.509952
No,No,71.446741,22621.393878
No,No,909.552543,51487.444938
No,Yes,1132.217268,25717.489155
No,No,503.048493,46429.313632
No,No,1178.944493,31195.473448
No,No,801.973089,43842.58711
No,No,939.419221,41722.221049
No,No,1061.572278,52147.177766
No,No,1189.425817,37861.268364
No,Yes,718.606647,21963.927577
No,Yes,754.060039,37783.466143
No,No,1461.695341,48785.035677
No,No,196.723912,49903.446931
No,No,479.311698,47667.621241
No,Yes,220.877766,34440.463376
No,No,297.161342,24064.021253
No,No,1111.71517,36446.09881
No,No,858.023406,52898.349419
No,No,665.321085,40382.183372
No,No,373.759791,48141.592243
No,No,543.060845,46164.816599
No,No,691.242009,15389.061642
No,No,408.741597,42628.934769
No,Yes,655.921172,23601.838209
No,No,0.0,43234.089328
No,No,0.0,51171.394228
No,No,662.305894,62437.036397
No,No,1121.221073,50571.336442
No,No,1057.392261,36583.946195
No,No,1490.919235,19157.921706
No,No,113.404882,27818.421338
No,No,1203.71804,32923.196577
No,No,582.629789,36453.296865
Yes,Yes,2510.753858,27488.878678
No,No,617.810722,41016.179587
No,Yes,1512.85853,19463.196084
No,Yes,1488.612291,28374.764823
No,No,694.71788,48150.797943
No,No,657.226817,45491.073544
No,Yes,867.505731,18282.103268
No,No,0.0,33054.598843
No,No,1154.631657,51201.162098
No,Yes,1217.6481,13635.446149
No,No,592.513446,36248.891887
No,No,0.0,35615.758527
No,No,498.659119,37947.115109
No,No,0.0,59191.82727
No,Yes,644.876777,12281.563381
No,No,26.98241,37671.633283
No,No,735.710402,34937.197781
No,Yes,808.170067,41746.954107
No,Yes,1049.848334,5000.0
No,No,605.593557,46144.259147
No,No,339.782039,29642.976702
No,No,1519.536561,39398.239906
No,No,841.558365,38091.518078
No,Yes,975.907296,18208.757426
No,No,1081.837951,47225.667925
No,Yes,913.42801,21481.478551
No,No,841.703928,46132.968509
No,No,1611.15502,43862.267423
No,No,648.148929,47998.016402
No,Yes,1524.609312,13600.473125
No,No,932.639703,42103.00494
No,No,422.519663,39501.028412
No,No,1453.822566,62057.084701
No,No,727.047059,50362.627494
No,No,232.02192,43611.638448
No,No,1511.964236,46388.30725
No,No,848.430504,50589.046853
No,No,1154.414164,50199.711188
No,No,707.768209,26131.876599
No,No,700.485722,45003.619338
No,No,754.131641,41399.738334
No,No,1078.98868,38113.121442
No,Yes,612.575153,11092.99081
No,No,560.47552,43220.924849
No,Yes,300.758593,36692.314511
No,No,1424.041115,31314.107995
No,No,681.110175,60780.468504
No,No,174.513961,54732.794891
No,Yes,667.217008,27593.066633
No,No,847.721986,44067.081826
No,No,97.106784,47879.888368
No,Yes,1376.455977,27315.899868
No,Yes,1169.2434,16419.914211
No,Yes,893.74679,26904.436315
No,Yes,1116.980319,8824.894002
No,No,473.988221,27107.935416
No,No,1435.562204,19552.519477
No,Yes,548.421567,6258.72444
No,No,373.748905,49100.683623
No,Yes,306.567412,30460.871402
No,No,165.037744,48538.431071
No,Yes,345.76852,20598.205174
No,No,1199.898893,66618.984076
No,No,990.669192,37284.3519
No,No,1328.98395,55498.267097
No,Yes,935.607987,30532.200937
No,Yes,1360.890244,30620.244589
No,No,715.864258,48681.294711
No,No,594.392487,21579.836869
No,No,782.451568,39500.643172
No,Yes,854.253148,20622.244258
No,Yes,1353.384021,19450.389891
No,No,1298.040952,41223.871613
No,No,1286.2697,31768.35578
Yes,No,1612.326879,37248.901803
No,No,927.248444,51654.146729
No,Yes,830.221644,21975.996147
No,No,159.032717,29596.345262
No,Yes,1440.970128,8118.29725
No,No,344.507414,40503.940481
No,No,1691.913389,49706.772628
No,No,851.088086,35584.848322
No,Yes,393.414291,18683.887808
No,No,620.782413,37325.852423
No,Yes,966.277393,25750.647297
No,Yes,752.775239,11745.861553
No,No,86.617578,52978.672677
No,No,944.78548,37886.135247
No,No,14.190188,43648.922995
No,Yes,907.272628,8417.570297
No,No,0.0,36459.979793
No,No,1301.408904,36356.310857
No,Yes,907.23292,21404.305716
No,Yes,1253.969681,18950.923332
No,No,0.0,39848.713292
No,No,995.737361,47468.386586
No,No,1496.578315,42264.691407
No,No,499.042691,35702.846059
No,No,614.691881,39344.161495
No,No,388.447142,51470.469507
No,No,378.752593,45125.561535
No,Yes,450.937226,15401.743754
No,No,547.404172,44674.115618
No,No,1249.440209,45823.984042
No,No,939.69245,38237.999536
No,Yes,439.889507,5476.8601
No,Yes,159.620163,16550.004348
No,Yes,829.536033,14434.484787
No,Yes,407.06973,26249.17975
No,No,0.0,42772.162727
No,No,92.387623,35223.150266
No,Yes,869.432661,6165.472424
No,No,1014.378133,53877.695894
No,No,638.585512,44490.027114
No,Yes,1580.134645,19621.314306
No,No,159.090034,58138.330308
No,No,838.483546,50995.736379
No,No,1281.998782,39761.475871
No,No,80.144681,30572.50175
No,No,458.321448,39472.414318
No,No,1005.242089,30548.934623
No,No,944.517527,52293.94814
No,Yes,1055.932492,32078.441188
No,No,1302.161714,39412.087834
No,No,892.555187,51336.785252
No,No,733.284218,36543.891859
No,No,847.337033,40665.468658
No,Yes,668.404507,24662.805482
No,No,545.186104,49831.43748
No,No,1057.682603,34177.752304
No,Yes,124.46147,16145.836886
No,No,1025.886062,40875.23566
No,No,865.285038,35767.825401
No,No,1087.324418,47081.081279
No,No,772.942957,37224.876366
No,Yes,1164.940605,27321.307978
No,Yes,1343.636855,12984.809754
Yes,Yes,1972.35562,6125.49136
No,No,1327.950799,39680.445147
No,No,930.41404,51522.14638
No,No,147.337755,28708.867409
No,Yes,643.007885,17971.813378
No,No,995.348894,44751.514232
No,No,1088.359592,23176.316501
No,No,1304.503674,36919.135772
No,No,834.013981,25334.969548
Yes,No,1778.195956,40767.459954
No,Yes,1008.232483,23857.487881
No,No,828.176257,40141.401341
No,No,804.173014,33063.107244
No,No,1076.715952,42737.550379
No,Yes,806.583549,30328.333618
No,No,1218.363232,59635.395062
No,No,301.922207,36466.933238
No,Yes,446.540345,16838.573902
No,Yes,1178.953428,28957.844568
No,Yes,611.657303,11719.281514
No,No,0.0,48521.376901
No,No,227.578426,44847.138285
No,No,336.996563,52531.904112
No,No,550.348611,49931.301327
No,Yes,1502.85803,18271.997122
No,Yes,1392.87698,27277.6376
No,No,303.312154,38264.755517
No,No,642.647925,25872.97382
No,No,632.80033,30172.297772
No,No,654.778084,32369.128544
No,No,0.0,47913.268884
No,No,907.848097,57890.318755
No,No,1158.169196,31349.53058
No,No,1487.193615,43599.731142
No,Yes,993.678779,26337.276783
No,No,612.37617,50272.397054
No,No,908.221552,55488.0733
No,No,417.661144,51013.995812
No,No,844.294156,60680.698636
No,No,11.51245,37637.079422
Yes,Yes,1737.081,22328.375005
No,No,1177.417067,47954.957684
No,No,127.516936,34048.602665
No,Yes,1436.118666,20986.109957
No,Yes,1581.383997,11413.663805
No,No,633.70789,43136.712519
No,No,1569.525905,26734.542574
No,No,1361.712851,30948.952208
No,No,532.461094,47748.344648
No,No,0.0,37266.279948
No,Yes,1052.907993,29115.235454
No,Yes,753.668015,30432.974259
No,No,363.276531,74769.465241
No,No,0.0,47902.329289
No,No,299.029208,39054.908565
No,Yes,425.206958,28655.460376
No,No,456.134524,36446.201701
No,No,879.593765,29533.483352
No,Yes,275.152867,26813.812781
No,No,164.341784,73673.192088
No,No,450.753279,52750.057853
No,No,958.349662,54272.818474
No,Yes,643.104147,32534.005064
No,No,1590.32022,45788.518877
No,Yes,224.778889,21308.809821
Yes,Yes,1533.908092,31880.184839
No,No,1471.527761,60413.375601
Yes,Yes,1246.371729,22550.679478
No,Yes,1181.36933,23346.747384
No,No,670.767764,37864.449077
Yes,No,1905.50729,34306.077082
No,Yes,1023.912749,5000.0
No,No,92.940934,58210.624452
No,No,445.642623,45528.987313
Yes,Yes,1689.569832,5000.0
No,Yes,485.705232,30953.971631
No,No,821.163176,34144.427608
No,No,713.514448,34608.308991
No,No,1240.937465,22796.349925
No,No,803.593936,44435.993484
No,Yes,740.513498,19504.182533
No,No,517.978489,35633.340371
No,No,850.568227,50771.750595
No,No,333.289561,40782.895504
No,Yes,1161.980854,18008.104673
No,No,315.128229,53043.635292
No,No,793.192714,48769.19419
No,No,174.938316,41093.41349
No,No,752.46931,42118.746429
No,No,154.378428,34243.540093
No,No,794.825352,44110.624604
No,No,890.462138,43031.998472
No,No,825.90626,47022.652196
No,Yes,1052.355155,24903.143053
No,No,431.061638,55148.338793
No,No,526.722861,45993.57264
No,No,1072.070267,34900.752665
No,No,430.899797,52347.391577
No,Yes,1203.084212,5000.0
No,No,973.571887,36241.274685
No,Yes,0.0,13709.006608
No,No,1107.583388,54872.585928
No,Yes,1119.192637,9610.527025
No,No,1385.141564,40859.839621
No,No,695.987041,43316.750624
No,No,1246.929647,40097.029814
No,No,914.733925,48678.439631
No,Yes,352.506251,14832.462461
Yes,No,1366.873915,48155.13647
No,Yes,0.0,5000.0
No,No,748.578816,49960.557756
Yes,Yes,1594.724677,19216.656593
No,Yes,613.142483,35233.631958
No,No,775.129154,43709.08886
No,Yes,0.0,28116.146791
No,No,817.941355,45598.805166
No,No,360.132709,26602.679953
No,Yes,670.813384,36613.39844
Yes,Yes,2156.13072,35774.879081
No,Yes,529.685143,29738.588506
No,No,587.728388,27296.100187
No,No,1067.938443,53926.44527
No,No,528.013851,46071.283326
No,No,766.264968,72896.306797
No,No,567.990726,54917.978111
No,Yes,779.80631,31902.340473
No,No,29.553529,42660.788054
No,Yes,765.360363,17477.009423
No,Yes,999.337308,38186.911957
No,No,583.700441,64552.633455
No,Yes,470.019348,25347.81279
No,Yes,602.205187,16320.11082
No,Yes,619.740501,5607.255811
No,Yes,1259.777862,26504.222085
No,No,360.413461,51171.777517
No,No,1000.355784,50978.122629
No,No,1124.3891,50441.036546
No,No,760.606367,26371.765119
No,No,538.047826,52722.418395
No,No,243.739844,30402.230031
No,No,663.662953,38063.835809
No,No,556.060628,58274.989926
No,No,0.0,50345.99167
No,No,379.330395,53886.251396
No,No,549.630203,40764.002319
No,No,608.727365,37180.587353
No,Yes,1327.801861,32830.14758
No,Yes,1485.783662,25367.584437
No,No,306.380013,55265.659027
No,No,1528.979319,38657.43293
No,No,659.190011,52258.93131
No,No,1135.254739,25666.542422
No,No,730.075181,38380.920714
No,Yes,781.623071,5000.0
No,No,820.235153,54909.33192
No,No,483.431381,56446.838952
No,No,427.379892,33321.429282
No,No,678.415787,38486.759442
No,No,1272.700997,42005.145865
No,No,1093.858518,45412.884458
No,No,250.321571,21263.75958
No,Yes,742.25164,44748.099655
No,No,433.603594,49670.531961
No,No,680.867673,44897.924331
No,No,391.300192,44839.013391
No,Yes,1442.216517,19090.581921
No,No,980.97768,37795.914332
No,No,1373.426783,44274.865008
No,No,452.408333,38128.158923
No,Yes,123.085775,27547.388516
No,Yes,1103.47362,14790.816364
No,No,162.755034,39786.568547
No,No,917.802329,39934.04756
No,Yes,687.585646,23781.031368
No,No,870.63516,51612.068574
No,No,420.079466,39712.022207
No,No,824.957879,49472.064313
No,No,693.214098,20159.650736
No,No,1181.824667,48231.518993
No,Yes,460.686745,29340.314353
No,No,4.915318,40983.432524
No,Yes,694.029417,31420.440238
No,Yes,1491.376511,5000.0
No,No,631.082329,47167.166383
No,No,1092.559995,40909.009583
No,No,1257.472402,43035.491438
No,No,427.474401,28814.938627
No,No,1077.368229,45230.622107
No,No,1064.548575,37448.94474
No,No,1020.932413,28708.083387
No,Yes,1197.178716,17736.165492
No,No,484.154929,25751.31695
No,No,1161.071262,63185.266688
No,Yes,692.279669,21816.581036
No,Yes,710.153528,15630.499652
No,No,366.76356,21383.822039
No,No,1038.37924,48657.673089
No,Yes,302.336458,21384.596692
No,Yes,791.103044,20811.280758
No,No,1294.865883,28849.209903
No,No,398.928788,40630.713005
No,No,1684.424948,45859.503653
No,No,303.824859,40023.500865
No,No,249.947533,24822.743209
No,No,719.526342,47277.176024
No,Yes,194.677771,9601.303785
No,No,653.755593,38417.56209
No,No,836.341308,37144.922273
No,Yes,763.79261,11660.731175
No,No,25.29563,38049.527004
No,Yes,1261.332482,31044.482533
No,Yes,1307.568113,19695.006135
Yes,No,2058.985114,39327.292037
No,No,58.667261,50569.946848
No,No,486.047298,51891.212208
No,No,1330.134796,35125.303362
No,No,902.862981,47504.103998
No,No,1271.977776,34533.758136
No,No,283.123895,39783.457595
No,Yes,1383.486602,31228.353367
No,Yes,1552.545758,24606.538665
No,No,454.138968,43505.240339
No,No,779.86566,47007.356062
No,No,586.554496,20734.312698
No,No,437.010345,38635.890319
Yes,Yes,2028.963351,18048.811252
No,No,828.260268,38305.748796
No,No,1127.745475,43876.396943
No,No,820.828813,38077.679591
No,Yes,772.424317,39956.754242
No,Yes,592.533505,17628.218493
No,No,1851.002427,40042.836138
No,No,491.223603,54749.978024
No,Yes,429.306962,10341.455961
No,Yes,878.715854,36123.525832
No,Yes,1554.641137,15768.479265
No,No,1142.148912,38905.310702
No,No,1412.426174,41064.238299
No,Yes,890.593943,18686.168548
No,No,170.72651,38111.535095
No,No,1537.989803,40197.953903
No,No,1107.326696,46462.96648
No,No,1400.853893,42216.826458
No,No,597.222718,24165.4629
Yes,No,2151.14338,44690.724192
No,No,711.416756,20447.639401
No,No,357.050833,39352.65818
No,No,726.686216,35795.600593
No,No,0.0,51364.043854
No,No,500.921036,40269.93878
No,No,940.907346,54506.212539
No,Yes,926.464206,24120.209801
No,Yes,1172.302361,14659.089756
No,No,416.957,42326.274317
No,No,1696.579192,32550.811623
No,Yes,1172.223661,9926.886762
No,No,1436.775959,37104.552414
No,No,650.972467,35168.849292
No,No,1290.161229,40989.368937
No,Yes,803.789488,7872.623979
No,No,1066.591764,48560.349086
No,No,602.053923,28909.899446
No,No,1061.524169,46696.285779
No,Yes,1234.975646,6676.879202
No,No,888.396246,41974.721102
No,No,1110.641513,44648.559784
No,No,1721.592917,45521.338293
No,No,817.565169,28181.239682
No,No,635.794821,45079.930847
No,No,825.372465,39237.649174
No,No,606.65104,33323.25338
No,No,634.043396,53838.473369
No,No,1158.366205,42515.703324
No,No,757.026815,27019.791965
No,Yes,893.894829,23331.864364
No,No,0.0,34633.812305
No,No,1014.297542,49105.585118
No,Yes,1053.291773,18725.095732
No,No,652.938828,41197.949422
No,No,923.350057,44228.493958
No,No,0.0,53482.357807
No,No,805.836435,56417.189299
No,No,496.630363,35837.52869
No,No,464.637974,56766.095238
No,No,728.140113,48742.700234
No,Yes,1073.059033,19521.570141
No,No,965.696688,42014.552938
No,No,1043.054895,26406.911251
No,No,973.384596,29717.809893
No,Yes,622.627694,6942.285246
No,Yes,1137.842802,21558.727128
No,No,999.969178,50995.334894
No,Yes,773.224319,8658.87493
No,No,525.652049,35290.825526
No,No,1504.024992,34723.114362
No,No,717.777804,34730.373458
No,Yes,1145.651475,5001.654359
No,No,971.399124,23301.438567
No,No,737.388855,37897.566809
No,Yes,1000.905832,37908.523913
No,Yes,250.724818,18983.626044
No,No,925.811421,44977.156991
No,Yes,433.55071,18631.417054
No,Yes,379.270923,20612.770565
No,Yes,840.139365,28992.784666
No,No,0.0,54667.122328
No,No,0.0,38989.516087
No,No,614.592056,48068.165613
No,No,0.0,32993.300089
No,Yes,736.554829,31620.369489
No,No,2069.447948,39423.213397
No,No,633.38798,45909.521615
No,No,627.995967,26056.196243
No,No,1297.244304,53581.096985
No,No,287.521218,37491.844501
No,No,383.722019,34697.149801
No,No,155.785002,25547.111396
No,No,614.602315,49946.639832
No,Yes,754.962307,19847.694676
No,Yes,944.965904,17079.217084
No,Yes,418.014486,19263.41844
No,No,0.0,40327.8364
No,Yes,1148.793412,6795.64581
No,Yes,714.073416,16970.178432
No,No,476.526884,45854.576085
No,No,1590.731683,45890.649954
No,No,637.028285,28016.426389
No,Yes,1687.189314,5183.644508
No,No,800.514058,56978.731891
No,No,1026.121808,34556.914773
No,No,981.499051,31377.576501
No,No,465.449789,31015.945058
No,No,0.0,18381.150396
No,No,960.802772,28707.251929
No,No,0.0,39858.988534
No,Yes,528.121256,8131.346589
No,No,778.122254,33777.428798
No,Yes,737.757465,16811.109695
No,No,1114.850249,34255.871594
No,No,1474.671563,44411.261117
Yes,Yes,2049.554878,21711.987825
No,No,434.071771,31043.478054
No,Yes,1545.862744,27599.113296
No,Yes,1048.406549,11773.881116
Yes,No,1845.678005,38406.530458
No,Yes,654.752295,15311.911626
No,Yes,1411.212151,16731.539275
No,Yes,427.260895,13592.97242
No,No,682.352003,70887.954661
No,No,810.357787,42127.566753
No,Yes,371.518882,20626.039737
No,Yes,541.189855,25429.164197
No,No,1214.365794,36839.953612
No,No,262.844987,33636.56001
No,No,0.0,30965.258299
No,No,317.304666,46791.394416
No,Yes,1724.312712,43002.437156
No,No,1290.051312,29321.080983
No,No,1008.748759,38022.450949
No,No,611.632891,37565.533473
No,Yes,1314.890973,17499.591592
Yes,Yes,1724.437264,16923.686597
No,No,734.781669,46181.977389
No,No,1329.189984,53727.723772
No,Yes,318.079538,12966.698881
No,No,261.606889,26775.376579
No,Yes,902.452917,17267.677964
Yes,Yes,2432.169564,17238.575216
No,Yes,0.0,5000.0
No,No,1411.59894,38082.108348
No,No,467.714597,50287.15814
No,Yes,658.707648,34329.338763
No,No,732.401237,48329.059529
No,No,594.630649,37207.944134
No,Yes,777.21929,6678.90859
No,No,214.891348,48548.506934
No,No,1238.910264,35756.543128
No,No,495.797831,43477.89656
No,Yes,1409.852895,41449.628644
No,Yes,1510.284244,22693.304652
No,No,1394.199807,19382.185957
No,No,950.949635,49545.194255
No,No,0.0,26983.565871
No,Yes,1124.312232,9582.269837
No,Yes,1469.363224,17105.115274
No,No,181.363195,42679.059093
No,No,406.879013,56947.42034
No,No,767.218362,46314.767416
No,Yes,1181.623382,41712.365488
No,Yes,788.317901,10996.236151
No,Yes,1171.770369,13670.430079
No,Yes,679.433085,16180.142966
No,Yes,1100.403477,8250.018136
No,No,615.708084,46623.299786
No,Yes,489.946971,32499.475457
No,No,733.231459,43985.790368
No,No,379.600201,39045.742076
No,No,634.2736,44842.199636
No,Yes,594.695473,13740.593959
No,Yes,850.370399,15351.54816
No,Yes,673.050561,18029.552119
No,No,307.204987,28043.470844
Yes,Yes,1929.004616,21817.984668
No,No,1020.654162,31522.749051
No,No,1503.955166,48782.278517
No,Yes,1206.038512,13148.887618
Yes,No,1794.818917,44593.131178
No,No,650.567372,44852.866305
No,No,812.084029,50874.083258
No,Yes,1527.139078,13980.824369
No,No,117.741956,37229.626889
No,Yes,1128.364259,29254.633169
No,Yes,547.398915,21452.368289
No,No,175.043848,52076.704715
No,No,842.284968,43899.712135
No,No,0.0,33055.812431
No,No,732.400846,29060.382846
No,No,601.806882,46051.303183
No,No,687.183992,51061.344149
No,No,881.932257,56873.098092
No,No,1075.369908,21020.853275
No,No,1245.106826,59475.998898
No,No,546.989931,44973.45703
No,No,604.941542,45439.661311
No,No,826.221182,31382.394675
No,Yes,563.183219,17264.525805
No,Yes,1189.269412,18805.243036
No,No,309.352752,45130.379198
No,Yes,1170.49806,12344.759485
No,No,304.786616,41828.284367
No,No,967.39913,37546.875531
No,No,1061.075128,44846.962059
No,No,1300.17892,63379.198414
Yes,Yes,1691.50872,24200.017704
No,Yes,295.840726,28479.448337
No,No,463.764159,58297.766804
No,No,737.930624,54316.130707
No,Yes,1139.572398,24041.79846
No,No,1256.166438,41342.484418
No,No,1307.581564,51363.987513
No,No,1224.776877,62542.187645
Yes,Yes,2202.860288,18689.327507
No,Yes,799.89661,19648.274454
No,No,1121.263345,61372.205449
No,No,1231.655421,50033.840569
No,No,533.277406,33731.744117
No,No,598.683209,51137.007149
No,No,1316.417845,46840.392094
No,Yes,1226.744218,11755.177741
No,No,627.653217,51702.312658
No,No,339.981196,36326.525397
No,Yes,644.147936,26172.661003
No,No,888.00719,42873.183865
No,No,800.663214,31601.680376
No,Yes,1008.728687,15979.664234
No,No,1730.150147,41020.032119
No,Yes,1112.953004,5000.0
No,Yes,1107.739714,33000.642665
No,No,79.889535,23888.247031
No,No,403.9012,66383.062714
No,No,1120.562374,51585.405483
Yes,Yes,1683.30183,23906.361433
No,Yes,771.362297,20545.566498
No,No,952.139314,39256.901452
No,No,111.331166,39125.026738
No,No,698.906032,45041.422094
No,No,481.615898,30672.288546
No,No,1020.394975,43801.416543
No,No,509.791832,42147.503254
No,No,518.877073,52905.77721
No,No,877.981498,32182.554684
No,No,644.786147,45002.650984
No,No,746.851453,34196.027524
No,Yes,612.862839,23216.880499
No,Yes,1165.268556,28857.751073
No,Yes,1081.50105,23446.907488
No,No,109.779012,41482.05125
No,Yes,1415.571855,26651.030109
No,Yes,1183.040395,17147.277829
No,No,576.065146,40315.697517
No,No,231.197918,24992.500839
No,No,1085.595047,39933.409094
No,No,1367.727895,34672.051922
No,No,1030.900323,34639.305083
No,Yes,545.288108,8267.684966
No,No,245.488261,45000.419919
No,No,687.093127,38428.662101
No,Yes,1023.196902,30817.197303
No,No,843.770712,30679.056701
No,Yes,1538.07525,33455.995077
No,No,1779.895571,38166.009075
No,Yes,1406.79771,20796.326191
No,No,247.522629,49861.119634
No,No,47.712796,34086.660304
No,No,733.403868,28283.752746
No,No,618.310363,32672.530565
No,Yes,182.715369,24947.78313
No,No,678.715907,35568.56095
No,No,1193.001825,35710.154878
No,Yes,1604.696139,26487.571184
No,No,896.864924,35801.291459
No,No,1560.820139,43341.698721
No,No,225.713902,46740.779715
No,No,0.0,38107.184065
No,No,927.992426,38559.113566
No,Yes,441.545971,27952.834784
No,Yes,664.431894,21008.970385
No,Yes,1359.247773,9510.19222
No,No,0.0,48508.547499
No,Yes,1155.648001,43223.588887
No,No,595.100496,37368.187577
No,No,777.516199,40809.748784
No,Yes,1085.574841,8513.879474
No,No,928.162695,40250.49588
No,Yes,799.08422,28334.889453
No,No,437.685796,36385.528802
No,Yes,272.070945,10552.883461
No,No,829.548728,43991.185248
No,No,809.710493,26280.017233
No,No,557.017489,43370.360767
No,No,616.879445,56479.017712
No,Yes,586.318729,13136.868569
No,Yes,1313.908392,18948.615743
No,No,476.56207,66481.42959
No,No,1018.075687,46617.579847
No,No,317.646255,48270.199213
No,No,1330.123804,31354.332123
No,Yes,1011.103879,30879.431138
No,No,1395.374969,37622.037642
No,No,1234.79773,25395.085752
No,No,813.167901,54946.078332
No,No,483.070935,32006.051163
No,Yes,1062.447797,22932.410917
No,No,1984.174128,21283.772398
No,No,394.62731,45083.125723
No,No,556.391447,60555.145895
No,No,938.957424,44970.790382
No,No,1243.921601,50719.451084
No,Yes,278.998503,22821.509015
No,Yes,1050.16357,8057.348722
No,No,1178.260537,36091.350613
No,No,832.628678,36909.483581
No,No,653.11853,16166.534675
No,No,605.465713,32143.261515
No,No,743.775395,37657.236072
No,Yes,74.834538,35192.036364
No,No,1113.70523,39845.605549
No,No,727.070952,34306.511311
No,No,860.592259,40850.748286
No,No,1228.64651,51845.732187
No,No,811.771489,36664.926481
No,No,398.58304,47878.594533
No,No,0.0,49306.874797
No,No,497.756015,39368.77509
No,No,851.468516,27641.553418
No,No,1045.574231,37393.88289
No,No,559.042014,47237.257657
No,Yes,1458.150521,17554.929449
No,Yes,1194.801365,30593.399757
No,No,900.997991,40448.585627
No,No,0.0,39977.643223
No,No,0.0,41153.156664
No,No,95.974448,50560.127381
No,No,0.0,37946.726772
No,No,915.633065,34726.292743
No,No,463.328135,53926.075822
No,No,808.729545,54488.495965
No,No,1015.892837,47858.056088
No,No,383.921351,46814.441495
No,Yes,1571.924559,9295.729315
No,No,219.037416,36717.748159
No,Yes,632.713231,5000.0
No,Yes,758.830587,27366.631435
No,No,877.844576,56371.009236
No,No,648.188835,45070.075016
No,Yes,700.798489,34995.152857
No,No,1032.015081,54747.303233
No,No,1435.970253,9540.220215
No,Yes,177.455919,30961.773943
No,No,889.785052,25393.227259
No,Yes,1015.339778,22810.0934
No,No,936.891125,34383.389795
Yes,No,1389.651504,38787.042717
No,No,870.195721,31909.080007
No,Yes,240.478594,26192.804385
No,Yes,886.996001,22521.075245
No,No,572.129896,30108.927557
No,No,325.035043,40273.073183
No,No,617.382198,28772.852157
No,No,645.386304,50709.851798
No,No,1578.538262,45516.417907
No,No,144.731415,45103.626054
No,No,761.285295,39397.166054
No,No,434.616956,53483.98605
No,No,582.349116,36254.19136
No,No,1240.710331,59463.526286
No,No,461.689136,45309.234717
No,No,798.233545,40729.248143
No,Yes,1114.698775,13669.322634
No,No,32.794154,48419.945782
No,No,469.759362,34711.844408
No,No,508.671717,29421.142651
No,No,903.285034,46283.591156
No,No,952.824189,40885.911814
No,No,196.33436,30037.582795
No,No,904.644554,38846.944553
No,No,0.0,31368.646004
No,No,999.835347,52311.6365
No,No,1542.318059,34236.934005
No,No,874.743624,45206.178527
No,Yes,811.55035,21661.174788
No,No,0.0,33448.373311
No,Yes,586.585968,30099.828765
No,Yes,1386.186528,36866.382698
No,No,852.672881,27642.678359
No,No,1698.401755,31797.465307
No,No,490.182575,49176.539745
No,No,714.333096,37556.294794
No,Yes,736.584479,31753.917649
No,No,668.134488,46828.21928
No,Yes,1169.736056,20228.967589
No,Yes,1483.043475,34948.882423
No,Yes,282.23472,36173.405166
No,No,987.177645,38474.808894
No,No,1237.312346,30269.123175
No,Yes,787.828399,33333.622147
No,No,654.04013,24748.215315
No,No,919.055331,51306.525209
No,No,760.141553,39632.903315
No,No,0.0,43077.949442
No,No,645.740456,53328.018977
No,No,679.147878,42651.643367
No,No,1108.098,34898.356384
No,Yes,351.887359,18806.156417
No,No,1076.353789,52952.205363
No,No,903.64302,40668.928002
No,No,591.129915,44623.093581
No,No,428.412859,50744.632155
No,Yes,1240.738508,41526.304489
No,Yes,736.437564,14878.699283
No,No,262.579779,36725.061225
No,No,521.094586,47430.733997
No,Yes,1129.840945,18307.810983
No,No,970.229156,26648.950947
No,No,898.686802,48568.981648
No,Yes,924.879782,19270.375859
No,No,447.206918,31954.678788
No,No,636.150044,31365.825568
No,No,694.419254,26039.45724
No,Yes,1077.639428,22502.029092
No,No,857.411533,39636.893152
No,No,1412.032843,32753.304859
No,No,753.860851,62696.745596
No,No,989.164624,44044.478247
No,No,844.376989,31431.927955
No,No,575.921668,43952.629349
No,Yes,1488.691077,23749.648229
No,No,1749.087049,47440.22596
No,Yes,822.849762,19069.295096
No,No,1290.437885,34913.486087
No,No,823.139146,49734.416005
No,Yes,1458.812193,31291.187605
No,No,555.607282,48168.642886
No,No,382.209941,22321.70371
No,Yes,1110.147819,13418.518615
No,No,222.955541,27678.013601
No,No,554.169139,62262.118552
No,No,396.24606,32976.630628
No,No,1206.85752,35535.581387
No,No,411.038557,55658.882537
No,Yes,992.259564,9529.247046
No,No,1380.268687,50047.535683
No,No,592.61796,38887.355057
No,No,895.658392,42583.603805
No,No,151.789606,54024.491212
No,Yes,745.738145,20147.954404
No,No,341.537532,37080.385178
No,Yes,598.081305,29525.620617
No,No,0.0,39240.288679
No,No,1006.14564,39625.20999
No,Yes,177.452253,26745.366127
No,No,1086.255795,35953.428953
No,Yes,894.640959,5068.319543
No,Yes,826.902447,21564.870153
No,Yes,574.462293,16422.483185
No,No,930.55146,44799.729976
No,No,917.563675,37518.087947
No,Yes,935.17436,28192.427877
No,No,1074.142171,25352.839162
No,No,1103.644684,39901.266597
No,No,180.802553,48495.005513
No,No,632.341062,31418.80488
No,No,846.942983,48614.754261
No,Yes,1027.890827,19979.911536
No,No,720.238846,40266.171753
No,No,1059.706808,35247.523971
No,No,1184.262995,43955.71528
No,No,1016.826889,52023.164462
No,No,338.794339,53906.402185
No,No,895.186769,34780.426762
No,No,696.098373,51206.979881
No,Yes,744.949235,36848.228098
No,No,410.73644,34359.728791
No,No,686.505223,51640.549352
No,Yes,1329.28227,29536.770303
No,No,490.416698,33843.165221
No,Yes,1067.872198,23829.75988
No,No,1211.018779,40132.967353
No,Yes,535.162926,5000.0
No,Yes,822.181658,21694.921482
No,No,404.331552,33273.171453
No,No,640.713183,51206.485503
No,No,924.335276,26974.855242
No,No,794.18008,34716.513969
No,Yes,0.0,5000.0
No,No,160.790564,43016.248143
No,No,1437.602746,51946.130029
No,No,606.020744,30257.354126
No,No,1483.680226,40798.558224
No,Yes,1073.753565,12976.181122
No,Yes,1065.054815,11400.338528
No,No,223.446063,38862.023051
No,No,635.021965,50722.230983
No,Yes,435.55551,16061.025129
No,No,0.0,23354.175534
No,No,712.324148,30986.045767
No,No,1691.432482,33130.502217
No,Yes,605.102397,20861.231266
No,No,735.992868,40981.188339
No,No,1061.480283,27987.096787
No,No,1293.882946,31459.972125
No,Yes,1462.052932,15153.328928
No,No,814.398265,53225.843189
No,Yes,440.88635,22561.569966
No,No,793.947316,28431.497118
No,Yes,1950.388938,28724.10243
No,Yes,1023.221284,5000.0
No,No,160.750519,44144.574993
No,Yes,641.382861,5000.0
No,No,604.039676,39050.670558
No,No,865.030173,35287.731846
No,Yes,1601.704074,31943.734334
No,Yes,740.076009,33552.966378
No,No,297.098909,47254.330065
No,Yes,1217.901029,18993.069714
No,No,72.772998,32477.416292
No,Yes,170.273211,34174.441762
No,No,956.722182,41627.416146
No,No,401.788803,40459.795459
No,No,776.031822,31602.160455
No,Yes,1082.413549,11044.013019
No,Yes,775.891876,14302.620194
No,No,762.050532,54134.325097
No,Yes,1530.245858,34206.085572
No,No,973.719431,40424.920574
No,No,424.360584,51285.936286
No,No,784.502336,48950.364351
No,Yes,582.967391,10197.546577
No,No,207.691317,49356.643835
No,No,1021.298526,26974.988305
No,No,992.382037,42473.427666
No,Yes,553.201646,22522.019204
No,No,623.76724,42071.699645
No,No,1395.635767,38858.483909
No,No,1001.019181,47026.958354
No,No,252.894649,38720.96103
No,Yes,118.640595,13757.52446
No,No,0.0,39688.755022
No,No,1369.174284,44768.888639
No,No,327.235138,50264.024567
No,No,290.758563,41865.504124
No,Yes,535.211225,22159.258401
No,No,738.636709,39533.644852
No,No,1258.985026,44005.938705
No,No,844.732019,41463.765072
No,Yes,985.606931,5000.0
No,Yes,1439.858255,30014.252689
No,No,1549.882384,25449.759376
No,No,740.888342,53928.808078
No,Yes,324.103813,17062.416983
No,No,383.635228,56532.483115
No,No,738.780987,35130.447808
No,Yes,775.356641,19289.224629
No,Yes,334.710896,9473.923372
No,Yes,986.132857,27410.36568
No,No,1297.536286,46642.299303
No,No,1111.515405,35333.087811
No,No,1205.688106,31127.02758
No,No,803.861173,48366.584365
No,No,449.670005,60783.64067
No,No,492.619523,35663.443537
No,No,884.996007,52484.146938
No,Yes,1081.49414,23386.374959
No,No,135.414937,40882.95457
No,Yes,985.957276,28351.812012
No,No,531.13093,31520.869588
No,No,405.954153,51252.021835
No,No,552.31136,50930.666909
No,No,721.496302,43714.63005
No,No,0.0,35595.582
No,Yes,887.65498,13180.910214
No,No,880.76929,40034.673977
No,No,402.84578,48402.111652
No,No,161.118171,43162.953205
No,No,1150.238323,45972.026692
No,No,1202.369011,48716.648641
No,No,459.887751,24739.131956
No,No,722.592133,26550.574933
No,No,505.712601,40169.517927
No,No,360.556217,27176.919385
No,No,1286.933551,24046.812018
No,No,1074.991383,48259.576713
No,Yes,959.736639,20735.758129
No,Yes,1058.642604,41493.232047
No,No,1339.462298,31946.344467
No,Yes,1542.464947,11336.278979
No,Yes,1471.793691,35291.880239
No,No,1128.580786,43586.208473
No,No,793.520213,40867.398996
Yes,Yes,1765.199285,17997.642526
No,No,559.826356,58949.011857
No,Yes,1153.937323,32297.025645
No,No,586.446315,36251.778554
No,No,813.239316,49616.273524
No,No,790.323074,49511.521907
No,No,785.509663,37153.564373
No,No,718.146131,23305.649552
No,Yes,1062.554263,18740.816296
No,No,744.709023,52936.591767
No,No,891.101208,43370.169336
No,No,179.021142,64290.312223
No,Yes,1010.406339,31613.53133
No,Yes,433.672475,22878.155856
No,No,1352.551206,58271.712935
Yes,Yes,1793.883237,10216.419138
No,No,0.0,46327.241302
No,No,775.66269,45528.282876
No,Yes,1392.95068,24782.637831
No,No,671.172109,40152.918654
No,No,0.0,50409.458127
No,No,936.42092,52075.227648
No,Yes,1507.408458,13738.624395
No,No,1285.052372,34449.738189
No,Yes,1445.325028,15643.49097
No,No,1047.38048,55279.201388
No,No,100.054668,45066.960919
No,Yes,944.152033,21111.529247
No,No,833.427321,55279.43937
No,No,622.509377,36266.22141
No,No,801.969842,42996.771631
No,No,382.070668,43816.865438
No,No,611.965313,53318.24196
No,Yes,35.598541,23181.739572
No,No,1466.454081,51090.640663
No,No,761.038611,37424.236823
No,Yes,554.478626,27068.138309
No,No,522.804937,41909.32378
No,No,664.903968,29081.794351
No,No,1181.549758,37107.711115
No,No,614.016361,42583.724376
No,No,220.978335,38180.556981
No,Yes,776.500228,34861.023022
No,Yes,731.627252,14875.144341
No,No,1077.023967,51749.710088
No,No,735.775222,56629.526542
No,Yes,1113.704559,5000.0
No,No,464.920148,30421.032893
No,Yes,456.297102,9635.552109
No,Yes,1437.990876,19112.632991
No,Yes,364.247256,5000.0
No,No,1710.386376,36964.857934
No,No,836.636124,45748.820831
No,No,551.046077,45284.537096
No,Yes,1014.195071,11736.707241
No,No,620.644632,34650.583931
No,No,266.429182,45008.613136
No,No,940.832053,50920.46822
No,No,378.289615,36518.85539
No,No,982.236302,37638.489336
No,Yes,1144.077088,20147.381073
No,No,1215.740604,37994.764944
No,Yes,1229.909262,25295.113661
No,No,0.0,35376.535266
No,No,1085.223452,41769.238654
No,No,265.70344,41082.966088
No,No,821.940144,47092.618373
No,No,927.065242,34929.51468
Yes,Yes,1711.224682,7451.986426
No,No,1362.985778,41055.04103
No,Yes,523.379281,5015.576347
No,Yes,419.489447,24784.394016
No,No,855.31997,28828.354904
No,No,221.217835,51344.257985
No,Yes,325.703577,25045.735435
No,Yes,778.315627,8822.088191
No,No,0.0,34473.457782
No,Yes,1109.796318,9806.825179
No,Yes,1382.912739,20291.416908
No,No,0.0,55708.517421
No,No,840.407611,53223.609633
No,Yes,649.245947,10297.590381
Yes,No,2102.619242,32595.263319
No,No,1409.368454,50902.695134
No,Yes,718.941722,30203.5749
No,No,514.391023,53257.516239
No,No,1201.963991,49353.212452
No,No,1661.158948,18809.265091
No,No,650.719123,43004.525261
No,No,327.530378,45147.88661
No,No,1357.18538,40679.231543
No,No,1257.194468,42391.381884
No,No,421.282177,46031.677479
No,No,1206.626023,39294.50278
No,No,729.372539,30901.983843
No,No,85.323678,37687.613792
No,Yes,999.522198,19104.698027
Yes,Yes,1546.540379,7668.68872
No,No,692.024504,46755.013458
Yes,No,1888.831107,41354.080102
No,Yes,1061.728268,30860.977335
No,No,1431.080861,44174.98323
No,Yes,1684.730109,13418.891971
No,Yes,1339.448574,13481.95881
No,No,937.285038,45296.319979
No,No,594.458821,53425.956352
No,No,1502.774894,56829.962246
No,No,463.557656,25245.858365
No,No,1017.729983,41742.440253
No,No,336.136401,47975.837246
No,Yes,1659.351604,5000.0
No,Yes,695.622268,30202.126765
No,No,286.020307,30885.86066
No,Yes,1064.417619,46902.326891
No,Yes,951.94937,32576.167318
No,No,137.164338,43212.574247
No,No,1415.866684,22963.866369
No,No,879.624552,48735.703518
Yes,Yes,1917.910017,13229.89155
No,No,792.382966,27366.142807
No,Yes,90.299418,6544.654008
No,No,469.97518,27128.492371
No,Yes,1297.225972,5000.0
No,Yes,913.624969,11739.548423
No,No,513.394101,46381.090632
No,No,1345.363387,29000.061963
No,No,814.485408,40275.830825
No,Yes,375.65495,33478.317165
No,Yes,919.771475,28746.524761
No,Yes,1318.215512,29151.814185
No,No,1263.001451,26234.306966
No,No,627.398804,30892.098563
No,No,1599.928517,29095.264778
No,No,826.303574,20230.403105
No,No,1067.528501,29100.715423
No,Yes,1005.955872,11645.157888
No,No,582.517999,52889.505292
No,No,401.733533,44721.207369
No,No,885.392442,44225.466427
No,No,1129.060882,43057.669756
No,No,145.839639,40945.261885
No,Yes,762.664052,5000.0
No,Yes,1493.092562,32440.204888
No,No,759.999775,32597.739088
No,Yes,1237.737681,13827.597855
No,No,678.520526,51008.226882
No,No,588.54357,32293.517503
No,Yes,354.674083,5369.594292
No,Yes,594.912558,32759.419275
No,No,1015.318056,33821.798307
No,No,945.5622,35082.499373
No,No,554.628948,36916.092947
No,No,327.064436,45687.075453
No,No,945.990856,51761.457769
Yes,Yes,1451.06523,22881.171346
No,Yes,544.225243,27558.071102
No,No,473.977144,46850.336558
No,No,592.766434,40781.997417
No,No,1011.285437,56935.827345
No,No,399.817492,18418.664113
No,No,0.0,46604.692367
No,Yes,535.803258,10120.087546
No,No,1005.052157,49375.372504
No,No,764.734301,57433.837821
No,No,268.249145,22199.192543
No,No,839.91327,45642.453229
No,Yes,1253.958828,18117.963403
No,Yes,774.949131,17745.831215
No,No,1044.624623,35042.542626
No,No,1072.120619,43328.665037
No,Yes,825.509533,13919.627319
No,No,982.589334,27250.264703
No,Yes,1458.631474,24559.238365
No,No,1258.631687,46446.869931
No,No,824.857313,40989.30668
No,No,715.123331,73531.843166
No,Yes,191.619239,16313.133424
No,Yes,897.25814,23916.302866
No,No,673.042424,40687.156391
No,Yes,1137.089599,22357.621391
No,Yes,1278.498447,27301.322939
No,No,1100.417584,52004.946348
No,Yes,666.691115,14142.441013
No,Yes,621.955143,33973.288306
No,Yes,845.555671,32755.793598
No,Yes,938.447388,18018.491219
No,No,626.407616,49472.231993
No,No,1058.651715,32317.000223
No,Yes,1047.168132,30872.312124
Yes,No,1764.26732,14371.200151
No,No,941.355293,43595.029672
No,Yes,1156.817432,12025.176044
No,No,756.85408,27906.9216
No,No,594.034841,36581.7292
No,No,872.860875,28390.969506
No,No,653.336314,57330.376707
No,No,1491.879892,46625.299773
No,No,258.711018,40482.014518
No,Yes,390.549426,21502.682151
No,No,630.184506,39697.907359
No,Yes,460.001088,5000.0
No,No,682.771893,46172.759785
No,Yes,1027.613486,32734.792173
No,No,489.065021,31499.042072
No,No,1170.696113,50707.904593
No,No,924.070011,46586.511887
No,Yes,734.551595,23353.413869
No,Yes,1095.116282,17558.57231
No,No,384.229719,45982.332415
No,No,904.293913,49212.375467
No,No,150.734588,51375.828439
No,No,542.186992,29876.921413
No,Yes,1231.687482,13885.320431
No,No,290.599655,17875.558122
No,No,1100.872973,62270.528096
No,No,219.684879,31297.703224
No,No,832.212791,38592.002092
No,Yes,768.376315,19881.40203
No,No,234.267465,45400.868754
No,No,811.925446,32745.532049
No,No,1036.483787,42268.651439
No,No,927.973728,27557.378796
No,No,1041.128186,42218.4283
No,No,1119.387362,50231.096971
No,No,909.879636,45670.16983
No,Yes,0.0,31770.022375
No,Yes,1586.208246,25155.635575
No,No,543.364392,47524.855845
No,No,1047.487725,44800.002011
No,Yes,922.006942,22157.578653
No,No,1298.456125,30378.997902
No,No,890.859325,46733.864363
No,No,590.551525,33121.804237
No,No,1756.156277,57947.17941
No,No,2013.9589,29839.883489
No,No,674.414313,40298.50206
No,No,1070.121842,49895.246858
No,Yes,523.876085,35675.495288
No,No,0.0,25046.978318
No,Yes,1099.632917,9056.518433
Yes,No,1870.737346,41744.672792
No,No,0.0,37320.907064
No,Yes,1186.997815,17690.645249
No,No,361.244294,47361.232553
No,Yes,485.245668,28789.183079
No,No,260.553845,70533.163103
No,Yes,868.512642,26490.037674
No,No,0.0,42122.647153
No,Yes,23.968628,14585.368675
No,No,730.879633,55034.563778
Yes,No,1028.263353,38590.977351
No,Yes,604.950986,22739.048015
Yes,No,1063.25382,41565.185404
No,Yes,793.127305,28966.720282
No,No,241.017354,29857.640933
No,Yes,1077.628517,36567.143546
No,No,878.804469,54232.249213
No,Yes,703.523148,25322.082409
No,Yes,1320.258099,26278.312457
No,No,222.093803,41135.226707
No,Yes,1088.399087,36606.932114
No,No,1191.076878,40836.31951
No,No,414.324707,26956.331502
No,No,435.824068,55091.417855
No,No,520.599811,40030.88949
No,Yes,448.170939,17678.400346
No,No,1043.134168,41319.176417
No,Yes,1070.679102,39105.504456
No,No,329.220212,54435.703782
No,No,709.072154,47899.353049
No,Yes,237.85432,29336.823684
No,No,305.676252,43683.093525
No,No,0.0,31508.746485
No,No,637.473358,39095.847339
No,Yes,675.983605,20050.368922
No,No,1175.162142,48093.881611
No,No,1088.768085,28541.438041
No,Yes,489.63285,15026.172844
No,No,1097.983845,53785.616808
No,Yes,835.662705,13601.668938
No,Yes,265.009894,5000.0
No,No,1407.114058,40021.727721
No,No,708.337093,38135.584873
No,No,593.225581,29496.894133
Yes,No,1927.600636,56859.740524
No,No,752.735319,55559.416607
No,Yes,1352.704599,32051.386267
No,No,625.893696,40088.593717
No,No,655.86535,36986.527883
No,Yes,981.412012,21084.305969
No,Yes,1258.677488,27500.931017
No,Yes,238.762429,29753.279633
No,No,645.676409,29718.187943
No,Yes,1266.460535,22869.034462
No,No,608.962601,48471.265939
No,No,511.272661,36357.257444
No,No,1398.870487,47027.06954
No,No,1217.818987,45563.375307
No,No,596.501518,43647.944455
No,Yes,1510.038747,22795.6084
No,Yes,814.186627,32292.64407
No,No,929.322428,35400.897853
No,Yes,699.995946,18383.565964
No,No,804.899805,36290.538823
No,No,904.706607,48558.018228
No,No,180.360631,33889.346634
No,No,1880.649153,51070.091601
No,No,544.084383,41886.216332
No,No,898.658036,38676.191557
No,No,63.625528,42575.5363
No,Yes,1188.526903,24045.858839
No,Yes,1234.080139,7131.43529
No,No,865.289224,38904.295448
No,Yes,0.0,5288.279658
No,Yes,696.068045,33303.235586
No,No,962.193642,42937.572383
No,No,468.314737,47140.564056
No,No,630.702497,55939.901221
No,No,1472.804129,50136.582022
No,No,147.791188,47689.803562
No,Yes,912.157591,15806.295262
No,No,769.627889,18509.74229
No,No,399.369245,63189.942724
No,No,0.0,39397.079091
No,No,667.505495,52629.629616
No,Yes,1201.370303,17227.095078
No,No,655.817604,40218.686859
No,No,779.876468,54914.40498
No,No,225.444593,55773.738716
No,Yes,1334.601394,18520.873747
No,No,1338.844109,63268.611422
No,No,208.567518,57693.748072
No,No,1291.536934,61104.941861
No,No,752.37408,51255.440473
No,Yes,1280.534016,8091.803086
No,Yes,956.889413,15391.57738
Yes,No,1417.077378,49639.684395
No,No,902.04963,54868.64151
No,No,575.628292,47193.883122
No,No,378.267053,35361.097679
No,Yes,519.256359,40810.242045
No,Yes,893.957969,18619.714754
No,No,563.874067,31767.366897
No,Yes,1427.102522,30915.831439
No,No,400.596309,43481.004571
No,No,61.390638,34894.491892
No,No,323.115439,55654.1759
No,No,403.566542,57348.845825
No,Yes,784.637932,17163.592465
No,No,694.424464,44790.168947
No,No,954.119311,33780.258752
No,No,1111.102596,37938.955077
No,Yes,1105.350136,5000.0
No,No,0.0,28270.629903
No,Yes,0.0,27921.183357
No,No,565.70293,43898.515656
No,Yes,810.285864,34885.19659
No,Yes,800.786155,19076.619012
No,No,470.847538,36210.389095
No,No,255.467863,31903.857859
No,Yes,1194.997765,21573.524432
No,Yes,1160.450527,23340.733444
No,Yes,806.928646,44191.645352
No,Yes,1623.427202,9908.424728
No,No,193.118025,51706.104612
No,Yes,1655.950906,15398.396459
No,No,537.581188,39253.028707
No,No,549.589551,39431.321859
No,No,879.312106,49320.76464
No,No,1097.166779,34289.276773
Yes,Yes,1770.013819,15052.903868
No,No,671.781092,44854.988881
No,Yes,1487.398996,33040.928976
No,No,416.555665,30978.883832
No,No,587.489023,30903.920909
No,No,1387.870442,40010.659958
No,No,874.432859,39400.411598
No,Yes,1219.794421,5458.63093
No,Yes,497.038739,12866.065676
No,No,949.108218,22891.586277
No,No,361.921474,43832.399809
No,No,1116.909408,40686.124896
No,No,685.615883,39192.32892
No,Yes,701.217095,28641.732702
No,Yes,843.6974,15623.409965
No,No,522.787255,28298.93789
No,Yes,1415.038143,21015.80786
No,No,103.744688,52113.436771
No,No,737.014491,37229.073226
No,Yes,449.512319,29175.181622
No,No,689.834239,64470.777151
No,Yes,731.713777,23267.016541
No,No,481.390191,26703.999258
No,Yes,1157.534344,19450.280399
No,No,1355.191544,36182.154353
No,No,992.720447,35771.552388
No,No,699.895755,56805.003706
No,No,321.583599,39222.189246
No,No,388.820234,54640.573605
No,No,590.319949,63614.725581
Yes,No,2010.187154,51266.02081
No,No,939.394199,38596.135909
No,No,413.104153,45110.832465
No,No,921.407526,49061.947459
No,No,1270.506446,33590.818292
No,No,1196.650945,44934.676506
No,No,1151.353393,57324.054257
No,Yes,1273.720852,9529.952595
No,Yes,1284.708122,37526.305649
No,Yes,1256.738931,12983.437463
No,Yes,856.794965,38785.890279
No,Yes,1244.097082,28604.015401
No,No,1121.106439,48605.336769
No,No,580.248735,52804.971506
No,No,366.112334,36690.883966
Yes,No,1015.873874,45151.333346
No,No,829.418488,54973.509669
No,No,0.0,29007.20943
No,Yes,1037.67711,29939.392889
No,No,394.067404,47178.334081
No,Yes,1339.978564,22279.79665
No,Yes,507.251434,29596.237828
No,No,0.0,67258.135517
No,No,1058.528359,37721.773924
Yes,Yes,1398.269969,14384.142465
No,No,878.171215,52283.85376
No,No,1115.597223,35907.446952
No,No,680.553337,45111.371734
No,No,353.818332,43189.078269
No,No,671.666663,45126.34596
No,No,0.0,46380.181052
No,No,338.487683,52668.283326
No,Yes,881.571702,5000.0
No,No,80.641826,37801.541119
No,Yes,1079.565639,20755.608176
No,No,992.952357,45897.691092
No,Yes,1062.220383,11180.870464
No,Yes,918.799846,44848.912425
No,No,557.949492,42399.537009
No,Yes,1119.345665,11362.904213
No,No,419.963682,49034.710658
No,No,372.352624,35864.413536
No,Yes,1718.965831,7732.228407
No,No,880.200317,56472.689162
No,No,965.410129,46290.438893
Yes,Yes,1651.342056,22293.271112
No,No,950.95603,37895.748298
No,No,385.818041,45335.486655
No,No,701.451736,50803.209018
No,Yes,375.649747,26716.596916
No,No,0.0,38811.317712
No,Yes,1382.736533,32817.598813
No,No,438.817467,33195.688499
No,No,0.0,59704.1019
No,Yes,500.260537,10744.796072
No,No,653.473812,41191.889238
No,Yes,336.575182,30718.990036
No,No,1201.519597,40046.172797
No,Yes,521.128455,15734.307993
No,Yes,1010.295677,32628.437548
No,No,987.906132,41479.960104
No,Yes,950.429257,13938.463878
No,No,451.22329,72444.524429
No,No,1228.823939,29433.442865
No,Yes,788.781356,6252.947631
No,Yes,1208.26023,30058.75374
No,No,309.896567,49690.842518
No,No,440.997763,53079.488107
No,Yes,21.818861,5000.0
No,No,920.681405,42920.751576
No,No,759.995266,36292.721011
No,No,1102.850371,37802.301599
No,No,390.839887,41705.614151
No,No,368.683045,44011.693124
Yes,Yes,1751.806118,18576.347259
No,No,764.030416,43103.39635
No,Yes,1480.84111,26169.514574
No,No,379.408812,60536.757007
No,No,378.503318,39290.078343
No,Yes,790.758932,18869.47813
No,Yes,923.06836,15554.644123
No,No,1351.704486,35710.215657
No,Yes,788.842235,5000.0
No,No,32.108927,37003.079356
No,No,994.798954,45331.761674
No,No,308.641509,17375.538747
No,No,283.153418,65918.010747
No,No,1086.411189,47906.567411
No,Yes,1034.086652,16079.865894
No,Yes,569.381016,5000.0
No,Yes,1528.54487,14603.531421
No,No,694.392316,41897.648016
No,No,1019.898335,48620.391212
No,No,922.151679,47356.282021
No,No,182.995821,49818.662423
No,No,985.45188,27041.941749
No,No,1030.128727,47199.003469
No,No,823.297873,38043.920837
No,No,114.634724,42534.50244
No,No,1201.990015,37485.367792
No,No,208.906924,45315.088621
No,No,1071.472831,51192.340923
No,No,150.849854,50416.938574
No,Yes,383.651316,30762.688471
No,No,755.140821,54742.885391
No,Yes,0.0,27416.256647
No,Yes,506.262786,20584.759163
No,No,0.0,45776.115638
No,No,948.17446,43948.419845
No,No,1194.440861,38164.881137
No,No,767.09636,43186.27135
No,Yes,1731.278412,27664.960921
No,No,1285.939993,41329.781229
No,No,810.505949,47885.647042
No,Yes,742.805203,33465.202336
No,Yes,101.78831,35525.184446
No,No,0.0,45380.970524
No,No,715.646857,47881.52799
No,No,0.0,40990.854677
No,No,122.344534,54341.27559
No,No,322.113298,34452.122703
No,No,1062.478688,48159.724824
No,No,839.684173,54826.687253
No,Yes,201.014517,5000.0
No,No,1108.258387,32974.186669
No,No,450.91324,49935.941717
No,Yes,787.892902,28413.741428
No,No,461.91508,47517.954033
No,No,808.391208,44950.486591
No,No,1035.493937,42017.103971
No,Yes,901.135407,10945.525895
No,No,576.766974,33899.956397
No,No,277.131975,43179.812205
No,Yes,721.281433,29966.829361
No,No,1637.451574,36106.85832
No,No,432.573843,46937.451336
No,Yes,1270.007243,42289.700656
No,No,1180.761164,42447.162781
No,Yes,846.757783,5314.09349
No,No,791.139145,45647.737438
Yes,No,1714.951141,40436.573889
No,No,950.064249,42559.928683
No,No,914.183979,40981.541967
No,No,261.74573,56525.953795
No,No,1084.219174,41627.562765
No,No,575.447732,43551.890819
No,No,948.781128,42773.607691
No,No,693.822963,58126.587313
No,No,186.320904,67909.864583
No,No,695.905667,42831.30468
No,Yes,1143.16464,31214.670504
No,No,156.90751,26959.246807
No,Yes,1155.551387,15353.606763
No,Yes,813.661293,35101.649412
No,No,141.297191,49262.661616
No,No,909.698518,18232.229535
No,No,871.162028,46253.950799
No,No,966.672562,27775.85813
No,No,1321.112412,44227.53167
No,No,1730.348335,35629.029784
No,No,301.282246,49672.944163
No,No,908.313526,43674.127867
No,No,832.940949,46987.671079
Yes,No,1471.518549,58199.846676
No,No,809.722294,42444.645115
No,No,1048.689068,45687.793722
No,Yes,614.916322,16079.001505
No,No,491.578873,38003.601225
No,Yes,678.274049,17664.185
No,No,479.15501,36334.54705
No,No,949.358989,42737.516013
No,No,0.0,39479.977475
No,No,1249.472509,65754.762498
No,Yes,257.068509,21059.010712
No,No,735.007942,35126.232809
No,No,1785.922424,37773.9566
Yes,Yes,1458.143151,16999.588151
No,No,1084.998157,42800.548579
No,No,564.740952,26385.956089
No,No,661.634565,43010.15937
No,Yes,1184.885606,27600.064262
No,No,1192.631968,38697.717066
No,No,229.634614,48608.026524
No,Yes,1659.749182,24052.147402
No,No,121.712446,62014.314023
No,Yes,720.352198,19859.547914
No,Yes,736.317837,29633.540106
No,Yes,1089.85239,36092.351333
No,Yes,456.668648,12536.945648
No,No,0.0,39154.867572
No,No,1155.352666,55429.942768
No,Yes,1002.531107,14920.455588
No,Yes,1078.591769,17082.80399
No,Yes,1291.953702,18627.302936
No,Yes,1401.694823,31210.881817
No,Yes,2090.161545,29870.642511
No,No,465.218126,64317.629008
No,No,910.25229,49995.430482
No,No,842.507337,37235.258032
No,No,925.100633,32094.592437
No,No,461.742273,40928.633081
No,No,0.0,43868.742713
No,No,1463.323887,32738.437449
No,No,930.640509,27891.051382
No,No,187.923099,40256.591618
No,No,950.285724,47484.628955
No,Yes,1018.810498,22145.323735
No,No,979.33932,50492.100031
No,No,788.101825,54925.458843
No,No,801.920448,37219.773647
No,No,635.750759,37983.620704
No,Yes,1289.782008,20944.198367
No,No,197.114013,39088.417616
No,No,395.544407,43032.377865
No,No,761.551271,45070.404891
No,Yes,342.541023,13655.830042
Yes,Yes,1325.563388,19484.312509
No,No,991.131452,43096.763062
No,Yes,1364.686071,25084.847099
No,No,799.508758,51419.019727
No,No,752.055655,46592.513677
No,No,0.0,42419.418409
No,No,1431.626953,42011.627099
No,No,809.549883,47010.318542
No,Yes,1249.922042,33194.689
No,No,155.020884,34123.245619
No,No,0.0,45493.677709
No,Yes,1007.760741,32486.95952
No,No,602.790603,36696.128062
No,No,1018.676518,42775.888188
No,No,485.701613,34304.449136
No,No,133.145249,51514.433982
No,Yes,906.074409,13881.092017
No,Yes,798.637313,26055.994996
No,No,316.055286,44708.145549
No,No,190.130935,57960.330207
No,Yes,1153.704672,19525.89978
No,Yes,1057.687034,24069.195536
No,Yes,1244.212341,31357.220269
No,No,1286.579982,18500.199986
No,Yes,493.168624,14000.932808
No,No,294.987194,52986.745707
No,No,689.264307,41822.72839
No,Yes,1447.195908,22437.667793
No,Yes,459.686459,27140.721262
No,No,778.335084,49464.943372
No,No,1288.095811,53711.483951
No,No,815.40328,34402.799918
No,Yes,741.722858,26152.400511
No,No,333.452069,45783.182851
No,No,530.627011,23095.272598
No,No,735.395002,49719.226959
No,No,620.94044,43772.449692
No,No,479.783506,38694.106155
No,No,511.834306,48873.167759
No,No,0.0,46633.797407
No,No,859.700033,46760.055044
No,Yes,1555.915393,25865.285926
No,No,587.125796,44467.445025
No,No,802.280725,39725.70018
No,No,405.70358,49906.923634
No,No,1558.060514,60938.921616
No,No,836.521904,63886.110227
No,No,650.906943,33623.934666
No,No,512.079985,33242.625798
No,Yes,1622.510529,12556.868026
No,No,149.04864,47040.907372
No,Yes,725.41109,5000.0
No,No,956.51937,29150.981023
No,No,318.866504,26396.785074
No,No,600.704523,25716.141965
No,No,753.047501,42682.181784
No,No,576.200606,40193.90487
No,No,237.183575,40672.628036
No,No,531.695347,55458.502918
No,No,573.557033,54775.467862
No,No,1002.098467,39232.167808
No,No,601.038128,26597.250267
No,Yes,859.782108,29730.247056
No,Yes,476.830395,5000.0
No,No,658.331376,42891.867039
No,No,1072.550142,41567.488671
No,Yes,1099.086992,22698.557135
No,No,626.977889,34607.323392
No,No,759.035867,47701.443515
No,Yes,625.806872,17528.651091
No,Yes,1160.188012,16876.044677
No,No,1054.836828,46355.858662
No,Yes,1105.519621,13137.746806
No,Yes,1362.247809,21552.8552
No,Yes,206.044867,7391.260992
No,Yes,610.085095,14879.16384
No,No,565.509731,49474.141172
No,No,26.358576,42739.772225
No,No,920.083066,19087.993714
No,No,113.987828,44734.952309
No,No,1067.905028,57572.053655
No,No,427.290232,31023.803868
No,No,566.689186,48224.662956
No,Yes,880.596109,33682.077567
No,No,711.843336,46760.762271
No,No,955.728028,53767.312133
No,No,1282.564391,35079.40573
No,Yes,1065.485388,5000.0
No,No,809.58546,27433.552778
No,Yes,997.25393,20480.078338
No,No,158.068437,33395.491815
No,No,0.0,58693.133202
No,No,543.866989,33037.552593
No,No,946.204984,45220.261778
No,Yes,0.0,19978.546416
No,No,1076.148816,27436.407951
Yes,Yes,1824.063083,8923.539198
No,No,607.406,35529.407968
No,No,1139.51608,30006.959414
No,Yes,0.0,9268.683685
No,Yes,789.934896,17636.750917
No,Yes,0.0,17879.023026
No,No,777.719845,45595.051167
No,No,756.687253,48940.67556
No,No,226.176751,42311.298675
No,Yes,1086.202853,12611.021912
No,No,703.371675,49727.047904
No,No,783.004241,47254.158782
No,No,856.761219,45797.07533
No,No,813.22235,28561.91209
No,No,1502.076876,27212.70837
No,No,803.870891,58697.171495
No,No,1019.662188,40107.337464
No,No,886.217359,23675.606603
No,No,0.0,53644.732851
No,Yes,479.500334,16012.184989
No,No,152.419664,29058.977683
No,No,1043.004746,47646.235355
No,No,1290.227597,21974.307932
No,No,639.616544,28848.989113
No,No,306.759223,40351.831312
No,No,705.997515,64716.683399
No,No,187.510274,35015.951495
No,No,0.0,51924.650783
No,No,750.509913,52084.982501
No,No,936.696658,67424.201136
No,No,642.052606,48804.797831
No,No,845.918717,45418.675194
No,Yes,1595.803952,6306.612358
No,No,766.7967,27861.460271
No,No,0.0,35237.234257
No,No,385.84124,24514.995214
No,No,730.547083,23463.677223
No,Yes,926.260757,19411.28356
No,No,1672.9943,56305.666327
No,No,0.0,50524.887721
No,No,633.317397,52545.34895
No,No,278.382334,30739.63128
No,Yes,278.19569,12542.578057
No,No,619.909649,54527.123995
No,No,207.377598,47000.148872
No,No,1281.945651,42938.008598
No,Yes,0.0,16743.265815
No,Yes,131.027724,17140.596003
No,Yes,769.633936,25306.010506
No,No,693.75349,40962.139094
No,Yes,831.53519,17470.469795
No,Yes,1249.280162,17215.843355
No,No,731.431502,46165.607333
No,No,794.242113,32437.674467
Yes,Yes,1274.560533,7404.623765
No,Yes,643.252107,24744.812106
No,No,1424.988877,43732.919117
No,Yes,882.35393,22668.132159
No,No,1298.758277,39052.845392
No,No,1170.441012,32298.795254
No,No,0.0,38049.4753
No,Yes,907.868987,35143.644035
No,No,1111.144031,45409.367522
No,Yes,734.636876,14858.622992
No,No,1438.37984,52057.856581
No,No,671.400916,25104.213148
No,No,832.885218,45657.94092
No,No,863.873222,45106.697739
No,Yes,497.76918,26336.421868
No,No,329.118992,40451.311463
No,No,587.839634,47192.23058
No,No,1201.35953,47217.42178
No,No,831.476472,36374.152141
No,No,296.76984,58137.578436
No,Yes,293.578577,28515.182965
No,No,0.0,32196.214957
No,No,973.18019,49759.863363
No,Yes,1004.27493,24554.103224
No,No,0.0,41592.991266
No,No,233.866541,48488.318832
No,Yes,1060.038936,21216.647642
No,No,863.365785,30836.452163
No,No,924.169176,39608.781305
No,No,540.379618,50275.534387
No,No,218.864725,54039.180396
No,No,1253.319093,41700.447271
No,Yes,1290.809955,14360.552747
Yes,Yes,1468.073373,5000.0
No,Yes,843.071865,40065.084199
No,No,1023.556542,33132.628579
No,No,1079.228885,40394.740307
No,No,1628.302229,47425.156148
No,No,1046.413206,38904.236343
No,No,1114.081036,36269.104819
No,No,646.352945,47207.991784
No,Yes,1200.274586,25350.22288
No,No,1771.646855,53839.978988
No,Yes,819.34248,21434.957757
No,No,0.0,35815.546323
No,No,1260.967773,38001.2498
No,No,1434.108265,39828.773988
No,No,577.935703,58028.95101
No,Yes,719.815563,5000.0
No,No,956.258305,41517.024593
No,No,68.038791,60524.730785
No,No,1150.861944,34377.975027
No,No,348.344467,39055.37567
No,No,409.973467,39927.654847
Yes,No,1958.271077,41052.732735
No,No,334.492011,36439.797384
No,No,1384.854007,46978.188609
No,Yes,398.009229,30474.017237
No,No,1116.401498,54741.360411
No,No,1128.73031,37179.407171
No,No,456.920078,44516.3371
No,No,1201.715411,53520.819382
No,No,900.672066,34273.70556
No,Yes,1460.924309,30906.477673
No,No,301.164155,61404.380814
No,No,661.488443,43175.487051
No,Yes,1150.982751,29295.616341
No,Yes,0.0,18205.461976
No,No,881.896519,47469.471081
No,No,908.89356,33430.142134
No,No,605.492018,41733.12171
No,No,306.380803,8855.779653
No,No,882.025979,53864.339957
No,No,1623.794549,43015.801444
No,No,1220.319943,30976.685419
No,Yes,502.23551,33150.344331
No,No,443.017924,15186.953347
No,Yes,321.335196,15364.14455
No,No,1532.063925,27063.988793
No,Yes,728.042317,37114.884562
No,Yes,354.276451,19356.087519
No,Yes,1115.434096,33018.479958
No,No,1069.716179,31388.680234
No,No,928.709711,48739.4685
No,Yes,0.0,24259.905315
No,Yes,561.187707,27776.348982
No,No,298.83705,55812.169841
No,No,837.385476,41315.959626
No,Yes,136.738917,13348.687064
No,No,563.77913,36355.83848
No,No,367.177247,46727.054704
No,Yes,895.225474,27480.769092
No,No,391.096263,50117.706366
No,Yes,659.927926,15650.381321
No,No,1292.441199,67445.357349
No,No,1092.145045,37370.948714
No,No,1232.10736,37491.5078
No,No,569.150183,47730.107593
No,Yes,621.548091,25918.452368
No,Yes,967.356431,20451.470743
No,No,398.184097,29064.4744
No,Yes,786.892883,19909.255223
No,Yes,1412.135418,14476.465261
No,Yes,1060.467993,24908.531455
No,No,1732.838474,37703.363676
No,No,804.444034,48058.184129
No,No,559.196875,39454.109181
No,No,572.545557,25808.411037
No,Yes,1488.706295,8645.630567
No,No,1280.625213,29816.021306
Yes,No,2169.171603,49035.22098
No,No,0.0,40647.02578
No,No,1402.096881,46394.541872
No,Yes,1134.547449,18956.920678
No,No,944.247569,35464.840401
No,No,551.43134,40416.438229
No,No,792.588083,29426.643444
No,No,913.349662,47091.031426
No,No,819.77049,40491.269006
No,No,724.154828,55563.540522
No,No,456.07596,54897.613862
No,No,910.772963,45903.488561
No,No,257.476965,43737.148804
No,No,842.16557,35182.673012
No,No,1117.718739,41942.16874
No,No,419.116025,46753.988224
No,No,1495.925495,37803.198492
No,Yes,1007.63594,12173.197668
No,No,468.79608,34494.499695
No,Yes,293.864232,11250.052238
No,No,1732.529956,30794.44034
No,Yes,27.896181,11543.879497
No,No,148.80002,54376.363414
No,Yes,265.50432,11227.769337
No,No,466.030578,49072.57986
No,No,837.678742,57936.553462
No,No,350.890065,43788.405157
No,No,537.816524,43250.887315
No,No,438.185696,41260.257296
No,No,715.393611,75479.23236
No,No,948.568308,52376.289238
No,No,1209.594491,41659.538803
No,No,674.142855,41432.198841
No,Yes,1140.547361,41182.642117
No,No,839.533993,54605.372856
No,Yes,937.228042,28191.139028
No,Yes,980.376803,32837.717871
No,Yes,899.902664,29211.243071
No,No,1033.661202,38412.119868
No,No,644.757299,39145.23
Yes,Yes,1724.159326,22595.747681
No,Yes,1135.776069,25860.632712
No,Yes,1156.425268,23104.58154
No,Yes,701.459888,32986.427283
No,No,1499.685062,42359.415
No,No,930.984812,21982.034729
No,No,1028.748936,45592.704062
No,No,965.946571,32718.510465
No,No,875.856971,51296.618569
No,No,301.059613,39481.526606
No,Yes,708.661114,20541.236391
No,No,1307.076111,43547.971554
No,No,438.210262,65339.548309
No,No,793.342741,36993.169073
No,No,1163.15562,48950.738054
No,No,1169.873812,46961.00928
No,No,492.651202,50386.028502
No,No,886.740958,50929.70492
Yes,No,1879.670704,20602.456234
No,No,614.13421,49039.498752
No,Yes,1450.231571,10340.283033
No,Yes,885.282494,23179.017518
No,No,981.786752,42097.644388
No,No,346.316355,28735.421401
No,No,72.832033,27992.969479
No,No,773.174809,45970.768762
No,No,687.511356,32279.095701
No,No,264.322497,38244.615163
Yes,Yes,1052.780408,29948.016974
No,No,538.898884,29624.983413
No,No,317.668633,47570.53709
No,No,421.352086,36144.20181
No,No,1832.648231,56030.022919
No,Yes,879.94514,6301.66175
No,Yes,664.59553,16832.591346
No,No,246.997893,32343.223471
No,Yes,782.502434,5000.0
No,Yes,1926.268115,20795.323877
No,Yes,1188.641004,5000.0
No,No,526.277611,51738.402201
No,No,844.04316,44741.159032
No,No,17.780183,40105.239505
No,No,436.9217,37894.969423
No,No,756.121248,42243.218776
No,No,771.208547,42217.757069
No,No,1316.156668,31105.596193
No,No,312.106292,25057.17297
No,No,919.225858,26010.380001
No,No,609.034422,43671.791697
No,No,1231.818927,37283.439863
No,Yes,145.863465,15140.370661
No,No,737.310611,56144.495445
No,No,359.984176,42088.653819
No,No,1126.837018,44436.638882
No,No,613.745209,31029.896579
No,No,339.990393,28385.791152
No,No,1302.091921,43220.282394
No,No,1636.265454,28997.967524
No,No,830.378089,67085.218902
No,No,228.499864,35394.118874
No,No,736.953944,37620.405268
No,Yes,513.266085,20076.52237
No,No,828.0503,40587.723803
No,No,336.949391,28236.607603
No,No,249.313163,40387.635271
No,Yes,1052.089429,5000.0
No,Yes,1364.868801,12134.655371
No,No,680.797045,39193.292722
No,No,943.81338,30162.157227
No,No,604.727496,36396.267656
No,No,298.1925,62233.308531
No,No,764.409688,55043.888953
No,Yes,900.647838,20005.430807
No,Yes,788.545119,33329.217798
No,No,824.090549,47715.769862
Yes,No,1604.072144,44841.153604
Yes,Yes,1761.12982,28889.39771
No,Yes,377.372912,5000.0
No,No,1322.391987,46691.563646
No,Yes,1295.936951,19812.759245
No,No,0.0,49093.317756
No,No,401.806626,42261.818523
No,No,1175.188376,55077.270493
No,Yes,804.510514,20284.280296
No,Yes,1111.179882,25770.137656
No,No,1435.411119,49777.443911
No,No,847.858634,34269.213987
No,No,830.353658,36522.504044
No,No,487.886603,41580.475099
No,No,1172.294486,57498.535881
No,Yes,0.0,5917.619708
No,No,956.475868,47164.179979
No,No,998.821923,27236.660148
No,No,1150.867578,17957.037542
Yes,Yes,1110.75923,10801.409743
No,Yes,499.819282,33134.839527
No,No,529.494695,41802.859049
No,Yes,498.896853,31500.239212
No,Yes,1296.420722,5000.0
No,No,951.857199,39480.528149
No,Yes,985.982904,15034.566487
No,No,0.0,32045.236867
No,Yes,993.931081,20476.424383
No,No,356.367838,29631.7828
No,No,550.135708,30993.655028
No,No,0.0,47027.381928
No,No,29.763695,37522.183774
No,No,424.781358,27085.195674
No,No,1219.713335,55302.908754
No,No,1131.039801,31621.687137
No,Yes,794.210392,19566.341703
No,Yes,1156.167968,23951.254632
No,No,1027.672437,48172.550695
No,No,826.040966,45329.40917
No,No,963.443146,34434.625658
No,Yes,830.442926,23136.377818
No,No,473.622288,30356.131243
No,No,966.173323,35216.62834
No,Yes,1037.566145,14030.010348
No,No,919.724569,42553.42924
No,Yes,1231.668967,34709.738911
No,Yes,1772.945734,32550.465141
No,Yes,915.519541,5000.0
No,No,678.250891,51146.732214
No,Yes,800.2997,27274.991356
No,Yes,464.773926,14029.812178
No,Yes,752.046103,27465.880583
No,No,171.479557,45479.244375
No,Yes,1837.768119,17255.01398
No,No,493.025373,41086.033563
No,No,885.011534,40438.388682
No,No,350.237192,39862.18533
No,Yes,1251.283834,29970.938404
No,No,860.99113,34460.655022
No,No,371.27221,49177.292672
No,No,936.377747,50452.488177
No,No,592.772172,41053.933441
No,No,1286.014135,53851.152258
No,No,711.511992,51048.493494
No,No,282.077169,43379.617468
No,Yes,1396.056584,24273.521494
No,No,1055.679255,68079.929174
No,No,690.106422,37450.754908
No,No,1035.626431,35701.683531
No,No,1078.129079,59860.304087
No,Yes,1524.852907,23810.722787
No,No,229.860673,35756.072151
No,No,623.422093,41223.874094
No,No,781.674686,29256.140638
No,Yes,1659.228764,18849.065156
No,No,181.552151,64777.498975
No,No,407.000893,44756.622984
No,No,724.850492,38916.622457
No,Yes,926.3428,26563.109783
No,Yes,1512.038157,20827.608771
No,No,608.874179,34773.146108
No,No,519.694991,36066.116293
No,No,217.589192,53107.9626
No,No,1304.277114,41779.038752
No,No,392.21825,35366.048583
No,No,597.150081,50110.102086
No,No,521.920184,54539.463372
No,Yes,1493.292253,22498.948836
No,No,327.395983,36876.242888
No,No,56.03578,40659.075519
No,No,822.361798,51429.622725
No,No,1014.804429,42198.853498
No,No,1407.319586,15608.435003
No,No,372.214226,45800.693419
No,No,659.256715,33732.386949
No,No,735.240553,52686.467607
No,No,473.886079,44955.852869
No,Yes,459.131298,23050.310966
No,Yes,367.781911,6164.130389
No,No,684.570143,43458.748538
No,Yes,413.020774,8636.391911
No,Yes,1206.996783,36003.083119
No,No,712.522094,36441.200314
No,No,1391.238929,50727.439413
No,Yes,347.933891,11949.023053
No,Yes,532.305176,27291.299814
No,No,739.417409,54300.553469
No,No,1058.725568,52207.902249
No,No,709.048448,45849.201227
No,No,1368.776866,45912.283306
No,No,1504.715474,49903.440695
No,Yes,1166.37328,33532.786811
No,Yes,1365.302568,11447.217266
No,No,121.554579,46098.657309
No,No,586.062319,54437.854106
No,No,674.331483,48197.573043
No,No,823.747666,48333.901223
No,No,1503.471318,36349.585507
No,No,887.386032,31362.469825
No,No,394.763612,33291.07197
No,No,1257.099045,32853.420748
No,Yes,504.021476,37103.080302
No,Yes,695.143315,8211.355198
No,Yes,1965.921035,28568.674417
No,No,1084.646603,44386.585345
No,No,806.19977,46864.828906
No,No,843.695643,50092.902067
No,No,157.15748,44442.07671
No,No,1611.250198,42077.332204
No,No,1215.85553,47821.511574
No,No,285.279615,31998.454136
No,No,1016.352251,31221.512055
No,No,341.549115,35987.09087
No,No,180.365285,62632.060061
No,Yes,988.753035,11222.463021
No,No,409.75452,43481.622383
No,Yes,1293.481646,5000.0
No,No,388.245479,38125.62323
No,No,1149.731778,44823.241838
No,No,1530.012945,56641.427009
No,Yes,514.554281,17288.866042
No,No,620.956969,41064.163615
No,No,777.62799,41551.141727
No,No,883.775359,52243.750339
No,No,1324.418058,44997.314892
No,No,942.402937,47290.218357
No,No,553.710527,38013.92607
No,No,1168.56611,51381.813671
No,Yes,1308.173379,25100.355446
No,No,51.772896,42728.696176
No,Yes,712.278851,14174.965697
No,No,901.570922,30017.108277
No,Yes,1116.336063,19630.621011
No,No,400.62585,49487.607198
No,Yes,1359.631316,28329.035795
No,No,434.58685,56257.2156
No,No,153.824953,53503.741722
No,Yes,1144.559872,30209.967217
No,No,1591.864463,39536.192013
No,No,1071.56452,58717.211023
No,No,891.490477,77738.580723
No,Yes,791.869003,11368.064235
No,No,909.537732,37580.358823
No,No,720.349567,61717.756721
No,No,572.668422,43648.6373
No,No,0.685428,24264.406666
No,No,952.642413,44132.570458
No,Yes,163.78198,32150.939008
No,Yes,844.186606,11563.746693
No,No,489.070768,44643.089888
No,No,324.120061,41303.271501
No,No,509.318134,60121.604545
No,No,369.09356,63976.851203
No,No,152.778142,35246.667669
No,No,568.073176,38548.234988
No,No,321.579711,49244.60854
No,Yes,205.990669,22753.325011
Yes,No,1751.923768,48726.937462
No,Yes,815.558779,18939.960939
No,No,236.07201,46165.959311
No,No,570.437452,48318.221524
No,No,1181.221833,39030.777811
No,No,1140.207474,51536.069517
No,Yes,550.778584,29761.697581
No,No,208.226397,28835.247844
No,Yes,696.822337,16669.872673
No,No,1169.968821,23456.940492
No,No,783.724606,38710.592597
No,No,1009.26107,45335.772643
No,No,549.267764,30634.892802
No,No,94.089373,39840.23432
No,No,1004.650632,37717.834238
No,No,698.786782,50582.623629
No,No,145.365662,37364.255961
No,No,379.270849,64037.708022
No,No,1180.115049,38670.287606
No,No,749.892044,44522.8149
No,Yes,1258.036016,10788.871664
No,No,957.850356,40246.203909
No,Yes,1908.8051,5000.0
No,No,643.011315,45509.081227
No,No,823.737843,59432.849668
No,No,1635.056716,44096.053076
No,Yes,813.621764,21777.408466
No,No,1105.652452,47197.618001
No,No,1238.296178,55391.046329
No,No,496.309332,48401.984196
No,No,290.991943,56306.083051
No,No,856.83456,58491.626649
Yes,No,1408.483903,29297.631593
No,Yes,1306.167417,23606.639098
No,No,1125.158028,45805.364709
No,No,0.0,49597.713197
No,No,0.0,45613.727528
No,Yes,1078.873097,36516.841854
No,No,1380.983393,35858.597724
No,Yes,901.369231,40128.544919
No,No,1329.855076,51678.285789
No,No,960.919948,27434.373314
No,No,300.327672,68585.785131
No,No,872.533759,46416.464031
No,No,420.091457,40343.06658
No,No,50.485883,41388.333106
No,Yes,1840.103014,13062.044314
No,No,318.295546,43965.436736
No,Yes,1176.249284,34212.719603
No,Yes,798.933143,17209.449827
No,Yes,1211.014595,14109.354647
No,No,413.681959,39007.881287
No,No,1163.072921,42754.598442
No,No,796.014715,52204.265012
No,Yes,427.171198,5922.762177
No,No,1225.428747,51861.190962
No,Yes,1090.601408,14206.904084
No,No,284.170189,40054.722776
Yes,Yes,1648.278884,22989.295936
Yes,No,1267.689772,62083.230898
No,Yes,689.121896,19902.85317
No,Yes,643.226064,16468.844232
No,Yes,542.713766,15550.063702
No,No,493.737391,32741.628247
No,Yes,526.484688,22309.454656
No,Yes,645.377813,22496.409842
No,Yes,1438.865585,20151.425414
No,Yes,1227.413705,8577.242545
No,Yes,807.76688,5000.0
Yes,No,1620.428789,35437.431786
No,No,1479.593223,37974.792773
No,Yes,1186.394973,25310.372574
No,No,190.722429,51572.474041
No,No,418.123502,30301.932479
No,No,352.110566,41139.98633
No,No,192.316014,38809.728719
No,Yes,624.618704,19136.153974
No,Yes,1053.286915,25424.875259
No,Yes,1368.061184,23193.91351
No,No,951.567572,39593.116159
No,No,1441.030539,38946.082593
No,Yes,281.537461,24025.307845
No,No,1065.57587,34495.972238
No,No,764.263405,42734.232599
No,No,1776.656434,43929.844677
No,No,924.435028,50514.823297
No,Yes,411.95825,6918.126347
No,No,227.738915,46052.565298
No,No,400.636236,23215.84765
No,Yes,173.504571,11692.56208
No,No,373.807628,47900.933491
No,No,0.0,44310.159476
No,Yes,477.848619,22312.715849
No,Yes,1417.649994,36860.72047
No,No,985.395568,30515.535344
No,Yes,842.125682,13980.398987
No,No,62.324413,45298.438012
No,No,649.780194,60321.437311
No,No,1004.179999,29978.723872
No,No,870.601502,45665.711489
No,No,1013.536705,51867.806657
No,Yes,856.136382,18271.391341
No,No,918.093084,50192.597661
No,No,1300.087699,49275.892953
No,No,682.570002,18274.244343
No,No,1173.276871,47577.765667
No,No,1727.487026,36181.983358
No,No,512.418169,24256.879566
No,No,663.878663,40107.537876
No,No,908.559037,50765.873454
No,No,694.621242,45333.94414
No,No,1270.484852,47670.861586
No,Yes,1006.06767,29843.325443
Yes,No,1442.881697,30481.391686
No,No,1609.250587,54889.065812
No,Yes,1005.214008,5000.0
No,No,349.174584,44924.862144
No,No,806.956207,40559.864207
No,Yes,1376.948965,11546.163823
No,No,673.322877,48101.154804
No,Yes,961.3592,29257.011379
No,No,614.990082,39851.392277
No,Yes,548.421964,5000.0
No,No,306.068357,27675.315075
No,No,643.711957,40951.184443
No,No,362.246278,31266.429107
No,No,701.949437,59148.871651
No,No,726.969384,41668.739716
Yes,Yes,1225.129017,32169.070005
No,No,1091.179924,50369.782169
No,No,767.078848,31879.666445
No,No,1169.322903,50777.708471
No,No,766.834461,41902.564413
No,No,544.899112,68679.906977
No,Yes,460.986315,27252.666489
No,No,1276.351614,44010.001995
No,No,902.014191,49303.436277
No,Yes,1168.912715,10132.138501
No,No,776.486183,28465.782286
No,Yes,820.921688,13885.966971
No,No,129.849328,31393.925419
No,No,467.022932,50403.985265
No,No,1089.372608,63728.651419
Yes,No,1139.720427,50893.551863
No,No,475.478741,26714.320364
No,No,143.15082,25438.139924
No,Yes,631.141986,38111.333592
No,Yes,1319.77477,24969.24
No,No,956.213071,41372.492558
No,No,1047.112674,29536.485518
No,No,0.0,50546.731782
No,No,1511.951699,44658.043234
No,No,251.691756,37128.314502
No,Yes,1431.12153,21861.296782
No,No,1140.53623,42579.051273
No,Yes,1161.356188,26392.034217
No,No,660.476184,20626.385856
No,No,1125.812194,51893.120856
No,No,966.783558,46264.433112
No,Yes,586.086043,32203.795688
No,No,0.0,34747.317839
No,Yes,949.865587,37281.342162
No,Yes,939.585294,17654.683433
No,No,543.829229,25788.466572
No,No,796.077949,53117.707315
No,No,116.761764,44943.980582
No,No,304.738972,36469.912059
No,No,123.198033,37855.965679
No,No,1049.717255,42860.239976
No,No,900.269308,42194.091885
No,No,719.583704,27882.359976
No,No,278.583555,5000.0
No,No,569.55535,23042.650767
No,Yes,943.879554,15103.406553
No,No,0.0,55488.643535
No,Yes,880.394571,21174.931291
No,No,654.630389,32432.680548
No,No,740.369258,31695.636578
No,Yes,1153.106863,5000.0
No,No,1646.281867,27582.698762
No,No,129.198917,26114.726432
No,Yes,974.88506,11673.194996
No,Yes,742.70487,23024.936363
No,Yes,262.444286,11434.848158
No,No,317.352875,44194.143755
No,Yes,1292.726939,29573.41826
No,No,1021.056235,35127.042315
No,No,138.904258,45513.842856
No,No,434.164313,49577.732528
No,No,750.633117,46410.726993
No,Yes,881.888349,27887.357817
No,No,822.948326,49501.018692
No,No,1243.544274,49298.733452
No,No,0.0,30856.883555
No,No,1492.410866,25162.815226
No,No,505.043965,24126.316598
No,No,760.541044,13702.959996
No,Yes,540.793961,25735.048952
No,No,378.33353,49461.396665
No,No,288.458497,34382.562623
Yes,No,2088.539883,37323.876427
No,Yes,1201.90707,21466.09627
No,No,1572.208278,39715.724015
No,Yes,1254.799614,12402.910066
No,No,780.95701,37197.41372
No,Yes,1218.112931,17642.575863
No,No,564.77658,33798.576558
No,Yes,906.313188,29930.777775
No,No,1108.220516,38079.702377
No,No,1132.099734,51681.304448
No,No,496.930819,37453.927975
No,No,1233.053218,43367.14258
No,No,751.584899,60313.466353
No,No,911.053878,32928.950833
No,No,685.778614,42094.206585
No,No,765.331869,34485.247954
No,No,655.316192,63928.295814
No,Yes,910.151446,17162.42424
No,Yes,1446.814507,21316.752391
No,No,270.291133,32744.513643
No,Yes,1142.630809,18913.762397
No,No,228.790434,53882.52938
No,No,1246.470228,36888.271646
No,No,1582.855637,63940.485518
No,No,848.230578,66149.188728
No,Yes,406.301198,29515.134056
Yes,No,1640.096402,65427.881772
No,No,954.309936,35657.720509
No,Yes,852.013529,14412.311899
No,No,1002.188929,45263.06774
No,Yes,1562.702149,13161.31473
No,Yes,1549.673438,16041.659079
No,No,501.698028,47848.097104
No,No,779.695435,50280.73387
No,Yes,893.451267,10274.191223
No,No,625.830196,49329.962604
No,Yes,1048.873152,5130.513608
No,Yes,328.001828,24600.218664
No,Yes,1058.561787,20216.474574
No,No,476.080028,39832.265751
No,Yes,464.96487,22164.159571
No,No,1282.648383,45632.47185
No,Yes,984.90007,29855.147538
No,Yes,1029.824106,7393.278837
No,No,1037.077691,46233.429933
No,No,871.177519,37847.576767
No,No,729.183424,44118.871961
No,No,1244.800077,35498.312521
No,Yes,1095.412063,25296.910782
No,Yes,987.146992,18876.305443
No,Yes,554.01387,26135.053944
No,Yes,1591.28013,39308.942889
No,Yes,384.852555,16064.467189
No,No,551.064512,32440.791656
No,No,732.982621,64538.78919
No,Yes,902.93018,12325.702158
No,No,491.608349,55127.241208
No,No,995.162261,47051.99625
No,No,916.304114,41050.758473
No,Yes,1243.755353,9118.322122
No,No,1226.335652,37493.247427
No,No,834.561548,47285.952827
No,No,581.525262,38927.473467
No,Yes,679.679121,20634.670324
No,Yes,831.888846,22998.025326
No,No,503.198852,41867.343432
No,Yes,665.495217,28810.878574
No,Yes,442.578264,13721.869542
No,No,0.0,52292.895785
No,No,1109.089955,39482.200006
Yes,No,1765.736992,38013.335322
No,No,845.851235,45726.117781
No,Yes,151.714039,13697.604102
No,No,538.260975,47613.043174
No,Yes,202.467114,34349.152529
No,No,787.56198,59572.415116
No,No,1020.679901,42160.922333
No,Yes,262.478548,9316.2547
No,No,570.59615,29878.26358
No,No,765.101137,33518.724821
No,No,1282.935608,47346.022963
No,Yes,1822.564406,8341.230029
No,No,622.901915,41169.922496
No,Yes,1073.33279,21931.852198
No,No,917.566514,40808.171079
No,No,1200.722654,52041.314712
No,No,413.702188,46738.892589
No,No,1021.904614,49308.854572
No,No,1017.513981,39485.001219
No,Yes,1208.814006,20004.794474
No,No,791.210193,52840.001985
No,No,492.06742,48031.461114
No,No,1483.518522,34237.258583
No,No,851.214383,27201.053574
No,No,1383.256981,48742.13292
No,Yes,1335.45828,19870.373287
No,No,999.615665,48338.232753
No,No,369.917414,31061.047123
No,No,510.863987,21730.788641
No,Yes,472.451476,6747.691369
Yes,Yes,1998.780744,30545.398248
No,Yes,581.94673,14459.332848
No,Yes,1037.974674,26449.047915
No,No,175.727087,48120.029169
No,No,639.650546,36048.368346
No,No,180.827695,44863.584606
No,No,227.6679,49530.412976
No,Yes,1500.577226,24533.072124
No,No,813.936001,57873.10475
No,No,129.265408,49887.153231
No,No,265.89712,32042.595823
No,No,660.319071,35447.524941
No,No,604.960176,53564.985219
No,No,633.53216,39175.543833
No,No,878.409812,21201.012369
No,No,1190.869389,39224.553518
No,Yes,570.952513,39204.048868
No,No,356.317485,31822.798723
Yes,No,2157.923613,36230.617954
No,No,0.0,54081.024353
No,No,716.271484,37519.253579
No,No,100.527918,42890.816695
No,No,438.732005,33238.409456
No,Yes,1192.22366,5000.0
No,No,737.307856,33680.420524
No,No,1403.285327,43324.700573
No,No,822.208604,37819.825829
No,Yes,328.832457,17812.636323
No,No,589.475405,44384.505826
No,Yes,528.517086,14234.659548
No,Yes,731.788014,33563.45478
No,No,1094.469282,39548.818514
No,Yes,572.356831,19395.196406
No,Yes,563.45,12377.519567
No,No,918.224953,35224.963452
No,No,711.76448,37200.507224
No,Yes,914.682738,21918.487412
No,Yes,679.360879,17225.402622
No,No,461.559478,35733.352979
No,No,1126.421955,45661.486698
No,No,597.45436,45452.996776
No,No,403.609673,29275.072209
No,No,898.900532,43068.290639
No,Yes,968.917979,25298.556115
No,Yes,719.451664,19163.165738
No,No,1432.788126,37571.635704
No,No,1264.616244,47699.209317
No,No,537.309453,44822.836633
No,No,499.509746,45205.732398
No,Yes,415.313916,9217.20997
No,No,545.121555,43506.314203
No,Yes,580.984495,30946.182313
No,Yes,563.428688,19422.320206
No,Yes,542.997632,20203.753292
No,Yes,743.146136,34497.48392
No,No,922.735879,34420.791004
No,No,674.321568,24175.58819
No,No,1394.706877,50130.401941
No,Yes,1056.111779,5000.0
No,No,79.109475,39420.622528
No,No,812.910554,27630.680695
No,Yes,629.112687,27111.990951
No,No,780.200638,43885.159911
No,Yes,969.04903,5000.0
No,Yes,934.716846,12145.720574
No,No,1545.621794,35135.161519
No,No,842.338008,60282.426927
No,No,979.351135,43197.394155
No,No,542.160371,36713.42855
No,No,359.107486,40600.551545
No,No,208.657576,30564.966168
No,No,1460.735968,29469.895891
No,No,565.139461,35342.401216
No,No,987.87064,36291.517485
No,No,1324.37279,49003.765522
No,No,1733.310755,48122.783067
No,No,0.0,58159.777564
No,No,231.702028,39256.262524
No,No,664.655678,35194.159325
No,No,1487.868312,31914.039589
No,No,768.455928,37204.630001
No,No,1594.063522,47935.715922
No,Yes,782.522461,39275.403795
No,Yes,763.433133,21099.793031
No,No,368.46404,21295.598759
No,No,975.558191,66923.642021
No,No,969.238039,27878.782371
No,Yes,252.445114,25171.369141
No,No,891.229234,55199.244129
No,No,563.696635,54211.18567
No,Yes,794.802544,16032.025794
No,No,0.0,33058.388885
No,No,1246.307724,45276.578102
No,No,929.572429,46297.769942
No,No,908.688925,37970.80787
No,No,1007.963367,50727.872163
No,No,279.130581,50368.987897
No,No,1015.516688,36770.212033
No,No,311.605231,39997.565898
No,No,492.356691,33785.713152
No,No,721.382923,36362.708199
No,No,1229.432765,32556.688939
No,No,0.0,37746.82101
No,No,864.872451,18850.260885
No,No,755.414995,37361.339478
No,Yes,1255.382066,27839.679545
No,No,329.345183,43632.617852
No,Yes,750.420574,14480.744201
No,No,976.006732,40151.343113
No,Yes,648.864514,22298.363831
No,No,1083.89807,34280.443283
No,Yes,1173.351635,13038.532134
No,No,857.392638,38082.083135
No,Yes,586.121831,8842.017633
No,No,1295.995769,36258.038315
No,No,978.884418,61236.577661
Yes,No,1694.492897,40958.61136
No,No,261.73003,46858.443614
No,No,279.232267,40568.398753
No,No,584.593531,42862.577459
No,No,864.891651,47167.543527
No,No,431.909,37969.385893
No,No,391.452228,43547.025193
No,No,263.60012,43866.52095
No,Yes,559.293488,5000.0
No,No,453.79088,19322.552061
No,No,532.583028,43208.65876
No,Yes,1277.464452,13766.624261
No,No,248.333048,47646.31982
No,No,314.62796,40235.252423
No,No,0.0,41748.327403
No,No,838.610567,45911.112225
No,No,182.945508,39967.681806
No,No,850.038929,56726.162902
No,No,603.07094,41831.024283
No,No,0.0,45734.176977
No,No,1131.541246,44678.479719
No,No,698.483331,25385.056971
No,No,323.128103,47815.858348
No,Yes,576.683624,5106.325068
No,No,1219.414743,34983.931088
No,No,1191.932667,35383.167357
No,No,877.497882,58191.286694
No,Yes,1044.283774,21934.329697
No,No,1758.020219,37032.467183
No,Yes,1396.487163,37771.921774
No,No,1476.537439,39103.638186
No,No,723.5449,65097.490081
No,No,1125.987169,45860.423031
No,No,471.215008,46118.209512
No,No,104.447224,31951.854583
No,Yes,801.107549,35111.298472
No,No,774.114377,46702.145427
Yes,No,1657.001291,35565.447517
No,No,737.743687,24142.052317
No,Yes,504.668097,15751.15849
No,No,717.234113,27328.997378
No,No,35.702995,28888.597168
No,No,519.46906,58677.292263
No,No,813.408667,45979.848598
No,Yes,1765.392663,11630.824283
No,Yes,1914.548295,29374.394936
No,No,1124.745429,35413.877051
No,No,145.458574,47837.665274
No,No,1572.992628,35510.602685
No,No,709.093681,37785.493952
No,Yes,1128.303542,26677.610573
No,Yes,733.0827,9752.089427
No,No,753.121254,32837.226508
No,Yes,738.386404,5548.968745
No,Yes,1183.994272,18510.599296
No,Yes,861.958526,26877.021451
No,No,578.70034,45809.849563
No,No,412.327046,38158.24527
No,No,797.202119,42105.009838
No,No,1176.225551,41810.605203
No,No,470.505968,38494.210217
No,Yes,736.25634,14320.968193
No,No,0.0,32011.627128
No,No,1648.411548,50747.694835
No,Yes,711.68028,29803.954526
No,No,944.30725,35382.127001
No,No,1515.444419,34373.394041
No,No,1136.066614,45325.751233
No,Yes,985.15445,20440.346778
No,Yes,1241.671907,30377.035145
No,Yes,456.297582,18400.167827
No,Yes,1612.122324,23407.108282
No,Yes,1512.269673,21411.55686
No,No,488.994464,32166.638544
No,No,1525.566281,44714.223164
No,Yes,350.702684,19165.45033
No,Yes,505.232008,13195.70265
No,No,834.624875,39818.898843
No,Yes,479.232854,27583.972603
No,No,996.583928,57306.94206
No,No,1096.523556,54743.872909
No,Yes,1296.154486,27143.291847
No,No,1049.668942,41688.283233
No,No,1166.170912,27583.570159
No,No,422.289399,33948.634122
No,No,660.254441,37064.001197
Yes,No,1406.068893,48963.286293
No,Yes,702.727017,13737.49423
No,Yes,167.333876,5000.0
No,Yes,0.0,5000.0
No,No,0.0,22995.289822
No,No,186.228875,40342.738504
No,Yes,471.873406,5000.0
No,No,1355.558927,53645.459296
No,No,969.562274,44293.568973
No,Yes,567.780398,15530.721132
No,Yes,4.699959,24185.437029
No,Yes,1170.039845,21192.315504
No,No,754.951283,40533.472961
No,Yes,980.651457,22444.339634
No,No,790.802796,30517.865678
No,No,0.0,42169.961287
No,No,1305.319383,36241.836893
No,No,592.794411,35528.4139
No,No,916.756234,45348.93743
No,No,351.194348,48229.992029
No,Yes,424.916522,19949.523506
No,No,147.92298,38967.216956
No,No,1264.923502,39208.112078
No,No,191.606497,47613.077895
No,No,845.760754,20807.991511
No,Yes,1080.133267,21128.222213
No,No,852.697253,39081.485457
No,No,1128.951373,37143.825393
No,No,1057.801142,36964.153576
No,No,868.428448,37800.606867
No,No,573.405906,47101.522941
No,No,1027.981481,36187.091884
No,Yes,1305.436086,5718.115615
No,No,705.688155,26829.640467
No,No,617.175742,39959.916919
No,No,155.636873,38298.211761
No,No,661.133031,40195.761066
No,No,441.327368,38424.209228
No,No,824.619652,57895.801457
No,No,1046.348192,26965.010189
No,Yes,1464.238221,5000.0
No,No,504.684984,63162.242677
No,No,973.727784,31752.213286
Yes,No,1465.017705,30690.627856
No,No,431.352596,36696.635158
No,No,881.223726,44943.807625
No,Yes,984.36312,14910.046018
No,Yes,1614.095408,26423.961277
No,No,874.319174,54834.117467
No,No,166.098938,57072.045911
No,No,610.59257,50214.85623
No,Yes,1150.045396,13570.134513
No,No,551.294364,34113.691563
No,Yes,545.535477,27847.640538
No,Yes,572.159975,15014.817515
No,Yes,870.830432,21547.220012
No,No,1150.253167,63885.570675
No,No,869.225856,43614.254215
No,Yes,297.549981,25695.512043
No,No,1182.120771,42541.793875
No,No,1178.458168,41254.426985
No,No,1306.089018,25414.360058
Yes,No,1794.07913,40702.70196
No,No,1639.92831,45165.359172
No,No,793.186182,51433.274661
No,No,394.354015,42151.428939
No,No,1518.175152,40515.64235
No,Yes,1304.976082,22682.451035
No,Yes,1326.105641,35446.414185
No,No,658.604813,45141.465326
No,No,1570.699903,45344.323985
No,No,1100.967155,49646.012967
No,Yes,1137.102767,23693.147441
No,Yes,1593.228083,9583.05112
No,Yes,1377.792363,12070.002548
Yes,No,1490.952778,21344.801391
No,No,840.722082,44162.627169
No,No,388.541768,39633.371428
No,Yes,565.788918,29424.604313
No,Yes,398.51432,6803.928268
No,No,490.627566,35787.10808
No,No,372.207129,55894.741674
No,No,536.476647,58356.646218
No,Yes,1338.925663,30362.668352
No,Yes,1220.993267,16442.256331
No,No,611.735294,52833.202054
No,No,1105.168709,36514.06963
No,No,715.050379,39284.682446
No,No,1178.348345,39359.572544
No,Yes,994.14301,12050.205318
No,No,699.697808,43808.345046
No,No,1076.677765,33811.125683
No,Yes,1018.97961,27322.345724
No,No,1186.704038,56827.90384
No,Yes,1844.726991,20635.093738
No,No,1421.133008,53088.697548
No,No,934.220806,48729.413571
No,No,1008.634379,46982.290018
No,No,141.945368,63544.728653
No,No,831.894035,37531.631633
No,Yes,731.567369,32417.017931
No,Yes,353.207422,17950.733203
No,No,1200.175293,45994.648437
No,No,719.891952,44564.867269
No,Yes,898.879026,17843.156138
No,No,878.363473,52171.710295
No,Yes,363.07472,22367.6038
No,No,1705.376454,52869.214669
No,No,0.0,53479.656974
No,No,1731.491182,31404.735191
No,No,347.361183,39655.179948
No,No,1042.773519,21915.097989
No,No,970.888377,26330.247876
Yes,No,1100.148877,52145.209439
No,No,93.871968,57703.069722
No,No,353.737899,36744.127003
No,No,568.855289,46723.389485
No,Yes,782.841325,32248.419821
No,No,750.464739,38725.460369
No,No,451.104205,65924.082975
No,Yes,813.141029,31316.707396
No,No,1326.335678,46415.206286
No,No,607.763849,40477.910563
No,No,1025.542257,21770.405346
No,No,836.87882,35650.127514
No,No,1328.819311,38324.919975
No,Yes,1659.119824,9125.652723
No,No,201.351667,42229.962686
No,No,564.808551,50982.555445
No,No,947.169811,45119.731803
No,No,1239.334227,38355.416101
No,Yes,1047.364891,26007.776612
No,No,467.883315,52445.72722
No,Yes,1050.004089,18045.361821
No,No,531.689646,53413.585387
No,No,334.114917,38300.685898
No,No,1257.019263,20228.317966
No,No,474.611301,40062.964819
No,Yes,970.02251,24564.4177
No,No,876.391241,54425.827573
No,No,866.857871,50440.44114
No,Yes,1118.883624,17787.857334
No,Yes,1608.209819,18429.821218
No,Yes,272.091555,32800.971093
No,Yes,745.074855,29915.687674
No,Yes,596.728734,22425.149422
No,No,287.933312,42279.75705
No,Yes,1180.03647,5000.0
No,No,1061.879588,16851.702372
No,No,1114.231736,40719.425378
No,No,235.912842,20929.937021
No,No,697.083595,47934.852196
No,No,1508.980235,34456.863062
No,No,673.035641,24658.266745
No,No,150.688056,47514.855041
No,No,836.334426,41462.351236
Yes,Yes,1626.648906,16973.509491
No,No,807.863664,51943.373846
No,Yes,1688.174981,39419.232851
No,No,924.442291,38262.040532
No,No,1087.997547,25312.159616
No,No,898.135376,29008.957228
No,No,55.781421,34664.650106
No,No,956.461612,52850.915106
No,No,1076.978853,41874.683636
No,No,0.0,55773.019218
No,No,0.0,47649.776366
No,No,708.89104,44193.642419
No,No,1081.242306,44768.940846
No,No,992.895069,45819.064478
No,Yes,1002.428576,22492.6903
No,Yes,1063.191153,13985.297491
No,No,268.804664,31936.66271
No,Yes,1408.667049,28665.423069
No,Yes,1420.318671,5859.577695
No,Yes,623.627564,5000.0
No,No,926.074543,47420.533167
No,Yes,794.513858,5000.0
No,No,816.180644,38118.027474
No,No,194.594592,53616.355586
No,Yes,1056.76498,5000.0
No,No,649.152339,29473.927533
No,No,248.938216,35097.998567
No,No,964.556127,55577.323091
No,Yes,1477.648824,22340.571979
No,No,1120.584554,55790.381251
No,No,358.023447,39924.845711
No,Yes,1172.838173,33419.78953
No,No,926.310512,38290.870192
No,No,929.286844,42339.188522
No,No,789.808148,41797.020224
Yes,No,1581.429085,58871.845473
No,No,928.193968,42588.324242
No,No,51.844291,34603.786068
No,Yes,1361.056736,20896.810512
No,No,573.086386,44463.813936
No,No,275.885976,40159.200146
No,No,46.030167,57612.04668
No,No,159.120684,48552.181984
No,Yes,999.161116,18560.029726
No,No,626.956858,39439.324281
No,No,553.972757,51172.938132
No,No,359.605406,43747.945063
No,No,949.462053,39630.608074
No,No,1134.730944,36543.649205
No,No,1282.213883,47007.939389
No,Yes,948.692704,24437.12541
No,No,1151.077566,35929.282362
No,Yes,737.486444,28636.798131
No,No,738.28943,40237.057756
No,No,0.0,43597.595736
No,Yes,1475.146929,17356.126207
No,No,248.598725,39266.577244
No,No,344.684031,42103.381042
No,No,1159.143946,42880.872643
No,Yes,1102.915725,23461.400154
No,No,1118.65663,45334.470652
No,No,1020.096578,38450.033254
No,No,534.715504,40323.532295
No,No,544.307674,20863.78388
Yes,Yes,1366.328024,18647.905691
No,Yes,1000.138049,29421.276191
No,No,749.344749,50572.089209
Yes,Yes,1523.089025,16799.414859
No,Yes,1042.174499,24525.491556
No,Yes,923.186985,27596.506143
No,No,1301.129272,50674.792627
No,No,411.164959,37444.656309
No,No,778.43812,41723.67173
No,No,413.444263,31169.188007
No,No,0.0,40289.718199
No,Yes,525.072059,25779.563831
No,No,264.721693,57655.502867
No,Yes,910.473024,26249.632962
No,No,112.832747,38485.355394
No,No,814.350683,48195.530207
No,No,889.054386,43167.151388
No,No,444.655894,34457.111873
No,No,838.4203,43494.274308
No,Yes,1043.466881,17589.351593
No,No,1340.03483,49946.254358
No,No,588.282908,63170.351495
No,No,607.408206,34145.04754
No,No,933.072739,28927.143625
No,No,742.710086,61521.311986
No,No,795.357743,61148.070888
No,Yes,900.52463,6519.057053
No,No,480.294105,43431.37061
No,No,28.642691,23308.86658
No,Yes,1402.878112,12307.059417
No,Yes,745.564603,30820.996223
No,No,775.144006,34511.937143
No,No,1653.141214,55104.594821
No,Yes,1156.891109,21196.696421
No,Yes,1043.872392,27153.326682
No,Yes,527.857256,26463.089721
No,No,847.928243,24812.045966
No,No,402.87012,46269.274865
No,No,572.343997,38929.130928
No,No,952.657182,42327.087388
No,No,866.884665,32477.536595
No,No,440.454756,34646.46498
No,No,953.218174,29728.930366
No,Yes,831.330291,18552.785722
No,No,453.660807,27903.407039
No,Yes,792.678473,19291.023318
No,No,636.186215,24584.019145
No,No,1315.176516,42052.737369
No,No,248.042106,39401.941463
No,No,401.586905,50989.396828
No,No,0.0,57010.861694
No,No,737.852058,35690.214547
No,No,290.163749,23078.493503
No,No,1155.443085,52177.281766
No,No,793.691692,49358.051874
No,No,815.626643,33007.928218
No,No,476.267132,29848.847146
No,Yes,1021.616389,20593.404971
No,No,413.921141,37121.598334
No,Yes,896.209463,11576.168707
No,No,471.337875,44207.63729
No,No,701.079635,25453.347253
No,No,1637.933091,53004.283817
No,No,492.420874,43532.669117
No,No,1037.971036,41016.228991
No,No,222.641198,43669.674598
No,Yes,1716.620458,20692.485965
No,No,287.285823,30408.249598
No,No,607.655913,50803.038408
No,Yes,1225.683769,20127.034622
No,Yes,550.185768,37828.601355
No,No,1615.475925,17538.360796
No,Yes,556.114343,24462.911766
No,No,980.19401,54052.904866
No,No,811.797258,53470.407843
No,No,604.666386,36572.484837
No,No,1201.163199,21025.047969
No,Yes,1187.789767,24486.1996
No,No,501.942266,39297.186605
No,No,1203.34736,24346.518871
No,No,904.181598,32419.564433
No,Yes,805.513626,13639.710484
Yes,Yes,1778.155523,7457.707733
No,No,319.74814,63820.756453
No,Yes,955.23399,13452.554399
No,No,566.416425,42035.417475
No,No,0.0,30815.940809
No,Yes,1139.423842,36556.705205
No,No,985.98063,38143.260686
No,Yes,1455.666799,5000.0
No,No,616.277401,45420.507792
No,No,708.683139,38013.885712
No,Yes,693.719832,10262.582372
No,No,472.894709,51973.389365
No,No,376.594228,34269.816437
No,Yes,0.0,9149.786018
No,No,1169.755834,47381.32126
No,No,492.750477,42254.305256
No,No,0.0,42274.915843
No,No,1083.178834,51783.447366
No,No,1009.456441,40544.056043
No,Yes,870.487568,26608.693548
No,No,1231.517442,48461.161765
No,Yes,1370.161191,9487.899675
No,No,741.803481,55951.694106
No,No,248.198777,44961.088432
Yes,Yes,1310.280539,28154.790271
No,No,549.224578,40083.393543
No,Yes,1145.804397,31018.418617
No,No,1086.4005,56733.748808
No,No,1387.76722,42036.612482
No,No,145.942595,32428.414239
No,Yes,319.560841,19875.820647
No,No,980.989418,15607.609317
No,No,1017.176281,55781.078914
No,Yes,1135.806402,38476.599615
No,Yes,1313.231435,26381.704731
No,No,0.0,50476.803117
No,No,885.342996,30578.760696
No,No,1329.286929,29015.299911
No,No,1350.346239,50596.191269
No,No,678.894102,60554.366984
No,No,867.618683,53789.163903
No,No,756.733383,36406.906602
No,Yes,1017.551331,32074.764655
No,No,735.305567,36666.57892
No,No,1655.860882,45267.777993
No,No,1091.90617,41698.131482
No,Yes,584.364221,10999.514503
No,No,627.5612,33048.957749
No,No,678.95059,29632.333048
No,No,550.639885,42591.160425
No,No,890.302479,46546.564763
No,No,371.038295,48072.976116
No,No,63.676882,47265.637159
No,Yes,21.159532,10664.049027
No,No,424.38918,56809.314276
No,No,579.476845,54033.366742
No,No,823.313448,41663.642277
No,No,311.184784,51055.911579
No,Yes,487.929038,11739.916734
No,No,619.70656,53277.411476
No,No,615.16168,61222.084282
No,Yes,296.142211,25565.053836
No,Yes,1245.112968,16987.963155
No,No,1042.885396,54658.174462
Yes,No,1932.67056,33340.531332
No,No,978.200416,44211.869995
No,No,1025.533552,50217.693774
No,No,1250.795051,35586.919802
No,No,682.083294,32604.686274
No,Yes,553.452024,6014.99524
No,No,1057.594402,24378.385098
No,No,594.848839,44615.65507
No,Yes,1331.730532,38615.763898
No,No,1383.92402,28673.100837
No,Yes,1757.779948,19949.672495
No,No,100.152915,45975.741702
No,No,942.010979,34147.554747
No,Yes,605.809367,32496.864018
No,No,574.390179,50510.376207
No,No,756.740444,58025.824142
No,No,1063.541909,37120.178533
No,No,1454.294071,36016.981655
No,No,1432.677826,32260.376433
No,No,715.764242,36227.244464
No,No,340.195879,48133.092297
No,Yes,265.999727,28522.742056
No,Yes,884.759225,22723.780431
Yes,No,1728.662062,55853.757669
No,No,1156.070084,37059.84858
No,No,0.0,43775.8245
No,No,626.531063,24255.160026
No,No,364.434881,44305.391613
No,No,594.358033,42818.179261
No,No,0.0,39883.275956
No,No,431.93472,45605.910186
No,No,885.193623,51508.229202
No,No,799.80106,44098.044515
No,Yes,888.297852,31750.864482
No,Yes,983.163596,24009.194895
No,No,595.267134,29026.176816
No,No,974.075099,34079.972887
No,Yes,0.0,25335.683608
No,No,402.519127,56096.557023
No,Yes,1142.363843,30676.382806
No,Yes,1597.408784,24702.49508
No,Yes,601.608234,6335.256841
No,Yes,627.333869,22529.481777
No,No,742.50959,41650.069082
No,No,576.221624,50776.354438
No,No,963.072929,49502.983526
No,No,1372.03003,45158.313122
No,No,1274.221118,17728.958779
No,No,1311.577119,46789.550103
No,No,654.746528,32714.430427
No,No,697.301849,65244.12146
No,No,1241.043143,35550.527336
No,No,475.384687,42918.928262
No,No,880.303003,45421.396412
No,No,1122.444009,46153.942263
No,No,1149.91381,39103.969174
No,No,891.704716,28141.971127
Yes,Yes,1616.443806,24243.912967
No,No,814.754343,42977.906805
No,No,996.470737,44586.736592
No,No,802.941881,47437.201073
No,Yes,1520.607017,14614.465823
No,Yes,1031.481532,13572.684414
No,Yes,658.019124,21300.270748
No,No,782.569789,42827.483367
No,Yes,401.375052,28827.892172
No,Yes,568.328449,17018.373334
No,Yes,650.245188,27350.024168
No,Yes,635.939965,24011.696488
No,No,807.127147,42694.544071
No,No,570.353804,44329.107468
No,No,343.916894,36943.646839
No,No,709.030838,37617.415646
No,No,0.0,31624.207611
No,No,267.017031,42357.157957
No,No,579.914814,53405.078906
No,No,1605.183808,46382.343975
No,Yes,1450.818448,6987.355689
No,No,1040.848395,33287.574004
No,Yes,476.503375,17413.087581
No,Yes,870.363465,17105.104353
No,Yes,1278.343849,18698.142382
No,No,833.380047,38759.146978
No,No,19.974677,41430.633356
No,No,700.873049,31696.305015
No,Yes,686.959734,5000.0
No,No,655.630957,55091.20836
No,Yes,1183.918957,24112.321546
No,Yes,175.754445,21343.297534
No,No,295.899304,38432.331753
No,Yes,1328.23332,42250.129922
No,No,783.481366,53357.302435
No,No,784.01678,26195.905923
No,No,192.554208,48236.508347
No,No,944.004216,39221.955939
No,No,1024.310746,53261.753585
No,No,1101.19441,43494.952711
No,Yes,366.53656,29151.585698
No,No,1452.615376,25129.24927
No,Yes,0.0,30619.207683
No,No,1852.725651,36620.37007
No,Yes,1164.23394,15958.953479
No,No,1179.948335,40153.091919
No,No,0.0,44206.981399
No,No,438.241991,51956.123933
No,No,942.591398,38030.885122
No,No,632.997026,38067.493114
No,No,1288.565557,38001.093045
No,No,777.653732,51846.197258
No,No,1205.200392,36232.246339
No,No,803.305335,45031.368611
No,No,611.179252,41180.290133
No,Yes,639.992835,13069.39073
No,Yes,1593.361564,28927.256026
No,No,0.0,45037.600043
No,Yes,1273.193061,27794.089996
No,Yes,1200.868482,18886.331623
No,No,1483.851339,51609.060479
No,No,0.0,53770.962033
No,No,528.211263,46980.237149
No,No,479.33203,49523.685401
No,Yes,698.46919,41797.234233
No,No,1186.705595,36251.721342
No,No,0.0,41559.361775
No,No,0.0,29502.811984
No,No,1047.801518,52854.161807
No,No,296.889069,39861.302346
No,No,309.735474,41492.583485
No,Yes,1429.680822,23692.187336
No,No,605.921484,54285.828468
No,Yes,1064.018001,5433.193383
No,Yes,1343.816036,21001.351073
No,No,559.108058,40157.957819
No,Yes,951.607505,14442.941584
No,No,127.494227,48511.311449
No,No,918.510351,42831.724109
No,Yes,553.611653,33435.064004
No,No,1406.083642,50246.89273
No,Yes,980.20746,29053.934547
No,No,526.826372,48325.937722
No,No,1025.597019,52883.409973
No,No,1028.645035,30052.904767
No,No,1656.938815,53733.702394
No,No,1232.807002,43248.179785
No,No,1010.168879,54608.611966
No,No,760.33319,36859.392996
Yes,Yes,1959.249027,26098.81892
No,No,1347.353528,44920.444074
No,No,0.0,44508.285013
No,No,1594.869552,44389.063761
No,Yes,828.321118,25778.518257
No,No,264.66496,59527.46411
No,Yes,1688.744817,27237.857419
No,No,1530.328026,45615.710098
No,Yes,1352.234065,24642.972561
No,Yes,858.279922,16749.584325
No,No,484.564066,50841.496454
No,No,1368.744595,12220.762033
No,No,671.315998,24283.864457
No,Yes,648.059036,9195.138793
No,No,535.314376,31835.575093
No,Yes,1073.00824,16297.081394
No,No,706.196765,36568.981038
No,No,1156.003232,54035.39607
No,Yes,307.655766,13164.904072
No,Yes,1593.065449,27057.121822
No,No,883.87481,50210.460183
No,No,886.581844,33941.628353
No,Yes,1427.987827,15555.809437
No,No,1197.787312,40138.295799
No,No,753.770497,59086.950387
No,Yes,1639.210505,5000.0
No,No,775.780689,46085.483169
No,No,798.027734,42004.251169
No,No,1945.753038,24932.544534
No,No,941.579422,45414.928182
No,Yes,608.562876,12317.593753
No,No,1219.779501,32618.276557
No,No,654.958155,45234.682592
No,Yes,1008.363756,11110.396147
No,Yes,396.918252,16348.096814
No,Yes,1122.504117,17551.733659
No,No,1175.923228,55267.088012
No,No,946.163274,52988.761139
No,Yes,270.081741,11534.812802
No,Yes,661.417386,6965.971601
No,No,503.61385,43281.793966
No,Yes,1077.672351,18441.904742
No,Yes,626.967102,12372.538735
No,No,1190.439743,34286.376506
No,No,62.557704,36645.319559
No,No,1091.524885,25361.977228
No,Yes,1297.690807,35715.067746
No,No,446.625117,55027.470198
No,No,622.775696,29670.787905
No,No,243.411528,28491.281218
No,No,742.315363,31919.305919
Yes,Yes,1504.113768,20269.353962
No,No,1123.015554,44829.321544
No,Yes,1015.109607,34683.315421
No,Yes,1338.855802,6804.970666
No,Yes,912.916584,26451.890407
No,No,791.037908,33321.535791
No,Yes,996.593027,12038.435494
No,No,655.573223,52333.034791
No,Yes,1218.539194,17734.907932
No,No,1307.589852,49261.524361
No,No,427.607123,68541.921247
No,No,964.546777,50809.880236
No,No,418.469513,39821.639515
No,No,492.22831,50744.840161
No,No,33.693762,35038.255337
No,No,190.017478,19821.606269
No,Yes,590.098212,36174.227705
No,Yes,105.859282,9483.32105
No,No,725.169285,42161.732627
No,No,923.747644,42453.044112
No,No,1122.178367,47353.473392
No,No,1178.726367,38048.585648
No,Yes,618.620281,14188.986326
No,No,0.0,42874.324068
No,No,590.589744,46047.422076
No,Yes,1031.789535,23910.084262
No,Yes,957.189583,5000.0
No,No,1480.537813,39820.980487
No,Yes,929.453964,29949.672561
No,No,0.0,47309.21298
No,Yes,920.700682,26628.738646
No,No,0.0,38897.69048
No,No,604.710066,25802.398953
No,No,240.151251,51029.561913
No,No,1304.652606,37726.16783
No,Yes,575.967405,19929.858251
No,No,542.470685,43559.845324
No,No,510.57584,34138.773033
No,No,335.600592,48453.362502
No,No,1007.556691,32516.492674
No,No,1620.906001,21309.014362
No,No,1110.695761,52733.632603
No,No,1396.559084,40444.272488
No,No,1012.244902,42540.781706
No,Yes,1615.721555,9888.032718
No,No,321.174252,59404.32198
No,Yes,1169.269144,22996.658407
No,No,1124.532662,42490.944943
No,Yes,1120.474329,29036.595751
No,No,658.442688,11837.213306
No,No,320.755192,36673.56771
No,No,798.648564,62739.242837
No,Yes,460.542456,26726.642394
No,No,1075.476066,63669.262388
No,Yes,861.778255,5365.194753
No,No,668.923362,40155.523613
No,No,902.644633,31863.155611
No,Yes,714.278786,14795.409996
No,No,643.056712,42565.001781
Yes,No,1576.726327,32184.855192
No,No,588.769595,38982.563322
No,Yes,1023.821663,40384.974237
No,Yes,1354.91246,14433.648521
No,No,1279.849942,49896.368248
No,Yes,866.104139,38560.584157
No,No,1268.364686,26287.52254
No,No,975.883426,39170.934027
No,No,880.012595,41606.959207
No,No,276.301053,12727.603843
No,Yes,645.415694,7258.554407
No,No,1202.25116,32058.727101
Yes,Yes,1536.639213,5000.0
No,Yes,609.618672,29009.79038
No,No,0.0,38454.610095
No,No,1171.487657,42395.151123
No,No,1112.12187,57402.356715
No,No,403.637591,49085.597423
No,No,1327.892225,38140.141183
No,No,0.0,48652.819945
No,No,824.02927,60633.489524
No,No,431.656626,44348.122402
No,Yes,624.549855,16573.76551
No,No,589.479922,56877.920545
No,No,848.089203,39291.6545
Yes,No,1885.044909,56478.672988
No,No,990.060994,35924.705004
No,No,124.924832,58593.131887
No,No,188.329568,63779.602012
No,No,820.285905,28669.990064
No,No,1617.79206,44425.534774
No,No,499.74366,40075.505654
No,Yes,804.083276,48220.610769
No,No,496.086051,52785.790456
No,No,473.286404,38750.449099
No,Yes,545.266962,17088.918654
No,No,1138.425183,53915.501274
No,No,773.606982,43939.267701
No,No,750.901112,42807.370711
No,Yes,1692.735137,5000.0
No,Yes,588.118716,42619.537572
No,Yes,1459.902037,11532.296969
No,Yes,845.116687,11555.353625
No,Yes,788.625395,18976.641036
No,No,620.273845,33710.79928
Yes,No,1563.678561,42039.279188
No,No,591.790812,35570.021655
No,No,1067.796766,37154.184088
No,Yes,647.482979,12657.796675
Yes,No,1407.724359,34884.414224
No,No,952.162331,42372.726621
No,No,227.483527,29621.982415
No,No,421.193959,46386.569253
No,No,991.087309,39082.276364
No,Yes,678.756014,19497.939567
No,No,1183.867877,42418.193497
No,Yes,1387.403547,21409.098182
No,Yes,813.625838,27391.474885
No,No,271.225212,31893.85369
No,Yes,435.57004,35653.169544
No,No,384.161515,45220.274479
No,No,527.590066,41228.656301
No,No,706.062927,48710.244959
No,No,847.402465,38135.079337
No,No,999.27984,25783.787073
No,No,0.0,47927.546364
Yes,Yes,2356.470632,5000.963183
No,No,1116.960537,23870.869533
No,No,629.587735,44783.764703
No,No,491.749521,60938.133501
No,No,322.262069,49640.448685
No,Yes,874.337315,41340.340912
No,No,171.94781,35314.29802
No,Yes,814.055807,23038.920012
No,No,819.638985,37597.630518
No,No,642.972763,45085.918377
No,Yes,108.260601,12326.577159
No,Yes,1574.726439,16189.501784
No,No,637.423913,64670.783957
No,Yes,978.76037,12829.310883
No,No,505.228794,45235.502884
No,No,596.450822,46288.202401
No,Yes,818.697199,6433.893688
No,No,474.950216,40002.087949
No,No,573.738559,41227.281204
No,No,694.071274,37808.146962
No,No,920.658187,53203.509381
No,No,151.83825,37549.681753
No,Yes,1001.67638,24173.57789
No,Yes,547.131234,21336.52237
No,Yes,524.058357,22649.709539
No,Yes,1068.114648,18037.83686
No,No,272.60873,68073.13154
No,No,1049.27101,38272.896899
No,No,294.618667,58848.325686
No,Yes,1281.403389,19629.448219
No,No,587.608122,54311.490169
No,Yes,1216.394093,28120.230782
No,No,424.140376,27647.16585
No,No,1228.593954,33432.425977
No,Yes,546.516407,13349.372767
No,Yes,1088.123053,37487.975806
No,Yes,1270.389098,13895.031029
No,No,316.633617,53431.760966
No,Yes,1417.429635,27869.807805
No,No,210.407896,23631.184534
Yes,Yes,1887.441539,34235.965221
No,Yes,1635.841462,26595.130051
No,No,548.979068,48455.39946
No,Yes,583.715939,14734.428872
No,No,1279.544708,54572.222016
No,No,245.050515,23932.45554
No,Yes,939.271061,36020.659782
No,No,764.754346,48687.172337
No,No,1368.471286,32703.955253
No,Yes,789.220791,27524.692028
Yes,Yes,1323.112281,9020.36785
No,Yes,1209.055494,24961.873986
No,No,254.431761,47601.914873
No,Yes,875.410481,15021.629081
No,Yes,1124.326199,29116.818378
No,Yes,1130.819448,33392.355966
No,No,1231.000367,41031.017061
No,No,445.180679,48074.113165
No,No,873.216106,54541.082244
No,Yes,1088.548956,33849.86425
No,No,0.0,53274.877502
No,No,798.84221,31055.523625
No,Yes,971.317931,5000.0
No,No,524.976095,48041.143019
No,No,1518.654854,71184.36359
No,No,1098.562564,28436.067029
No,No,1311.420903,56186.098005
No,No,0.0,33710.092184
No,Yes,772.136799,23660.239097
No,No,491.186337,57290.532633
No,No,758.76858,41522.826238
No,Yes,1068.443015,5000.0
No,Yes,1382.706554,42319.353837
No,No,426.409549,53257.358402
No,No,231.967844,37704.967054
No,Yes,1088.26782,20078.903124
No,Yes,1160.822421,11079.997532
No,Yes,1334.909802,20215.005457
No,No,789.784668,38912.484863
No,Yes,1174.042381,27876.026504
No,Yes,1776.716854,30806.231225
No,No,521.191463,49590.854622
No,Yes,1592.578564,10783.712217
No,Yes,982.917678,8874.379348
No,No,451.307371,54934.960653
No,Yes,882.057769,5000.0
No,No,638.848951,53133.810878
No,No,1533.933258,50438.885036
No,No,0.0,49429.93846
No,Yes,997.256367,15223.823471
No,No,987.10487,25337.364038
No,No,742.942974,49816.231768
No,No,1361.035372,19828.916897
No,Yes,837.985195,19249.454137
No,No,1279.491904,45077.373989
No,No,720.282144,48249.058426
No,No,970.441499,43053.706933
No,Yes,1154.569385,33084.517025
No,No,1802.633278,44645.478135
No,No,1033.020252,63042.150571
No,Yes,819.149732,5000.0
No,No,843.81892,27768.566803
No,No,471.976591,27594.343711
No,No,459.090071,32861.113817
No,No,838.09415,22637.219172
No,No,1346.157347,43187.451816
No,No,1808.31083,52452.228395
No,No,462.60377,42577.351759
No,Yes,275.634488,10703.937177
No,Yes,1281.214109,14864.481704
No,No,667.006926,45523.906587
No,Yes,1153.442329,32390.687338
No,Yes,818.512017,15403.021124
No,No,773.678745,64279.9097
No,Yes,881.782641,26235.322605
No,No,1345.44383,36410.770945
No,Yes,775.798155,20222.284667
No,No,317.151678,34651.556048
No,No,300.184576,33296.577987
No,Yes,1254.35893,28167.043619
No,No,0.0,34985.306292
No,No,725.85641,44546.178279
No,No,1225.852278,45221.32166
No,Yes,878.070605,18672.774022
No,No,1200.162326,33140.996307
No,No,828.958291,25368.457829
No,Yes,717.293815,21277.522006
No,No,680.576153,51708.996125
No,Yes,1239.37568,15183.004961
No,No,153.043022,33617.992154
No,No,697.822164,47495.6169
No,No,431.776681,60072.929393
No,No,1539.256753,43869.310257
No,No,244.280142,43875.752076
No,Yes,9.073001,35800.790021
No,No,1520.734054,43702.118043
No,No,617.07987,50194.26711
No,Yes,1265.878646,5000.0
No,Yes,760.589979,5000.0
No,Yes,1727.615192,28829.955934
No,No,1183.015605,24543.341272
No,Yes,1127.259287,8487.557711
No,No,1251.168953,53425.337433
No,Yes,1046.834489,35717.65412
No,No,1220.345979,51761.669249
No,Yes,1431.301775,46541.901455
No,No,1162.866707,42945.456602
No,No,1371.803715,50423.991477
No,Yes,1243.031513,22693.942275
No,No,898.845716,45548.777323
No,Yes,999.206656,32268.725963
No,No,1521.930657,29239.579527
No,No,553.760617,58431.782253
No,No,143.855053,40354.044366
No,Yes,1032.85911,12342.372475
No,No,1615.665116,30686.465331
No,No,575.920244,34152.983718
No,Yes,1281.115193,18764.746408
No,No,149.034534,61386.715442
No,No,1312.673736,46289.424829
Yes,No,1728.043728,40271.426319
No,No,462.036755,36683.73226
No,Yes,1461.401593,21462.555736
No,No,334.337131,62016.949592
No,No,517.879209,46208.952972
No,No,857.836196,58240.573525
No,No,181.012149,34350.164175
No,No,599.839633,54003.587044
No,Yes,1208.747489,20826.643719
No,No,418.216333,58235.66015
No,Yes,907.389315,13859.848163
No,No,656.7098,37284.305633
No,Yes,244.601068,5333.885913
No,No,401.14024,41407.637074
No,Yes,1376.175732,24486.575889
No,No,923.361102,53144.813084
No,Yes,1288.911422,19443.573819
No,No,568.30517,40059.966557
No,No,554.826708,30565.504585
No,No,1174.816723,42425.396607
No,No,741.9131,38697.884982
No,No,449.790549,67604.599438
No,No,0.0,41567.436009
No,Yes,1663.198683,15752.294855
No,Yes,114.652317,27215.1068
No,No,1176.465533,32208.342631
No,No,224.059361,42174.642581
No,No,789.237936,19715.912214
No,No,1149.332842,38160.760897
No,No,1146.587886,49814.452239
No,No,568.567155,35319.963564
No,No,1109.846404,51392.953546
No,Yes,1153.381121,24745.086139
No,No,819.795102,39938.261806
No,Yes,1410.638754,9196.508424
No,No,604.692977,30717.700789
No,Yes,852.160107,19889.69859
No,No,694.994374,56704.926438
Yes,No,1340.457849,37640.670516
No,No,1139.586016,38981.792314
No,No,617.698855,53171.209083
No,No,477.46248,43388.432029
No,Yes,1086.251926,26174.520659
No,No,580.674618,44796.290846
No,No,588.068131,32722.526274
No,Yes,910.79818,12171.371747
No,No,198.18028,31121.341983
No,No,632.73239,35700.755935
No,No,556.090469,54131.338421
No,No,1065.370243,33659.997493
No,Yes,967.243764,12337.652788
No,No,1070.243759,48052.554621
No,No,492.204346,47271.548775
No,No,610.797791,65504.580401
No,No,692.71868,43076.094479
No,No,133.528533,41244.659715
Yes,Yes,1450.576515,22125.865255
No,No,852.018448,61881.905263
No,No,590.168783,35198.01947
No,No,0.0,34131.297061
No,No,916.520487,25874.98924
No,Yes,297.211372,22981.1929
No,Yes,938.632928,23370.939582
No,No,706.451201,28907.322113
No,No,298.884154,51924.949394
No,Yes,0.0,39893.77458
No,Yes,64.08211,34803.134287
No,Yes,821.106315,40052.063809
No,No,637.097789,26458.978824
No,No,390.194924,35015.301127
No,Yes,1650.187511,18813.827954
No,No,1783.393607,29697.89222
No,No,900.647352,33692.282841
No,No,1090.726164,31595.549884
No,No,244.243054,41548.002388
No,Yes,1468.986884,41440.066295
No,No,1053.120133,48652.780101
No,No,989.553317,29519.827588
No,No,659.668706,32651.406264
No,No,799.329757,62333.169684
No,Yes,1345.134208,13633.461916
No,Yes,1152.177072,30313.565195
No,No,843.701859,58163.637147
No,No,0.0,46949.869552
No,Yes,857.268957,16093.446979
No,No,1058.345409,38184.173318
No,Yes,1214.872402,9345.431158
No,Yes,349.598442,29771.319344
No,No,1328.430958,42097.517796
No,No,303.759575,41702.328526
No,Yes,0.0,6347.029949
No,No,821.119547,49254.193753
No,No,537.278954,55358.304938
No,Yes,955.356662,21255.641899
No,No,0.0,52678.139108
No,No,114.99541,41210.752515
No,No,587.469944,69972.128016
No,Yes,0.0,24588.202219
No,No,646.146959,33535.864136
No,No,1160.826192,45916.638037
No,No,798.503546,49107.659361
No,Yes,438.930417,26000.383695
No,No,516.411669,54216.548078
No,No,1371.523007,51557.969331
No,Yes,218.772792,18023.863858
No,Yes,690.20667,15326.075818
No,Yes,972.307504,5000.0
No,No,513.466695,31427.950591
No,No,817.352435,40339.591993
No,No,1455.528959,49185.43179
No,Yes,865.054179,17197.85316
No,No,951.846115,52372.917874
No,No,454.489478,28225.393044
No,Yes,987.591577,22132.512728
No,No,1101.595222,43480.323176
No,Yes,701.645105,25255.004781
No,No,1604.807385,22883.571339
No,No,826.570316,35822.401041
No,Yes,298.766959,17658.308027
No,Yes,0.0,23430.151946
No,Yes,496.790326,25217.040226
No,No,1040.476938,41512.311454
No,Yes,345.431681,30597.00015
No,No,1495.994763,41144.806356
No,No,31.359359,57079.835708
No,No,806.370144,58536.037923
No,No,1183.377836,46387.356662
No,No,447.186483,29955.505
No,No,960.282581,45177.345511
No,No,582.073804,50280.209607
No,No,792.812091,44880.705954
No,No,1464.135578,32804.513581
No,Yes,866.311534,39410.052981
No,Yes,954.246422,27473.191874
No,No,0.0,33404.771032
No,No,0.0,36276.319063
No,Yes,741.354166,26145.058774
No,No,730.431886,44015.276971
No,Yes,575.192572,21725.266358
No,Yes,533.96724,13682.029364
No,Yes,147.554559,21421.944906
Yes,No,1577.524557,40004.052714
No,No,545.362492,31929.390272
Yes,Yes,1401.524695,19678.542791
No,No,700.35048,32282.442101
No,No,0.0,37228.197092
No,No,664.367142,45631.54106
No,No,538.112664,42627.703907
No,No,521.905058,58230.315634
No,Yes,1163.793285,21284.653003
No,Yes,1032.499476,32715.744458
No,Yes,1432.25731,28243.203998
No,No,437.22633,32599.368852
Yes,No,1823.906497,46192.746376
No,Yes,1084.787689,20208.072189
Yes,Yes,1627.282147,17771.058566
No,No,0.0,32435.667254
No,No,1161.343031,49205.664963
No,No,710.292247,56238.294195
No,No,1231.413007,46548.086639
No,No,1256.652046,39674.324709
No,No,330.668805,43730.958274
No,No,1087.773233,35391.668138
No,No,1003.0663,37351.788355
No,No,1518.505276,22362.93569
No,No,316.122425,51189.912803
No,No,52.606082,45502.817107
No,No,806.853588,39113.944122
No,Yes,896.506848,17378.906228
No,Yes,378.174542,5000.0
No,Yes,928.737311,19946.661855
No,No,999.805523,42013.644009
No,Yes,467.989452,35104.230787
No,Yes,1428.710851,33178.054041
No,No,442.137266,43033.47955
No,Yes,918.644993,22194.113566
No,No,1416.531069,47328.583226
No,No,1086.302556,45232.730667
No,No,1282.663872,29976.661672
Yes,Yes,1924.45233,8374.101587
No,No,733.875885,55057.720294
No,No,1092.618051,50898.94469
No,No,910.13002,43130.671005
No,No,574.801766,38554.596034
No,No,437.403079,47981.760513
No,No,934.66079,26669.853059
No,No,657.739315,47179.378475
No,No,656.648368,44354.41994
No,Yes,543.897884,34444.019446
No,Yes,561.625217,22671.106994
No,No,319.869078,62360.732627
No,No,182.884301,42902.508411
No,No,984.482079,39811.218552
No,Yes,1720.110654,33123.798744
No,Yes,1222.303315,25137.496627
No,No,1286.837476,29900.925656
No,Yes,1091.200407,29810.647353
No,No,276.585304,37845.711572
No,No,932.087231,53917.177321
No,No,1231.581273,26944.872357
Yes,No,1996.184344,40548.253905
No,No,618.720306,49312.523212
No,No,691.720967,33815.125605
No,Yes,642.959862,23113.048806
No,No,1275.828684,39903.685283
No,Yes,647.566343,17882.714417
No,No,881.807589,44724.192605
No,No,760.779557,47666.901502
No,No,1324.315794,47767.616711
No,No,1608.665579,36000.247025
No,No,781.084936,57248.826327
No,No,525.701712,51030.757783
No,Yes,506.459462,16750.498108
No,Yes,948.403188,9783.660565
No,No,1035.591733,38448.268611
No,No,1054.74638,43637.10354
No,No,1339.12354,41107.795511
No,No,1145.654803,39817.716533
No,No,372.585501,43259.258109
No,Yes,6.779192,9777.362651
No,No,1011.732515,38963.685235
No,No,377.600393,42126.762843
No,No,1400.021684,37836.998376
No,No,181.922025,38780.951139
No,No,869.352636,29391.446162
Yes,No,1426.582984,46420.449573
No,No,385.627179,45054.411854
No,No,1303.269618,37769.550411
No,No,219.99273,34477.117084
No,No,1077.844685,45656.3123
No,No,435.208354,55030.381817
No,Yes,1352.45588,17977.765444
No,No,696.822408,32054.962849
No,No,689.667052,47258.50014
No,No,507.169229,49764.511676
No,No,1039.241208,41884.751724
No,Yes,1434.539532,27816.648406
No,No,753.686106,34155.279348
No,No,756.350705,43349.785359
No,No,536.657262,54755.361093
No,No,335.909046,28237.428747
No,No,1066.659913,35465.449667
No,No,1525.493386,38523.053335
No,No,795.404788,48541.633583
No,No,1324.538728,55167.719268
No,No,457.793519,53451.031944
No,No,1190.007133,47320.114837
Yes,Yes,2026.586418,5000.0
No,No,341.517441,45082.380351
No,No,834.192584,30239.145211
No,Yes,1292.254741,24491.903103
No,No,282.214647,30846.137789
No,Yes,656.622944,15357.897304
No,No,1255.455714,53291.230815
Yes,No,1665.768587,22794.411234
No,No,411.169481,43103.072999
No,No,805.173422,47379.422567
No,No,6.937301,47752.983698
No,No,239.633555,35163.464277
No,No,937.302008,49684.109319
No,No,1118.850285,36275.859315
No,No,1162.577109,40597.886234
No,Yes,651.416038,39053.318587
No,Yes,662.539079,27199.595075
No,No,51.842358,39441.598028
No,No,583.885038,38677.591976
No,No,262.755905,38527.766877
No,No,478.290085,36695.612188
No,No,1355.28125,35184.545354
Yes,Yes,1663.228338,25393.039425
No,Yes,707.301261,11808.961946
No,No,1101.020405,27073.322879
No,Yes,262.253241,16750.170012
No,No,1634.114501,33660.077093
Yes,No,1450.780104,33561.193433
No,No,1490.357236,50108.913265
No,Yes,540.752837,14395.637938
No,No,896.463091,40728.827512
No,Yes,752.982117,16119.033632
No,No,1316.761546,37725.167155
No,No,560.182369,60213.018425
No,No,191.078816,50491.063362
No,Yes,456.654724,5000.0
No,No,641.573878,44579.09012
No,Yes,776.898918,15737.010427
No,Yes,1024.454274,34006.49168
No,Yes,818.034809,25329.235541
No,No,481.768746,40171.287135
No,No,1099.685501,30649.812027
No,Yes,736.732889,20759.596463
No,No,197.417025,47030.146019
No,Yes,1133.157359,36112.110238
No,No,0.0,31009.501501
No,No,0.0,34282.069986
No,Yes,478.611636,24418.453502
No,No,966.213066,38129.745371
No,No,363.665281,49389.947223
No,No,1204.991454,45926.782487
No,Yes,1878.592892,6460.199188
No,Yes,866.71382,20294.460779
No,No,1292.486378,43742.808467
No,Yes,612.507326,15152.867917
No,No,877.430793,45672.707512
No,No,772.286555,28442.925368
No,No,1044.067427,41364.491931
No,No,370.615505,46407.468417
No,No,50.175595,50967.409923
No,No,806.144291,39805.964046
No,No,78.813718,33381.019012
No,No,497.676689,43311.934833
No,No,1369.318823,48836.591722
No,No,462.666773,44875.448831
No,No,1048.949674,20234.298544
No,No,423.332842,37942.409189
No,No,881.944793,43770.41376
No,No,760.234301,40328.712401
No,Yes,339.413495,25733.654894
No,Yes,1110.800868,19131.241172
No,No,958.40914,35727.164866
No,Yes,1017.654829,18589.441699
No,Yes,773.631958,20383.292002
No,No,1035.400339,48100.899074
No,No,700.936358,59018.572663
No,No,326.513409,34986.293132
No,No,1035.577259,46685.867013
No,No,231.065536,32103.347865
No,No,43.382693,35742.575737
Yes,Yes,1690.296827,14777.999707
Yes,No,1664.754603,36503.177317
No,Yes,1202.888353,47379.204702
No,No,506.516852,44127.498104
No,No,973.833832,31587.35412
No,No,370.816825,45343.145352
No,No,410.151656,32202.54896
No,Yes,95.457824,9530.740964
No,No,1200.062723,54175.207395
No,No,994.852531,57424.849717
No,Yes,881.80135,23252.867082
No,Yes,1031.180676,13382.621109
No,No,1179.947575,35159.629502
No,Yes,1365.655567,5000.0
No,No,1085.660993,37512.560412
No,No,612.083472,39736.817275
No,Yes,1367.09646,22035.288366
No,No,925.625706,52522.242124
No,No,188.475187,49137.711773
No,No,896.248075,43997.195716
No,No,181.409393,49118.047701
No,No,1041.677885,45446.359688
No,No,742.879622,52195.845503
No,No,459.879769,41602.253645
No,No,574.900275,38329.287994
No,No,190.94127,32490.35076
No,No,204.345282,48151.218469
No,No,1043.132167,43136.854052
No,No,1246.060644,47109.852931
No,Yes,0.0,23534.372668
No,No,1137.162149,60597.503214
No,No,1331.774214,64415.532075
No,No,1211.199743,53907.905922
No,Yes,1303.394151,21390.812692
No,No,1279.679582,38972.140372
No,Yes,1054.540748,12701.71061
No,No,899.200656,33154.464314
No,No,1348.16745,51466.604076
No,No,1140.918327,26261.938673
Yes,Yes,2235.462604,11001.621204
No,Yes,1202.769544,35673.604194
No,No,664.037845,25392.190797
No,No,773.341647,41592.145651
No,Yes,941.260261,20295.401703
No,No,496.826395,46801.573684
No,No,1103.885193,54803.202524
No,No,158.501288,50397.53015
No,No,713.053937,27516.141256
No,No,633.187713,34976.59102
No,No,1625.079418,49237.128025
No,No,448.254711,44286.625932
No,No,1390.000097,35870.334918
No,Yes,631.504431,10087.54795
No,Yes,999.347364,15805.15073
No,No,296.684374,28893.237373
No,No,538.404311,26614.408981
No,No,860.137276,42399.179708
No,No,1229.375885,40810.371817
No,Yes,783.43496,22510.456235
No,Yes,1051.350988,27762.305966
No,No,442.123991,47357.546922
No,No,417.068898,67098.994861
No,Yes,1154.879166,24914.025365
No,No,497.251068,48663.19621
No,Yes,1842.099247,29885.166061
No,Yes,1166.467472,18736.259169
No,Yes,194.440181,35373.27657
No,No,651.422197,44537.426138
No,No,1252.07761,41755.976943
No,No,1273.007562,35360.642054
Yes,Yes,2326.080135,12179.881689
No,Yes,1270.6247,25500.140907
No,No,435.07883,55330.059888
No,No,1544.139301,26515.872661
No,No,320.404283,46813.773993
No,No,438.205911,41056.543756
No,No,683.537137,62651.883733
No,No,332.945397,31785.394511
No,Yes,1178.64631,29224.855143
No,Yes,1111.521364,11609.130994
No,Yes,1262.426452,12284.005883
No,No,1336.032858,38844.346222
No,No,701.696834,43757.865915
No,No,1002.060839,40704.497552
No,Yes,1156.787565,6993.040013
No,Yes,1044.454603,29296.141207
No,No,1039.049813,58033.385253
No,No,69.116875,30566.51202
No,Yes,1026.731526,25838.281004
No,No,219.252442,68022.01918
No,No,882.099971,44994.591586
No,No,402.042375,60679.262459
No,No,556.914425,29855.451852
No,No,762.503777,47783.428511
No,Yes,704.016532,14245.743132
No,No,15.150312,52281.566538
No,No,530.943755,46801.221426
No,No,675.252168,45105.868595
No,Yes,969.152018,20424.223261
No,No,576.302885,55359.062084
No,No,956.918556,42561.918027
No,No,914.823349,25194.822681
No,No,660.15013,54386.808858
No,Yes,1528.407652,22619.590318
No,No,102.137822,56788.223611
No,No,778.606345,35713.612606
No,Yes,1352.858911,15450.538432
No,No,0.0,50945.817942
No,Yes,1334.198309,31048.70867
No,Yes,1424.509902,20975.63195
No,Yes,883.026876,36026.848208
No,No,561.043576,58164.539688
No,No,678.05543,28608.9187
No,No,135.572107,36103.81325
No,Yes,694.460489,33394.007064
No,Yes,1271.794353,15139.115608
No,No,622.674994,20548.630093
No,No,887.151228,57876.168545
No,No,916.565182,48098.79751
No,No,796.383027,45335.474368
No,Yes,376.879981,19247.155997
No,Yes,0.0,15258.666483
No,No,517.574621,42363.196423
No,Yes,1358.519193,24124.356419
Yes,Yes,1546.971101,21163.048307
No,No,1364.412223,21947.065945
No,No,1225.012798,41249.846964
No,No,366.531288,48895.053759
No,Yes,0.0,10360.957765
No,Yes,984.791871,28102.704489
No,Yes,1114.741566,32535.075485
No,Yes,1133.56585,7882.409532
No,No,155.793935,44882.565941
No,No,1138.216801,56759.136417
No,Yes,1382.368115,21140.566596
No,No,744.99298,34663.640746
No,No,987.450687,45667.947269
No,No,1081.431189,45106.905004
No,No,0.0,56540.589147
No,No,672.50618,39584.69962
No,No,959.060772,67704.50977
No,No,755.726858,47361.11418
No,No,0.0,44579.761127
No,Yes,720.889395,28028.556856
No,Yes,675.316154,20271.137056
No,No,857.717421,44829.586889
No,Yes,725.158965,19331.281717
No,No,1263.600812,56235.854757
No,No,19.505265,40228.727552
No,Yes,1048.658765,34517.626851
No,No,828.257897,40841.808181
No,No,164.72493,43211.288687
No,No,1347.126525,40966.903388
No,No,658.761391,46917.665198
No,No,1161.604884,43083.455829
No,Yes,976.47206,24338.982424
No,No,403.922291,30742.092588
No,Yes,576.203486,18648.489173
No,Yes,699.943984,22017.360695
No,No,132.662773,51992.357073
No,Yes,1370.052515,25847.873915
No,No,835.946387,23311.441162
No,No,1085.023483,42834.101323
No,No,732.997853,32129.500906
No,No,1669.379115,48228.540293
No,Yes,414.461445,33800.343072
No,Yes,803.55416,17842.788971
No,No,1232.824778,46460.479554
No,No,592.595476,51355.032046
No,Yes,1183.025906,5811.946838
No,Yes,963.541363,31938.108878
No,No,934.64966,47334.146588
No,No,0.0,54619.364503
No,No,671.109552,46171.608544
No,No,875.374889,46663.07037
No,No,1119.470608,47748.636095
No,No,1081.461706,44075.650242
No,No,0.0,39550.973808
No,No,964.132571,29901.849938
No,No,962.971713,63033.088011
No,No,445.592721,44487.266777
No,No,979.058236,39300.077847
No,No,1343.529567,50278.719829
No,No,5.407967,50567.222213
No,No,1109.517983,50365.993221
Yes,Yes,1535.389511,7197.779851
No,Yes,353.296894,25604.053988
No,No,740.39997,33747.614373
No,No,1024.258199,38546.308964
No,Yes,878.645194,7925.20622
No,Yes,461.306055,22410.997893
No,No,1686.466201,52374.127814
No,Yes,664.987169,26149.760931
Yes,Yes,1893.564829,10808.720081
No,No,1170.819084,32258.599286
Yes,No,1475.736559,48776.205982
No,Yes,488.76884,5000.0
No,No,546.224345,41767.184406
No,No,748.526086,45555.748398
No,Yes,244.38972,28992.682336
Yes,No,2055.250769,27248.248989
No,No,767.364003,27738.557585
No,Yes,475.925226,5000.0
No,Yes,1146.32045,28345.585008
No,No,1621.189989,35299.28694
No,No,807.650156,23476.085158
No,No,1218.420416,49880.8932
No,No,398.815953,53437.118507
No,No,480.839679,68375.767852
No,No,825.343733,36324.948609
No,No,499.622027,43605.973514
No,No,1203.603152,30607.56704
No,No,415.26864,46907.724675
No,No,1440.930427,46235.436653
No,No,386.690611,39842.725985
No,No,974.502679,43798.671462
No,No,933.503822,35241.803947
No,Yes,1216.153947,15141.553681
No,No,678.661079,51632.487506
No,Yes,1362.246536,5000.0
No,No,827.207384,38547.349377
No,No,1498.685325,47953.540255
No,No,1161.883257,56023.443918
No,Yes,1046.694262,17469.429449
No,No,186.779035,43643.699099
No,No,571.922235,40915.513777
No,No,426.190894,25560.391584
Yes,Yes,1693.859062,25594.509481
No,No,593.143047,32754.755519
No,Yes,816.193813,39711.211775
No,Yes,1048.040349,30264.759287
No,Yes,804.630618,16533.425072
No,No,376.079642,30680.822744
No,No,1263.384985,31844.216801
No,Yes,208.507679,18414.554549
No,Yes,793.528057,11884.172645
No,No,0.0,52257.383346
No,Yes,1043.384938,8012.199731
No,Yes,1183.59167,34738.477627
No,No,954.089363,39711.478662
No,Yes,550.789163,16405.384324
No,Yes,311.15788,14567.640662
No,No,305.010432,33130.909186
No,Yes,326.172173,17172.54827
No,No,951.886115,22176.372094
No,No,492.325972,28952.48213
No,No,751.944819,56665.411972
No,Yes,361.516217,14652.188327
No,Yes,837.603826,23632.548243
No,No,735.636603,44277.83777
No,Yes,1282.51432,17089.240916
No,No,818.90812,44533.091729
No,No,896.64059,24599.356929
No,No,375.057815,32236.226193
No,Yes,827.408742,8069.389465
No,No,1238.96517,33190.340409
No,No,1431.704084,37495.473881
No,No,1530.645495,36199.140996
No,No,467.364641,48395.727355
No,No,1442.414406,39746.339551
No,No,381.784876,47526.35629
No,No,914.836084,49805.836396
No,Yes,1496.497137,26303.858889
No,No,239.304235,37395.362064
No,No,639.616519,39942.996522
No,No,752.370092,29724.622751
No,No,898.235892,32492.948625
No,No,0.0,51993.175184
No,No,448.260439,56545.78494
No,No,346.045517,51830.881602
No,No,468.418352,43678.639603
No,No,1556.961739,58129.250255
No,No,255.380028,30552.199212
No,Yes,844.216355,20979.856555
No,No,1152.261994,37768.761724
No,Yes,1057.75628,20405.964209
No,Yes,0.0,23186.903068
No,Yes,868.824341,14147.868603
No,No,1355.278448,45132.833769
No,Yes,1532.761451,13543.231842
No,No,256.435161,42178.482804
No,No,539.705232,26733.213584
No,No,1284.558616,31860.406572
No,No,1038.892298,49786.651531
No,No,591.922533,23552.134139
No,No,564.172451,43333.40815
No,No,682.38619,50507.515211
No,No,1029.082865,50580.887775
No,No,641.628117,51784.939354
No,No,626.760163,56071.872348
No,No,480.714057,53248.677023
No,Yes,474.697672,22722.432164
No,Yes,431.557037,8903.421981
No,No,994.678126,60203.731265
No,No,787.635315,45896.346064
No,No,1034.294987,34999.544052
No,No,663.290388,55860.656179
No,Yes,374.509752,33443.756641
No,No,1115.000268,47772.086453
No,No,644.105104,32256.393587
No,Yes,944.079384,28071.515636
No,No,868.210065,29970.231804
No,No,382.686347,36719.010331
No,No,644.62315,33712.752796
No,Yes,1377.666214,8820.226012
No,No,234.598945,27754.304345
No,No,972.192701,49940.373677
No,No,823.852072,37635.998614
No,No,852.31636,32002.266455
No,No,517.953886,42484.082179
No,No,868.307575,45689.603813
No,Yes,765.844877,20095.627095
No,Yes,879.491959,24834.925786
No,No,860.41699,50780.515907
No,Yes,1112.805374,5000.0
No,Yes,264.774622,25870.08701
No,No,1767.141459,48317.030127
No,Yes,695.321523,13891.761719
No,No,0.0,35897.596519
No,No,792.264111,38522.985096
No,No,209.065838,39146.597297
No,No,107.267446,26455.075323
No,No,348.17166,27632.33278
No,No,729.453352,58008.220765
No,No,353.693773,30285.296637
No,No,1040.917401,37916.285108
No,No,1255.03326,48948.764741
No,No,194.206008,39498.982986
No,No,36.235778,35033.341015
No,No,363.708881,53790.440851
No,Yes,1408.688204,36698.096427
Yes,No,1552.418706,26316.320157
No,No,682.014489,54619.309932
Yes,Yes,1624.921435,28800.23727
No,No,651.732271,26197.153354
No,No,523.331563,38588.920352
No,No,240.089639,48682.916335
No,No,308.774634,39175.741529
No,No,936.263647,40156.295704
No,No,658.023627,53831.012175
No,No,863.676436,65956.296779
No,No,1235.393485,64008.904343
No,No,837.561995,43392.626434
No,Yes,893.389635,13071.429096
No,No,222.984882,45077.834352
No,No,772.660297,38997.196543
No,No,954.790848,42221.931639
No,No,911.30379,47394.601937
No,No,806.29578,33899.326651
No,No,979.837713,49671.319891
No,No,635.521269,50192.193317
No,Yes,1094.127465,9303.565182
No,Yes,1218.38576,32196.390769
No,No,619.427053,39807.583587
No,No,903.188165,34964.336777
No,No,919.770863,51309.385718
No,Yes,1065.861269,7722.050197
No,No,698.341831,38887.583184
No,No,597.258298,19892.646438
No,Yes,422.200441,15423.592703
No,Yes,639.511224,18618.486989
No,Yes,1037.025873,40760.050595
No,Yes,1401.2202,23284.888487
No,No,931.275032,55592.273967
Yes,Yes,1932.221753,21769.79617
No,No,673.168537,60440.985752
No,No,333.521704,25171.40462
No,No,817.535476,38915.139933
No,Yes,1133.47168,37544.245124
No,Yes,1205.059052,13777.177054
No,No,1547.216324,57791.308456
No,No,848.54314,47850.696606
No,Yes,870.439989,38128.025759
No,Yes,613.698871,21072.029516
No,No,1063.006979,53043.680753
No,Yes,1742.508572,21767.261895
No,No,1376.332013,48212.109759
Yes,Yes,1663.692081,12777.383899
No,No,355.957626,37436.43981
No,No,842.506141,36875.882802
No,No,582.837363,50649.15524
No,No,288.488041,23883.568308
No,No,961.709698,50725.963752
No,No,160.50836,47227.564362
No,Yes,1000.305806,35629.804863
No,No,1370.182933,48303.714885
No,No,1033.182746,29739.952572
No,No,1305.022608,44715.542154
No,No,587.001493,39055.05987
No,No,611.097335,53488.946207
No,No,193.342913,40279.229215
No,Yes,0.0,13107.272649
No,No,0.0,52168.61116
No,No,1292.583971,45020.236832
No,Yes,687.967691,14523.647701
No,No,1316.776256,52299.080071
No,No,0.0,33388.202407
No,Yes,1100.004989,30615.157906
No,No,364.866543,42308.595471
No,Yes,744.218646,11230.562876
No,Yes,995.345945,18315.180657
No,No,1134.031483,50226.604881
No,No,269.753578,37864.599651
No,No,821.925946,34579.903057
No,No,1027.515678,36329.050006
No,No,360.704378,56776.689595
No,No,155.752507,36492.925774
No,No,188.64933,33779.162942
No,No,1235.243155,31234.406129
No,No,1340.536479,33854.250255
No,Yes,976.920819,25066.030774
No,No,1177.223547,31509.322041
No,No,289.527358,41876.869507
No,No,969.899388,29930.739352
No,No,338.322362,43638.516445
No,No,947.348967,39940.075296
No,No,208.284282,54897.740767
No,No,1030.557021,35650.424014
No,No,214.211777,63438.217836
No,Yes,1038.168533,8458.780934
No,No,1237.40403,52990.992627
No,No,742.140229,39284.42519
No,Yes,418.042781,11630.069975
No,Yes,785.277504,9312.049632
No,No,182.391387,28098.978467
No,No,1529.107456,30537.588758
Yes,No,1463.701353,26574.060175
No,No,464.982303,36336.594737
No,No,1068.984099,41459.822655
No,No,1337.805683,45360.506312
No,No,544.227468,46761.118346
No,Yes,908.24269,7666.090166
No,Yes,490.414832,9084.744154
No,Yes,783.127829,15263.590453
Yes,Yes,1393.046029,10828.435139
No,No,316.541293,26046.367613
No,No,0.0,52528.777422
No,No,820.45712,53552.515942
No,No,1464.814371,55184.888335
No,Yes,295.206831,27405.599695
No,No,0.0,34397.424122
No,No,94.745416,27078.34103
No,No,457.462447,49553.139467
No,No,1114.856697,45161.028682
No,Yes,743.588218,8258.125573
No,Yes,1228.591143,10837.877559
No,No,17.158202,17072.783828
No,No,186.790982,38268.972185
No,Yes,434.904699,25429.322693
No,No,576.160241,42120.362342
No,No,236.857436,30842.620802
No,No,796.81692,42942.251986
Yes,Yes,1970.403139,27554.593903
No,No,604.905767,50835.601928
No,Yes,949.855771,5000.0
No,Yes,27.489266,5000.0
No,No,875.268268,33546.048895
No,Yes,256.803613,27029.869033
No,No,808.617498,47533.46132
No,No,1616.185783,39674.857783
Yes,No,1432.030182,49757.760262
No,Yes,751.579073,29881.442763
No,No,10.102328,36496.735598
No,No,302.591233,59113.42852
No,No,622.421281,25452.727305
No,No,816.476534,41949.9765
No,No,403.985178,53789.602273
No,No,1041.183819,37115.704092
No,Yes,601.307533,40924.458547
No,No,691.685634,42724.721537
No,No,615.225411,35164.297327
No,No,707.405328,32990.826361
No,No,1264.336243,45233.119431
No,No,822.504132,35559.412434
No,No,1391.774243,49833.438571
No,Yes,1667.792783,28325.431019
No,No,133.647447,31317.335735
No,No,39.175486,41763.209135
No,No,696.099496,44338.608497
No,Yes,841.891266,23036.012565
No,No,967.712046,42436.080005
No,No,0.0,46851.453516
No,No,563.968409,45337.124783
No,No,595.048065,46081.831993
No,Yes,1026.176735,29172.740712
No,No,1011.764516,38778.464269
No,No,565.765398,36811.894778
No,Yes,821.026731,27568.997281
No,No,787.015323,48345.943002
No,No,1322.943317,39011.742032
No,Yes,831.246447,17449.048246
No,Yes,720.184564,11021.313556
No,No,894.772858,37168.435754
No,No,281.586393,37594.026874
No,No,335.025815,65197.509286
No,No,596.708696,39005.834482
No,No,780.883638,33697.234833
No,No,0.0,47064.280957
No,No,1274.590387,46337.455835
No,No,28.408937,55365.689352
No,Yes,1354.957903,7087.667291
No,Yes,1276.907171,12977.126377
No,Yes,735.877518,5000.0
No,Yes,489.36332,5000.0
No,Yes,895.672316,20711.044218
No,Yes,1339.161064,28238.681779
No,No,1176.563307,49857.762824
No,Yes,818.159154,8611.70488
No,No,522.236364,54066.310876
No,No,695.906199,42854.15799
No,No,930.629092,35636.11044
No,Yes,1062.69315,9966.867361
No,No,821.829542,54030.876524
No,Yes,1020.530528,23360.154914
No,No,530.836751,31041.259171
No,No,930.60073,40516.57031
No,No,170.744838,46010.824804
No,No,1174.898022,31096.650309
No,No,1154.437116,27507.696058
No,Yes,1396.136231,31916.011321
No,Yes,1427.538802,11512.203377
No,No,754.155307,36275.055427
No,No,379.226073,37319.707267
No,Yes,1517.18402,16087.996801
No,No,1484.79486,55891.422115
No,Yes,656.415459,15756.764334
No,Yes,466.852666,15396.567714
No,No,259.148337,43261.965363
No,No,1712.158958,37532.527161
No,No,1101.233342,32158.033997
No,Yes,1297.060961,24171.398239
No,No,469.343717,60718.929036
No,Yes,536.085757,25347.0902
No,Yes,1759.48572,21556.431765
No,No,1395.416281,37360.271803
No,No,1330.572502,60381.97171
No,No,298.095566,56598.264906
No,No,799.238573,40887.314826
No,No,814.263702,49540.226298
No,No,903.17023,35655.437855
No,No,539.97119,64579.319432
Yes,Yes,1712.634855,9623.020333
No,Yes,602.972336,21462.716435
No,No,445.12905,41587.993707
No,Yes,641.287628,37106.884217
No,Yes,767.788626,31129.210377
No,No,1651.809367,35989.097521
No,No,1191.368281,30227.046239
No,Yes,969.242464,17476.692413
No,No,615.796467,29023.33999
No,No,782.086593,53510.101059
No,No,1028.224029,27890.051885
No,No,52.29953,34799.975256
No,No,597.341568,52411.235332
No,No,1076.67118,62278.533991
No,No,633.466968,46141.860952
No,No,792.511505,34829.486188
No,No,859.261619,31978.583115
No,Yes,1212.301306,26549.427583
No,No,753.358421,54112.342437
No,Yes,1012.059796,20143.16384
No,No,259.831548,42806.662358
No,No,1244.875858,37640.760728
No,Yes,1288.409715,5000.0
No,No,944.364163,47712.149707
No,No,668.436032,45862.978396
No,No,89.159937,48350.537459
No,Yes,805.571953,21198.449324
No,Yes,1448.836745,29316.247121
No,Yes,579.323298,10108.067157
No,No,848.240643,39853.154942
No,No,811.472937,47833.716273
No,No,645.200899,33087.658244
No,Yes,1009.301241,34960.401415
No,Yes,1350.526533,29721.948153
No,No,315.157526,49809.07292
No,No,464.589451,40871.357228
No,No,1005.903548,43442.977851
No,No,1539.914344,41170.055209
No,No,386.068642,41701.376519
No,Yes,1240.082334,12228.262866
Yes,No,1202.208902,41153.202074
No,No,1455.134034,42976.712834
No,No,1156.922664,33779.61249
No,Yes,1601.498902,5000.0
No,No,1113.785331,49799.431216
No,No,87.18526,55947.019496
No,No,1191.833423,43582.221286
No,No,1232.876822,27655.598774
No,Yes,822.696915,18645.74284
No,No,1189.158946,46440.869093
No,No,832.388237,30225.298429
No,No,1016.306781,39539.565557
No,Yes,1250.009669,17337.219259
No,No,1101.354722,41214.400697
No,No,373.663783,43923.069923
No,No,1171.590721,34107.829814
No,No,1211.662826,49422.008711
No,No,414.759319,40174.283759
No,No,737.260394,38369.124741
No,Yes,1260.692468,5294.825004
No,No,618.717536,45994.957173
No,No,0.0,34223.863107
No,No,673.919036,33510.993264
No,No,736.690898,40790.581515
No,Yes,1191.537058,22557.188166
No,No,1017.253097,48315.123161
Yes,Yes,1634.984732,18475.363621
No,Yes,734.040908,16351.168464
No,Yes,1229.221493,36884.177823
No,No,355.070544,58604.226338
No,No,684.536011,26761.22156
No,Yes,1116.176823,16463.143162
No,Yes,866.650301,21462.329462
No,No,851.047496,46778.923342
No,No,1078.047963,36220.960415
No,No,1357.2268,31329.275036
No,No,824.776985,35926.2778
No,No,938.444511,35780.664307
No,No,2147.790873,32596.831502
No,No,878.506602,38081.435062
No,Yes,1636.610037,22912.112327
No,No,474.764255,38509.235579
No,No,707.772873,18932.528621
No,Yes,1072.97136,17709.572365
No,Yes,479.894301,20727.308798
No,No,791.542804,37831.835104
No,No,688.29423,35130.121581
No,No,1353.583779,39334.991107
No,Yes,901.290924,12068.30451
No,No,354.21412,42496.063239
No,No,1199.737189,48999.679476
No,No,1097.001872,40663.004666
No,Yes,260.531975,16913.625204
No,Yes,1666.483973,12265.938704
No,No,570.856565,29132.302539
No,Yes,957.101754,23760.260183
No,Yes,1012.132144,16272.947406
No,No,222.042889,32844.94256
No,No,1024.435575,26599.118095
No,No,649.072103,25729.895426
No,Yes,700.504934,17080.894478
Yes,No,1652.645587,49074.904242
No,Yes,1241.013445,24762.676305
No,No,816.925908,35163.077178
No,No,289.160498,37973.515061
No,No,710.116307,32240.252775
No,No,288.099498,28906.242439
No,No,1092.217698,38128.137506
No,Yes,1160.85385,13778.242697
No,Yes,1058.5773,18931.70926
No,Yes,532.827766,41137.202512
No,No,317.069451,48236.245097
No,No,842.195003,26869.177982
No,No,1408.776881,40089.019654
No,No,693.039469,34531.374512
No,Yes,1307.52507,15070.489341
No,No,1040.320193,51494.482934
No,No,96.419211,45988.898783
No,No,1585.476063,52256.139412
No,Yes,1062.835003,17805.906771
No,Yes,1156.417394,22405.611999
No,No,1275.931487,49984.359285
No,No,457.074165,28178.214827
No,No,393.009483,38399.372995
No,No,1053.839284,45784.988274
No,No,0.0,41914.22077
No,No,1331.730314,50504.067292
No,Yes,97.070286,15242.854194
No,No,628.960983,47253.952269
No,Yes,1156.8423,15962.22523
No,No,321.01992,32391.000703
No,No,918.999316,54825.947156
No,Yes,531.928352,8735.362465
No,No,1357.501057,35148.305522
No,No,1047.698745,39678.470029
No,No,936.907667,33497.5062
No,No,67.916049,47710.66107
No,Yes,154.631452,18813.084941
No,No,819.993443,48712.224284
No,No,597.864236,27787.648706
No,No,1416.357175,32482.058921
No,No,689.261225,44309.937083
No,Yes,1066.589423,21305.186754
No,No,825.263182,26513.902847
No,Yes,41.970445,12094.613303
No,No,1742.79339,48987.166382
No,Yes,777.001093,5000.0
No,Yes,967.154514,30070.874756
No,Yes,765.745996,13968.856927
No,No,470.232203,31884.249363
No,No,759.481739,44239.419925
No,No,303.209662,41633.231044
No,Yes,1163.311724,41023.170045
Yes,No,1861.99197,47730.68996
No,Yes,947.94439,33145.380581
No,Yes,530.318661,24760.286738
No,Yes,789.076278,18922.480388
No,No,1275.326592,45859.720964
No,Yes,1366.414747,16800.399024
No,No,521.835789,49311.920224
No,No,743.065452,47618.426988
No,No,435.756049,48311.126298
No,No,1175.294666,43930.467782
No,No,1066.567815,39151.387817
No,Yes,1035.664818,8361.307029
No,Yes,492.819179,14230.15088
No,No,0.0,45250.638386
No,Yes,459.590162,15322.844231
No,No,485.072866,38441.73563
No,Yes,115.020952,11592.302503
No,No,488.069596,46863.307203
No,No,0.0,42216.111576
No,No,719.406441,28952.386336
No,No,374.762213,55438.759458
No,No,0.0,40751.130992
No,No,182.456837,56091.412246
No,No,802.26042,36560.203842
No,No,379.391141,26896.792356
No,No,670.417522,35626.079103
No,No,0.0,44234.327075
No,No,696.193121,49402.112491
No,No,679.500379,49156.117991
No,Yes,1061.25737,26485.349018
No,Yes,307.221266,9573.712661
No,No,1098.978482,49059.60394
No,No,1045.459332,44271.827043
No,No,762.295012,46325.194034
No,No,0.0,66904.564274
No,No,467.956323,29416.393265
No,No,1215.151378,45970.067724
No,No,887.080531,64091.799949
No,No,713.257959,33276.143698
No,No,762.210492,43323.300198
No,No,23.796192,35975.123804
No,Yes,879.040471,34749.751
No,No,0.0,48485.563389
No,No,513.353852,28774.084024
No,No,913.451012,37070.568552
No,No,953.558019,39064.985212
No,No,424.837583,42458.364878
No,No,1151.810648,41732.110711
No,Yes,516.985421,22506.704555
No,Yes,923.273883,5000.0
No,No,1364.390689,43464.59648
No,Yes,951.600834,14207.108053
No,Yes,1106.204563,15431.901844
Yes,No,1687.512548,47420.677933
No,No,21.109967,44241.1091
No,No,329.91212,42684.237193
No,No,1125.779591,38390.040783
No,Yes,1540.419696,24153.84061
No,Yes,1455.732585,21946.324217
No,No,1123.914572,26732.909879
No,Yes,1510.998587,24500.829184
No,No,938.751575,48995.75909
No,No,370.778989,45555.061173
No,No,727.294026,45770.769537
No,No,723.681201,42355.147069
No,Yes,1330.016275,30815.001669
No,No,1184.773209,64306.255402
No,No,252.997223,29568.078123
No,No,603.180819,25141.506214
No,No,675.463269,35692.051714
No,No,1258.810043,24973.789274
No,Yes,1084.194051,23797.4225
No,No,732.309161,33362.283503
No,No,1486.92224,36717.350007
No,Yes,637.117633,31958.727143
No,No,549.007709,40844.789513
No,No,1234.39498,34490.347119
No,No,566.743955,35715.62727
No,No,143.961722,24759.120542
No,No,0.0,50974.955941
No,Yes,1315.948334,17665.604803
No,No,542.432699,39461.193644
No,No,740.284756,23050.404997
Yes,Yes,1506.055696,24275.483941
No,No,313.779931,43035.934505
No,Yes,602.968556,7364.680923
No,No,1265.295875,52037.563433
No,Yes,894.941649,25423.12557
No,Yes,326.45711,20223.197118
No,No,1020.65501,41426.138161
No,No,624.859889,35143.432
No,No,993.59791,48375.940305
No,No,1037.406075,27274.928305
No,No,584.480958,38628.710618
No,No,747.676082,51879.601359
No,No,815.263615,45476.082779
No,No,0.0,44901.725601
No,No,1183.519731,38913.962193
No,No,609.381223,44672.324165
No,No,1401.40561,35427.336902
No,No,568.175361,43004.579171
No,Yes,1374.848674,10925.851907
No,No,699.40017,29909.889574
No,Yes,0.0,12959.207161
No,No,1053.99214,36012.611362
No,No,590.190544,46500.125545
No,No,860.705087,56190.832815
No,No,1342.977408,53448.070352
No,No,964.949845,35427.099433
No,Yes,508.229732,5000.0
No,No,404.104707,31804.62018
No,No,426.817361,38130.0473
No,No,1494.907142,26832.730394
No,Yes,1093.931833,41076.669982
No,Yes,360.736939,29289.82396
No,Yes,1214.082198,15370.281338
No,No,0.0,35025.881962
Yes,No,1694.42159,52336.721693
No,Yes,359.108779,26392.778737
No,No,386.798365,26847.389324
No,No,373.598854,36056.940521
No,No,1346.03987,38723.188286
No,No,755.226157,40230.453419
No,Yes,1086.865871,19972.703825
No,Yes,1278.168236,5000.0
No,No,720.343292,22975.708004
No,No,1067.614197,43133.005739
No,No,1483.144408,45111.55716
No,Yes,801.860237,24068.493772
No,No,0.0,49838.806503
No,No,1074.489975,46296.628988
No,No,289.286592,57525.225604
No,No,0.0,46239.704167
No,No,158.430119,43613.609462
No,Yes,1072.216906,17721.913601
No,No,1156.955119,54001.400178
No,Yes,1192.388937,14099.413401
No,No,1165.093658,34145.796182
No,No,1576.478456,23636.282883
No,No,0.0,59093.978814
No,Yes,438.941407,22993.841112
No,No,1025.703686,25500.528144
No,No,862.863611,56778.150536
No,No,610.067366,52249.68431
No,No,1323.431368,26286.062887
No,No,571.407544,38243.369565
No,No,1339.252215,43761.705881
No,No,954.023761,56437.427651
No,No,1000.401541,50152.637734
No,Yes,636.381548,11569.78901
No,No,1040.890278,35068.266841
No,No,321.94374,53233.72105
No,No,359.410252,58484.7574
No,No,1113.279237,48222.614156
No,No,452.525924,28917.833891
No,Yes,131.304219,14936.112888
No,Yes,1432.543507,8616.899599
No,No,1195.198095,43261.698189
No,No,785.277032,58200.374676
No,No,230.172232,44939.630673
No,No,543.282032,40652.15633
No,No,232.596188,29299.884936
No,No,594.790184,46990.310941
No,No,1510.486508,51121.806876
No,No,1124.183416,45870.907977
No,No,852.596742,32453.31247
No,No,779.411459,42087.810117
No,Yes,700.845011,26665.949522
No,No,1113.209837,14627.970985
No,No,1082.747882,36238.136051
No,Yes,1382.501216,27012.64139
No,No,828.426935,39375.592633
No,No,1391.316242,59231.570111
No,No,546.060629,50803.391325
No,No,799.077874,39612.524028
No,Yes,1357.995201,14150.842702
No,No,1303.038066,24567.413781
No,No,677.401772,31297.161828
No,No,1315.055554,55908.124166
Yes,Yes,1958.59111,17088.654463
Yes,Yes,1437.984154,35049.315658
No,No,390.68315,44272.52208
No,No,738.876143,36297.833037
No,No,865.697329,48737.870404
No,No,751.287839,46099.267058
No,Yes,1355.208572,40761.13935
No,Yes,1000.494782,37970.002622
No,Yes,653.877263,16224.09713
No,No,997.735241,51654.739736
No,No,1447.636723,51367.304506
No,No,686.665043,61663.863885
No,No,534.476374,62695.462922
No,No,0.0,36500.552342
Yes,No,1829.493724,28282.19321
No,No,734.676622,41224.727626
No,No,0.0,45231.699398
No,Yes,699.613399,30745.098673
No,No,617.463793,48423.846715
No,No,705.308481,55491.907031
No,Yes,1004.470761,21188.823341
No,No,674.682774,58948.953595
No,No,794.301629,62589.822948
No,Yes,766.225069,15211.802139
No,Yes,0.0,25932.297443
No,No,0.0,34645.012288
No,No,0.0,49184.589157
No,Yes,939.897746,15458.050406
No,No,445.774799,27215.452893
No,No,971.176329,47007.840014
No,No,97.904747,33880.930066
No,No,902.422079,43045.234043
No,Yes,1071.944644,5000.0
Yes,Yes,1913.681644,23701.556962
No,No,691.321004,33611.274412
No,No,844.899619,55135.890795
No,No,1310.492867,55280.17047
No,No,810.245296,40039.747212
No,Yes,948.874938,16139.099237
No,No,878.462019,33497.156223
No,No,550.494846,43283.512866
No,No,0.0,32518.826213
No,No,601.708367,50854.96
No,No,954.416817,51328.921291
No,No,1123.43328,39331.237194
No,Yes,171.986623,27111.778287
No,No,1014.394315,38796.082713
No,No,1141.814967,45324.018489
No,No,941.153178,55788.547452
No,No,459.515443,39444.818139
No,Yes,1060.166948,25406.527724
No,No,501.976422,56878.489691
No,No,723.01379,41556.060512
No,No,809.78599,33841.491282
No,Yes,1144.659673,10904.824969
No,No,1082.170681,40472.199785
No,No,835.853531,37295.981732
No,No,457.119678,48002.988719
No,No,468.79014,39746.291097
No,Yes,807.861745,13559.755971
No,No,1152.343582,38467.680897
No,No,1099.527069,41634.045856
No,No,565.20486,40774.616232
No,No,961.234242,32219.754142
No,No,847.569207,37365.675419
No,No,819.402464,37340.373547
No,Yes,94.040702,21376.740939
No,No,337.911966,64851.980306
No,Yes,1210.815798,15489.331608
No,No,689.518061,47834.678301
No,No,403.761412,60921.608498
No,Yes,1377.980366,25309.655646
No,No,992.945466,34341.446309
No,No,973.463317,54475.293976
No,No,309.521008,42362.828932
No,Yes,1296.80063,39231.103357
No,No,854.949675,38254.819196
No,No,89.774317,30709.625787
No,No,160.582143,48573.082607
No,No,1122.618606,35832.611698
No,No,897.073584,18257.932509
No,No,558.303536,24683.020476
No,No,811.25719,52965.732206
No,No,1089.462918,34903.989519
No,No,0.0,40371.280091
No,No,1424.050288,38412.901666
No,No,716.745043,49695.030543
No,No,781.012053,33418.178921
No,No,699.553867,32517.6482
No,Yes,1035.760047,15941.073835
No,Yes,1030.842931,11366.210883
No,No,33.098721,52557.30455
No,Yes,759.45917,23741.289797
No,Yes,869.465278,15196.359851
No,No,1283.794757,36265.085517
No,Yes,1313.609393,16113.021515
No,No,480.106102,41406.225897
No,No,1052.913568,57005.414903
No,No,692.376142,59403.39463
No,No,1220.210993,39574.467654
No,No,1128.78485,44171.757584
No,No,0.0,55971.826448
No,No,597.736265,19195.039246
No,No,887.694432,39863.943989
No,Yes,828.839938,18557.493316
No,No,1309.774003,55897.506083
No,Yes,942.82716,13005.000843
No,No,957.238953,41068.086677
Yes,No,1665.217667,38243.009629
No,No,1481.770492,51520.872382
No,Yes,1277.931391,43948.064148
No,Yes,633.379191,14006.425453
No,No,389.105258,52612.85558
No,No,435.926838,45131.13144
No,No,794.268318,50216.849547
No,Yes,1201.190839,7644.43486
No,No,1.193281,18111.668879
Yes,No,1639.440145,36400.834355
No,No,292.289144,72611.588902
No,No,678.069723,59154.867394
No,No,874.221854,50672.246328
No,No,314.133914,43643.554496
No,Yes,527.099332,21964.880172
No,Yes,964.910388,26522.91556
No,No,536.749175,46087.005776
No,No,739.160027,33968.781995
No,Yes,722.741381,12980.004017
No,No,620.445494,27556.830589
No,Yes,910.987564,5000.0
No,No,630.099453,35605.924488
No,No,611.949232,45282.223726
No,No,1119.538565,33906.710705
No,No,1038.256861,42251.912303
No,Yes,559.1669,5000.0
No,No,889.939905,49539.742647
No,Yes,219.48772,10404.649333
No,No,0.0,53269.940061
No,No,663.687862,30736.071715
No,No,1085.940333,51184.441747
No,No,1185.822949,35752.282272
No,No,1218.513079,29449.006488
No,No,689.565421,44360.831675
No,No,476.063293,56993.423404
No,No,934.317947,39524.034257
No,No,1516.242221,49857.116316
No,Yes,705.234799,12065.645676
No,No,357.07681,34484.111162
No,Yes,392.506587,27686.703478
No,No,1226.925107,26778.969198
No,No,1178.974553,44604.219498
No,No,557.212234,32091.15232
No,Yes,967.183614,13511.832378
No,Yes,996.238523,31458.088037
No,No,453.777186,44485.789902
No,Yes,1068.338657,28620.494321
No,Yes,601.378669,14306.358598
No,No,984.854573,44529.2251
No,Yes,1485.561239,26281.590509
No,No,662.964071,36778.198384
No,No,441.623467,40516.451758
No,No,895.859161,40133.317245
No,Yes,522.509848,28688.187506
No,Yes,1386.642125,18169.336137
No,No,341.800378,39759.616433
No,No,828.584627,47732.100036
No,Yes,731.691072,17832.249751
No,No,846.301362,39526.239454
No,No,226.617931,40207.397141
No,No,423.679636,43909.615679
No,No,669.06159,39186.816724
No,Yes,1261.637035,16441.393634
No,No,1505.006063,22327.675507
No,No,1386.272835,49245.253812
No,No,340.356178,43369.407372
No,No,956.038052,38572.04867
No,No,1211.311979,37418.830989
No,No,444.5314,35426.054295
No,No,497.178251,33226.495186
No,No,567.608429,43963.864471
No,Yes,888.183568,16588.444823
No,Yes,949.747351,20553.428625
No,No,445.972052,40897.675012
No,Yes,228.932055,11411.323278
No,No,1027.466804,45815.787556
Yes,No,1847.161651,35334.31675
No,Yes,1185.623243,25211.354949
No,No,366.009031,61018.091894
Yes,No,1516.119555,27182.434625
No,Yes,1021.967998,10238.17727
No,No,542.113216,32929.820234
No,No,890.626315,36520.421903
No,No,695.25622,22050.314546
No,Yes,382.027926,22443.880857
No,No,676.219351,56071.746811
No,No,1115.457723,52947.793834
No,Yes,1142.033331,24449.868407
No,Yes,1183.625803,21975.424756
No,No,1108.485802,49646.741809
No,No,608.213931,40737.810835
No,No,1019.564158,23450.698627
No,Yes,930.299675,21596.77158
No,No,1198.921501,24769.913909
No,No,239.814756,57863.181999
No,Yes,540.040568,34419.585942
No,Yes,669.547186,21703.693589
No,No,1183.66724,40758.455985
No,No,99.538207,47422.540122
No,No,891.365849,28441.117921
No,No,236.057196,43804.469133
No,No,515.608608,58689.807126
No,Yes,856.606372,9673.558658
No,No,105.845933,32459.185068
No,No,1289.424857,50826.40735
No,No,248.994372,34007.886764
No,No,1088.313196,37917.627588
No,Yes,318.076789,14756.108371
No,No,916.681808,54078.78643
No,No,274.302276,45832.18611
No,Yes,1233.869554,13410.976693
No,No,279.405815,41764.806926
No,No,1369.722134,46962.601291
No,No,647.790676,40879.393476
No,No,406.940949,28596.979445
No,No,725.855431,39771.332738
No,No,634.490284,55745.010569
No,Yes,1343.163525,25155.429976
No,No,359.728124,40730.122648
No,Yes,1231.198033,31144.427691
No,Yes,1575.797442,26265.424
No,No,486.844471,40249.223232
No,No,853.691503,49735.242915
No,Yes,1142.424837,15903.60367
No,No,570.205434,56307.897503
No,No,859.050704,48539.6363
No,Yes,652.555909,5497.888524
No,No,1478.905176,53694.562658
No,No,1410.097312,46057.458311
Yes,Yes,1870.992711,17116.873349
No,No,847.212299,50217.762401
No,No,1289.377248,59408.915815
No,Yes,564.221054,16138.341233
No,No,724.039017,34117.745814
No,Yes,1037.201393,16807.25286
No,No,1167.260773,50361.14023
No,No,1045.260914,50991.281568
No,No,64.10991,33655.361417
No,Yes,143.472347,7715.892654
No,Yes,876.897657,5165.895583
No,Yes,211.157981,5000.0
No,No,767.160969,34174.181331
No,No,1192.543463,33246.04245
No,No,1122.757746,27721.409207
No,No,621.255542,43495.627276
No,No,1539.06817,31033.155451
No,No,837.480381,36605.567663
No,Yes,1440.864628,21460.909124
No,Yes,650.718119,37915.101278
No,No,575.287543,48922.641169
No,No,707.413609,34351.586257
No,No,487.524433,49041.739385
No,No,901.981572,43744.964759
No,No,232.197225,20942.137568
No,Yes,872.629839,30897.466632
No,No,830.320881,26356.285682
No,No,1071.856402,33521.21026
No,Yes,39.667136,27440.693128
No,No,222.429962,38519.356358
No,Yes,49.856956,10030.837431
No,Yes,1427.611489,11615.144554
Yes,No,2225.981221,35103.32392
No,Yes,1611.209402,12045.907527
No,No,1775.749175,36325.125227
Yes,Yes,1648.119424,29213.252802
No,No,234.567437,37819.058148
No,Yes,669.373711,21905.278792
No,No,437.657096,47976.941349
No,Yes,1340.780673,17772.150438
No,No,100.825697,46631.2023
No,No,1055.860847,24281.300956
No,No,0.0,51629.791407
No,Yes,653.756696,9229.745319
No,No,856.173739,25925.219116
No,No,395.032716,44160.582364
No,No,800.583713,43289.290321
No,No,1140.02391,49890.45292
No,No,320.37912,24657.82399
No,No,478.345606,30017.862755
No,Yes,1009.207414,25406.570275
No,No,856.169439,40630.09693
No,Yes,288.829412,29625.992675
No,No,1218.468084,46998.689664
No,No,682.689652,57150.469021
No,No,218.294947,40007.637943
No,No,1082.128225,48418.598329
No,No,677.053053,55023.935573
No,No,1168.223063,20960.978145
No,No,649.055644,14004.737015
No,No,1124.566506,50586.815982
No,No,1610.11308,46342.009089
No,Yes,885.178886,20849.726009
No,No,1429.665508,33332.165738
No,Yes,1248.173325,23680.75592
No,No,785.592245,47368.786814
No,No,445.158247,59689.470474
No,No,1119.07613,47696.191972
No,No,768.851494,50309.272034
No,No,791.979762,43544.136805
No,No,875.430498,45876.478646
No,No,0.0,41245.609645
No,Yes,454.217364,5000.0
No,No,676.53145,29400.506579
No,No,790.583608,58694.299569
No,No,1420.789232,38740.92832
Yes,No,1330.57717,38393.279952
No,No,568.999935,35958.832051
No,Yes,839.481747,18809.495887
No,Yes,149.332953,26083.574206
No,Yes,1105.421193,26286.89947
No,No,1085.866555,36662.427326
No,No,1242.385038,29463.23667
No,No,1134.149354,45328.239002
No,Yes,1069.293889,5000.0
No,No,636.257955,25861.5529
No,No,438.070743,29711.53333
No,No,733.362433,37408.253569
No,No,944.275045,39934.297831
No,No,976.24888,46063.306235
No,No,0.0,48993.901166
No,Yes,500.477955,8746.055481
No,No,713.876846,45938.011422
No,No,527.113625,55238.387615
No,No,13.399741,34257.146051
No,No,723.50308,44180.193643
No,No,719.245176,33644.18915
No,No,955.730525,48451.12631
No,No,1124.426309,36003.773572
No,Yes,1166.829652,13624.375719
No,No,1164.340218,45142.077556
No,No,1114.101414,36783.313613
No,No,889.432154,48139.816188
No,No,641.49546,25507.873059
No,No,806.474742,41968.169322
No,Yes,1060.150375,28375.828975
No,No,790.576618,45658.025524
No,No,1334.406074,43425.476169
No,No,40.193089,51242.675197
No,No,147.220064,42527.043313
No,No,0.0,46215.581357
