year,age,maritl,race,education,region,jobclass,health,health_ins,logwage,wage
2004,55,1. Never Married,1. White,5. Advanced Degree,2. Middle Atlantic,2. Information,2. >=Very Good,1. Yes,5.502227,245.237523
2005,43,2. Married,1. White,4. College Grad,2. Middle Atlantic,1. Industrial,2. >=Very Good,2. No,5.174552,176.717374
2008,35,2. Married,1. White,2. HS Grad,2. Middle Atlantic,1. Industrial,2. >=Very Good,1. Yes,4.780737,119.192113
2005,56,2. Married,2. Black,1. < HS Grad,2. Middle Atlantic,1. Industrial,2. >=Very Good,2. No,4.742728,114.746788
2005,35,2. Married,3. Asian,2. HS Grad,2. Middle Atlantic,2. Information,1. <=Good,2. No,4.607743,100.25763
2007,77,2. Married,1. White,5. Advanced Degree,2. Middle Atlantic,1. Industrial,2. >=Very Good,1. Yes,4.993272,147.417937
2009,18,1. Never Married,1. White,3. Some College,2. Middle Atlantic,2. Information,2. >=Very Good,2. No,4.528492,92.618799
2003,68,2. Married,3. Asian,4. College Grad,2. Middle Atlantic,1. Industrial,2. >=Very Good,1. Yes,5.182162,178.067436
2007,73,2. Married,1. White,2. HS Grad,2. Middle Atlantic,2. Information,2. >=Very Good,2. No,5.355754,211.82359
2004,23,2. Married,1. White,1. < HS Grad,2. Middle Atlantic,1. Industrial,1. <=Good,2. No,4.71856,112.00682
2008,35,1. Never Married,1. White,4. College Grad,2. Middle Atlantic,1. Industrial,2. >=Very Good,2. No,5.201437,181.532991
2006,19,4. Divorced,2. Black,4. College Grad,2. Middle Atlantic,2. Information,2. >=Very Good,2. No,4.85961,128.973873
2003,25,2. Married,1. White,4. College Grad,2. Middle Atlantic,2. Information,1. <=Good,1. Yes,4.963803,143.137085
2003,63,1. Never Married,1. White,5. Advanced Degree,2. Middle Atlantic,2. Information,2. >=Very Good,1. Yes,5.201643,181.570267
2007,49,2. Married,2. Black,2. HS Grad,2. Middle Atlantic,1. Industrial,2. >=Very Good,1. Yes,5.197909,180.893639
2007,68,2. Married,1. White,4. College Grad,2. Middle Atlantic,2. Information,2. >=Very Good,1. Yes,5.49204,242.751916
2004,29,2. Married,1. White,3. Some College,2. Middle Atlantic,2. Information,2. >=Very Good,1. Yes,4.642627,103.816726
2006,47,4. Divorced,1. White,2. HS Grad,2. Middle Atlantic,1. Industrial,2. >=Very Good,1. Yes,4.916952,136.585651
2006,29,2. Married,1. White,2. HS Grad,2. Middle Atlantic,1. Industrial,2. >=Very Good,1. Yes,4.658477,105.475297
2009,57,1. Never Married,1. White,4. College Grad,2. Middle Atlantic,2. Information,2. >=Very Good,1. Yes,5.633,279.499392
2004,46,2. Married,1. White,3. Some College,2. Middle Atlantic,1. Industrial,2. >=Very Good,1. Yes,5.225359,185.927827
2007,77,1. Never Married,1. White,4. College Grad,2. Middle Atlantic,2. Information,2. >=Very Good,1. Yes,4.78673,119.908595
2004,65,2. Married,1. White,4. College Grad,2. Middle Atlantic,1. Industrial,2. >=Very Good,1. Yes,5.20734,182.607704
2005,61,1. Never Married,1. White,5. Advanced Degree,2. Middle Atlantic,2. Information,2. >=Very Good,1. Yes,5.559702,259.745463
2003,33,2. Married,3. Asian,2. HS Grad,2. Middle Atlantic,1. Industrial,2. >=Very Good,2. No,4.740426,114.482993
2003,35,1. Never Married,1. White,2. HS Grad,2. Middle Atlantic,1. Industrial,2. >=Very Good,1. Yes,4.646536,104.223339
2005,22,1. Never Married,1. White,2. HS Grad,2. Middle Atlantic,2. Information,2. >=Very Good,2. No,4.57421,96.951446
2009,71,5. Separated,1. White,3. Some College,2. Middle Atlantic,1. Industrial,2. >=Very Good,1. Yes,4.71956,112.118937
2003,74,2. Married,1. White,2. HS Grad,2. Middle Atlantic,2. Information,2. >=Very Good,1. Yes,4.80656,122.310098
2006,29,2. Married,3. Asian,4. College Grad,2. Middle Atlantic,1. Industrial,2. >=Very Good,1. Yes,4.966663,143.547085
2003,31,1. Never Married,1. White,2. HS Grad,2. Middle Atlantic,1. Industrial,2. >=Very Good,1. Yes,4.426698,83.654752
2006,54,2. Married,1. White,2. HS Grad,2. Middle Atlantic,2. Information,2. >=Very Good,1. Yes,5.026834,152.44955
2008,77,2. Married,1. White,4. College Grad,2. Middle Atlantic,1. Industrial,2. >=Very Good,1. Yes,5.002115,148.727371
2003,32,4. Divorced,1. White,2. HS Grad,2. Middle Atlantic,2. Information,2. >=Very Good,2. No,4.517516,91.607738
2005,45,2. Married,1. White,1. < HS Grad,2. Middle Atlantic,2. Information,2. >=Very Good,1. Yes,4.834236,125.742444
2009,63,2. Married,1. White,4. College Grad,2. Middle Atlantic,2. Information,2. >=Very Good,1. Yes,5.30396,201.131666
2008,56,2. Married,2. Black,1. < HS Grad,2. Middle Atlantic,2. Information,1. <=Good,1. Yes,5.127304,168.56204
2008,22,2. Married,4. Other,3. Some College,2. Middle Atlantic,1. Industrial,1. <=Good,2. No,4.639543,103.497045
2005,51,1. Never Married,1. White,4. College Grad,2. Middle Atlantic,1. Industrial,1. <=Good,1. Yes,5.193255,180.053672
2008,41,1. Never Married,1. White,4. College Grad,2. Middle Atlantic,2. Information,1. <=Good,1. Yes,5.475062,238.665306
2007,64,2. Married,1. White,3. Some College,2. Middle Atlantic,1. Industrial,2. >=Very Good,1. Yes,4.792207,120.567217
2006,80,2. Married,3. Asian,3. Some College,2. Middle Atlantic,2. Information,2. >=Very Good,2. No,5.03738,154.06578
2007,23,2. Married,1. White,2. HS Grad,2. Middle Atlantic,2. Information,2. >=Very Good,1. Yes,4.696866,109.603085
2008,77,5. Separated,1. White,3. Some College,2. Middle Atlantic,2. Information,2. >=Very Good,1. Yes,4.712799,111.363404
2007,72,1. Never Married,2. Black,5. Advanced Degree,2. Middle Atlantic,1. Industrial,2. >=Very Good,1. Yes,4.905414,135.018729
2006,76,2. Married,1. White,4. College Grad,2. Middle Atlantic,2. Information,2. >=Very Good,1. Yes,4.754885,116.150255
2005,34,1. Never Married,1. White,2. HS Grad,2. Middle Atlantic,1. Industrial,1. <=Good,1. Yes,4.680955,107.873014
2009,64,5. Separated,1. White,3. Some College,2. Middle Atlantic,1. Industrial,1. <=Good,1. Yes,4.91502,136.322003
2005,18,2. Married,3. Asian,3. Some College,2. Middle Atlantic,2. Information,2. >=Very Good,1. Yes,4.759927,116.737363
2004,20,2. Married,1. White,4. College Grad,2. Middle Atlantic,2. Information,2. >=Very Good,1. Yes,4.264426,71.124073
2008,54,1. Never Married,1. White,2. HS Grad,2. Middle Atlantic,1. Industrial,1. <=Good,1. Yes,5.130076,169.029945
2003,28,5. Separated,1. White,3. Some College,2. Middle Atlantic,2. Information,2. >=Very Good,2. No,4.654051,105.009548
2008,22,2. Married,1. White,2. HS Grad,2. Middle Atlantic,1. Industrial,2. >=Very Good,1. Yes,4.390981,80.719574
2008,64,1. Never Married,2. Black,3. Some College,2. Middle Atlantic,2. Information,2. >=Very Good,2. No,4.947978,140.889731
2004,51,2. Married,2. Black,3. Some College,2. Middle Atlantic,2. Information,1. <=Good,2. No,4.808021,122.488928
2006,46,1. Never Married,1. White,3. Some College,2. Middle Atlantic,2. Information,1. <=Good,1. Yes,5.301955,200.728799
2007,43,1. Never Married,1. White,2. HS Grad,2. Middle Atlantic,1. Industrial,2. >=Very Good,1. Yes,5.156122,173.490306
2006,58,1. Never Married,1. White,3. Some College,2. Middle Atlantic,2. Information,1. <=Good,1. Yes,4.914364,136.232685
2005,35,1. Never Married,1. White,4. College Grad,2. Middle Atlantic,1. Industrial,2. >=Very Good,1. Yes,4.943139,140.209647
2008,27,1. Never Married,1. White,2. HS Grad,2. Middle Atlantic,1. Industrial,1. <=Good,1. Yes,4.495786,89.638595
2008,75,2. Married,2. Black,4. College Grad,2. Middle Atlantic,2. Information,2. >=Very Good,2. No,4.962491,142.949426
2004,37,4. Divorced,1. White,3. Some College,2. Middle Atlantic,2. Information,2. >=Very Good,2. No,4.485641,88.733772
2003,56,2. Married,1. White,5. Advanced Degree,2. Middle Atlantic,2. Information,2. >=Very Good,2. No,5.477155,239.165251
2009,36,1. Never Married,1. White,5. Advanced Degree,2. Middle Atlantic,2. Information,1. <=Good,1. Yes,5.115589,166.59884
2004,65,2. Married,2. Black,5. Advanced Degree,2. Middle Atlantic,2. Information,2. >=Very Good,1. Yes,5.411368,223.937755
2003,67,1. Never Married,1. White,4. College Grad,2. Middle Atlantic,2. Information,1. <=Good,1. Yes,5.268346,194.094661
2004,22,1. Never Married,2. Black,4. College Grad,2. Middle Atlantic,1. Industrial,2. >=Very Good,2. No,4.639482,103.490687
2005,66,2. Married,1. White,5. Advanced Degree,2. Middle Atlantic,2. Information,1. <=Good,1. Yes,5.631478,279.074243
2003,32,2. Married,1. White,3. Some College,2. Middle Atlantic,1. Industrial,2. >=Very Good,1. Yes,4.631461,102.663934
2003,50,2. Married,1. White,4. College Grad,2. Middle Atlantic,2. Information,2. >=Very Good,2. No,4.971641,144.263448
2009,57,3. Widowed,1. White,2. HS Grad,2. Middle Atlantic,2. Information,1. <=Good,1. Yes,4.95078,141.285186
2008,63,4. Divorced,1. White,1. < HS Grad,2. Middle Atlantic,2. Information,2. >=Very Good,1. Yes,4.91113,135.792753
2006,23,2. Married,1. White,4. College Grad,2. Middle Atlantic,2. Information,1. <=Good,1. Yes,4.749545,115.531726
2003,58,2. Married,1. White,1. < HS Grad,2. Middle Atlantic,2. Information,2. >=Very Good,2. No,5.142033,171.063236
2005,21,1. Never Married,1. White,3. Some College,2. Middle Atlantic,1. Industrial,2. >=Very Good,1. Yes,4.444529,85.159763
2009,52,2. Married,1. White,4. College Grad,2. Middle Atlantic,1. Industrial,2. >=Very Good,1. Yes,4.828965,125.081449
2009,77,2. Married,4. Other,1. < HS Grad,2. Middle Atlantic,2. Information,2. >=Very Good,1. Yes,4.822717,124.302319
2003,65,2. Married,1. White,4. College Grad,2. Middle Atlantic,2. Information,2. >=Very Good,1. Yes,5.426509,227.35414
2004,38,2. Married,1. White,4. College Grad,2. Middle Atlantic,1. Industrial,2. >=Very Good,2. No,5.011489,150.128069
2008,77,2. Married,1. White,4. College Grad,2. Middle Atlantic,2. Information,2. >=Very Good,1. Yes,4.9745,144.676479
2004,68,4. Divorced,1. White,2. HS Grad,2. Middle Atlantic,1. Industrial,1. <=Good,1. Yes,4.670431,106.743711
2009,40,2. Married,1. White,1. < HS Grad,2. Middle Atlantic,2. Information,1. <=Good,1. Yes,5.001612,148.652527
2006,42,2. Married,4. Other,4. College Grad,2. Middle Atlantic,2. Information,2. >=Very Good,1. Yes,5.301316,200.600702
2008,35,2. Married,3. Asian,4. College Grad,2. Middle Atlantic,1. Industrial,2. >=Very Good,1. Yes,5.240307,188.728052
2005,48,1. Never Married,2. Black,3. Some College,2. Middle Atlantic,2. Information,2. >=Very Good,1. Yes,4.976461,144.960398
2003,47,1. Never Married,1. White,5. Advanced Degree,2. Middle Atlantic,1. Industrial,2. >=Very Good,2. No,5.213053,183.65388
2004,65,1. Never Married,1. White,5. Advanced Degree,2. Middle Atlantic,2. Information,2. >=Very Good,1. Yes,5.557914,259.281424
2003,25,1. Never Married,2. Black,2. HS Grad,2. Middle Atlantic,2. Information,1. <=Good,1. Yes,4.531603,92.907402
2004,58,2. Married,1. White,2. HS Grad,2. Middle Atlantic,1. Industrial,2. >=Very Good,1. Yes,5.165322,175.093845
2004,63,2. Married,1. White,3. Some College,2. Middle Atlantic,1. Industrial,2. >=Very Good,2. No,4.842975,126.846219
2006,29,1. Never Married,1. White,3. Some College,2. Middle Atlantic,2. Information,2. >=Very Good,2. No,5.089591,162.323418
2004,48,1. Never Married,3. Asian,4. College Grad,2. Middle Atlantic,1. Industrial,2. >=Very Good,2. No,5.323592,205.119385
2004,33,2. Married,2. Black,3. Some College,2. Middle Atlantic,2. Information,2. >=Very Good,1. Yes,5.196349,180.611663
2009,61,3. Widowed,1. White,2. HS Grad,2. Middle Atlantic,2. Information,1. <=Good,1. Yes,4.934288,138.974106
2008,32,2. Married,2. Black,2. HS Grad,2. Middle Atlantic,1. Industrial,1. <=Good,1. Yes,4.201683,66.798656
2009,67,2. Married,1. White,2. HS Grad,2. Middle Atlantic,2. Information,2. >=Very Good,1. Yes,4.894964,133.615235
2009,24,2. Married,2. Black,3. Some College,2. Middle Atlantic,2. Information,2. >=Very Good,1. Yes,4.334267,76.269002
2009,36,2. Married,1. White,4. College Grad,2. Middle Atlantic,1. Industrial,2. >=Very Good,2. No,5.215568,184.11632
2005,44,2. Married,3. Asian,3. Some College,2. Middle Atlantic,2. Information,2. >=Very Good,1. Yes,4.813184,123.123025
2005,51,1. Never Married,2. Black,5. Advanced Degree,2. Middle Atlantic,2. Information,2. >=Very Good,1. Yes,5.238787,188.441443
2008,74,5. Separated,1. White,4. College Grad,2. Middle Atlantic,2. Information,2. >=Very Good,1. Yes,4.970285,144.067875
2006,69,2. Married,1. White,5. Advanced Degree,2. Middle Atlantic,1. Industrial,2. >=Very Good,2. No,5.085634,161.682367
2009,73,1. Never Married,1. White,4. College Grad,2. Middle Atlantic,2. Information,1. <=Good,1. Yes,5.08772,162.02011
2008,59,1. Never Married,1. White,4. College Grad,2. Middle Atlantic,1. Industrial,1. <=Good,1. Yes,5.452876,233.428434
2008,29,2. Married,1. White,4. College Grad,2. Middle Atlantic,2. Information,2. >=Very Good,1. Yes,4.851864,127.97877
2008,27,1. Never Married,2. Black,2. HS Grad,2. Middle Atlantic,1. Industrial,2. >=Very Good,1. Yes,4.6639,106.048817
2009,60,1. Never Married,1. White,3. Some College,2. Middle Atlantic,2. Information,1. <=Good,1. Yes,5.242091,189.065084
2007,30,2. Married,1. White,1. < HS Grad,2. Middle Atlantic,1. Industrial,2. >=Very Good,1. Yes,4.653741,104.977012
2004,46,1. Never Married,1. White,2. HS Grad,2. Middle Atlantic,1. Industrial,1. <=Good,1. Yes,4.900791,134.395991
2004,24,1. Never Married,1. White,5. Advanced Degree,2. Middle Atlantic,1. Industrial,2. >=Very Good,1. Yes,5.502922,245.408071
2009,64,2. Married,2. Black,4. College Grad,2. Middle Atlantic,1. Industrial,2. >=Very Good,2. No,4.919313,136.908459
2008,44,2. Married,1. White,2. HS Grad,2. Middle Atlantic,2. Information,2. >=Very Good,1. Yes,5.089981,162.386813
2007,34,2. Married,1. White,2. HS Grad,2. Middle Atlantic,2. Information,2. >=Very Good,2. No,4.908747,135.46959
2005,69,2. Married,1. White,2. HS Grad,2. Middle Atlantic,2. Information,2. >=Very Good,1. Yes,4.830718,125.300872
2004,46,2. Married,1. White,2. HS Grad,2. Middle Atlantic,1. Industrial,2. >=Very Good,1. Yes,4.625114,102.014375
2008,19,2. Married,1. White,5. Advanced Degree,2. Middle Atlantic,2. Information,2. >=Very Good,1. Yes,4.97793,145.173578
2005,66,1. Never Married,1. White,4. College Grad,2. Middle Atlantic,2. Information,2. >=Very Good,2. No,5.172772,176.403103
2003,49,2. Married,1. White,5. Advanced Degree,2. Middle Atlantic,2. Information,1. <=Good,1. Yes,5.557455,259.162516
2008,25,2. Married,3. Asian,2. HS Grad,2. Middle Atlantic,2. Information,2. >=Very Good,1. Yes,4.637849,103.321853
2008,30,2. Married,1. White,5. Advanced Degree,2. Middle Atlantic,1. Industrial,2. >=Very Good,1. Yes,4.834938,125.830779
2008,73,1. Never Married,1. White,2. HS Grad,2. Middle Atlantic,2. Information,1. <=Good,1. Yes,4.523866,92.191365
2003,33,2. Married,2. Black,3. Some College,2. Middle Atlantic,1. Industrial,2. >=Very Good,1. Yes,4.565769,96.136508
2003,72,2. Married,1. White,4. College Grad,2. Middle Atlantic,2. Information,2. >=Very Good,1. Yes,4.887527,132.625217
2003,39,2. Married,1. White,2. HS Grad,2. Middle Atlantic,2. Information,2. >=Very Good,1. Yes,4.802946,121.868876
2008,33,3. Widowed,2. Black,1. < HS Grad,2. Middle Atlantic,2. Information,1. <=Good,1. Yes,4.484941,88.671726
2008,45,3. Widowed,1. White,4. College Grad,2. Middle Atlantic,1. Industrial,2. >=Very Good,2. No,5.203014,181.819378
2007,56,4. Divorced,1. White,2. HS Grad,2. Middle Atlantic,2. Information,2. >=Very Good,1. Yes,5.230567,186.898768
2009,41,2. Married,1. White,5. Advanced Degree,2. Middle Atlantic,1. Industrial,2. >=Very Good,1. Yes,5.461746,235.508184
2007,18,1. Never Married,1. White,3. Some College,2. Middle Atlantic,1. Industrial,2. >=Very Good,1. Yes,4.415323,82.708572
2005,21,1. Never Married,1. White,2. HS Grad,2. Middle Atlantic,1. Industrial,2. >=Very Good,1. Yes,4.613823,100.868992
2005,60,1. Never Married,1. White,5. Advanced Degree,2. Middle Atlantic,1. Industrial,1. <=Good,1. Yes,4.989421,146.851348
2008,53,1. Never Married,3. Asian,2. HS Grad,2. Middle Atlantic,2. Information,2. >=Very Good,1. Yes,4.795463,120.960344
2008,76,1. Never Married,3. Asian,2. HS Grad,2. Middle Atlantic,2. Information,1. <=Good,1. Yes,5.139946,170.706523
2006,59,1. Never Married,1. White,3. Some College,2. Middle Atlantic,2. Information,2. >=Very Good,1. Yes,5.296809,199.69851
2009,19,4. Divorced,1. White,4. College Grad,2. Middle Atlantic,2. Information,1. <=Good,2. No,4.576945,97.216968
2007,28,2. Married,1. White,2. HS Grad,2. Middle Atlantic,2. Information,2. >=Very Good,1. Yes,4.597517,99.237582
2003,46,4. Divorced,1. White,4. College Grad,2. Middle Atlantic,2. Information,2. >=Very Good,1. Yes,5.169211,175.776146
2007,56,4. Divorced,3. Asian,2. HS Grad,2. Middle Atlantic,2. Information,1. <=Good,1. Yes,5.004836,149.132553
2004,63,1. Never Married,1. White,4. College Grad,2. Middle Atlantic,1. Industrial,1. <=Good,1. Yes,5.106456,165.084231
2006,40,2. Married,1. White,3. Some College,2. Middle Atlantic,1. Industrial,2. >=Very Good,1. Yes,5.135678,169.979459
2003,39,2. Married,3. Asian,4. College Grad,2. Middle Atlantic,1. Industrial,2. >=Very Good,1. Yes,5.068672,158.963015
2004,46,2. Married,1. White,2. HS Grad,2. Middle Atlantic,1. Industrial,2. >=Very Good,2. No,5.318775,204.133671
2009,74,2. Married,1. White,4. College Grad,2. Middle Atlantic,2. Information,2. >=Very Good,1. Yes,4.986926,146.485379
2007,38,1. Never Married,1. White,3. Some College,2. Middle Atlantic,1. Industrial,2. >=Very Good,1. Yes,5.127581,168.608766
2003,33,1. Never Married,1. White,4. College Grad,2. Middle Atlantic,2. Information,2. >=Very Good,1. Yes,5.133032,169.530355
2005,75,2. Married,3. Asian,3. Some College,2. Middle Atlantic,2. Information,2. >=Very Good,1. Yes,4.933581,138.87591
2007,66,1. Never Married,2. Black,1. < HS Grad,2. Middle Atlantic,2. Information,2. >=Very Good,1. Yes,4.549624,94.596808
2003,45,2. Married,1. White,3. Some College,2. Middle Atlantic,2. Information,2. >=Very Good,1. Yes,4.790111,120.314748
2007,22,2. Married,2. Black,1. < HS Grad,2. Middle Atlantic,1. Industrial,1. <=Good,1. Yes,4.633244,102.847202
2009,65,2. Married,1. White,2. HS Grad,2. Middle Atlantic,1. Industrial,1. <=Good,2. No,4.907676,135.324577
2003,74,4. Divorced,1. White,5. Advanced Degree,2. Middle Atlantic,2. Information,2. >=Very Good,1. Yes,5.180921,177.846609
2009,80,2. Married,1. White,4. College Grad,2. Middle Atlantic,2. Information,2. >=Very Good,1. Yes,4.998747,148.227315
2008,63,4. Divorced,1. White,2. HS Grad,2. Middle Atlantic,2. Information,2. >=Very Good,2. No,5.136416,170.105021
2003,21,2. Married,1. White,4. College Grad,2. Middle Atlantic,1. Industrial,2. >=Very Good,1. Yes,4.995316,147.719663
2008,66,1. Never Married,2. Black,3. Some College,2. Middle Atlantic,2. Information,2. >=Very Good,1. Yes,5.008535,149.685231
2009,77,2. Married,1. White,5. Advanced Degree,2. Middle Atlantic,2. Information,2. >=Very Good,1. Yes,5.286695,197.688997
2008,51,3. Widowed,1. White,3. Some College,2. Middle Atlantic,1. Industrial,2. >=Very Good,1. Yes,5.168788,175.701682
2007,53,1. Never Married,1. White,4. College Grad,2. Middle Atlantic,2. Information,2. >=Very Good,1. Yes,5.049286,155.91107
2007,39,2. Married,3. Asian,3. Some College,2. Middle Atlantic,2. Information,2. >=Very Good,1. Yes,5.090849,162.527822
2009,80,1. Never Married,1. White,4. College Grad,2. Middle Atlantic,1. Industrial,1. <=Good,1. Yes,4.846993,127.356825
2008,29,2. Married,1. White,3. Some College,2. Middle Atlantic,2. Information,1. <=Good,1. Yes,4.79546,120.96
2007,31,2. Married,1. White,3. Some College,2. Middle Atlantic,2. Information,2. >=Very Good,2. No,4.807469,122.42133
2008,31,2. Married,2. Black,3. Some College,2. Middle Atlantic,1. Industrial,1. <=Good,2. No,4.434697,84.326593
2007,21,2. Married,1. White,4. College Grad,2. Middle Atlantic,2. Information,2. >=Very Good,1. Yes,4.753083,115.941173
2003,25,1. Never Married,1. White,4. College Grad,2. Middle Atlantic,1. Industrial,2. >=Very Good,1. Yes,4.587958,98.293482
2007,38,1. Never Married,4. Other,5. Advanced Degree,2. Middle Atlantic,1. Industrial,2. >=Very Good,2. No,4.913108,136.061644
2003,67,2. Married,4. Other,4. College Grad,2. Middle Atlantic,1. Industrial,1. <=Good,1. Yes,5.033995,153.545237
2005,44,4. Divorced,1. White,3. Some College,2. Middle Atlantic,2. Information,2. >=Very Good,1. Yes,5.018699,151.214424
2009,37,1. Never Married,1. White,3. Some College,2. Middle Atlantic,1. Industrial,2. >=Very Good,1. Yes,4.682289,108.017002
2005,56,1. Never Married,1. White,4. College Grad,2. Middle Atlantic,2. Information,1. <=Good,2. No,5.025483,152.243809
2004,26,1. Never Married,1. White,2. HS Grad,2. Middle Atlantic,1. Industrial,1. <=Good,2. No,4.375503,79.479844
2009,28,1. Never Married,1. White,2. HS Grad,2. Middle Atlantic,1. Industrial,1. <=Good,1. Yes,4.645265,104.090948
2006,39,1. Never Married,2. Black,3. Some College,2. Middle Atlantic,1. Industrial,2. >=Very Good,1. Yes,5.117214,166.869867
2006,53,1. Never Married,1. White,2. HS Grad,2. Middle Atlantic,1. Industrial,2. >=Very Good,2. No,4.668234,106.50944
2003,66,1. Never Married,1. White,1. < HS Grad,2. Middle Atlantic,1. Industrial,2. >=Very Good,1. Yes,5.083609,161.355392
2005,27,5. Separated,4. Other,4. College Grad,2. Middle Atlantic,1. Industrial,2. >=Very Good,1. Yes,4.988406,146.702435
2008,21,2. Married,1. White,2. HS Grad,2. Middle Atlantic,1. Industrial,1. <=Good,1. Yes,4.725669,112.805924
2008,58,2. Married,4. Other,2. HS Grad,2. Middle Atlantic,2. Information,1. <=Good,1. Yes,5.261534,192.777044
2007,21,2. Married,1. White,5. Advanced Degree,2. Middle Atlantic,1. Industrial,2. >=Very Good,1. Yes,4.657926,105.417214
2006,34,4. Divorced,1. White,4. College Grad,2. Middle Atlantic,1. Industrial,2. >=Very Good,1. Yes,5.056654,157.064121
2009,46,2. Married,1. White,5. Advanced Degree,2. Middle Atlantic,1. Industrial,1. <=Good,2. No,5.318202,204.016676
2009,49,2. Married,1. White,2. HS Grad,2. Middle Atlantic,1. Industrial,2. >=Very Good,1. Yes,5.175074,176.809768
2004,38,2. Married,1. White,3. Some College,2. Middle Atlantic,2. Information,2. >=Very Good,1. Yes,5.066596,158.633451
2006,40,2. Married,1. White,4. College Grad,2. Middle Atlantic,1. Industrial,2. >=Very Good,1. Yes,5.577193,264.328595
2005,51,1. Never Married,1. White,3. Some College,2. Middle Atlantic,2. Information,2. >=Very Good,1. Yes,5.158108,173.835279
2005,59,2. Married,3. Asian,3. Some College,2. Middle Atlantic,1. Industrial,2. >=Very Good,2. No,5.416672,225.128563
2004,35,1. Never Married,1. White,1. < HS Grad,2. Middle Atlantic,1. Industrial,2. >=Very Good,1. Yes,4.454879,86.045776
2004,27,1. Never Married,1. White,2. HS Grad,2. Middle Atlantic,2. Information,1. <=Good,2. No,5.055431,156.872054
2004,64,2. Married,2. Black,2. HS Grad,2. Middle Atlantic,2. Information,2. >=Very Good,2. No,5.078859,160.59076
2008,60,2. Married,3. Asian,4. College Grad,2. Middle Atlantic,1. Industrial,2. >=Very Good,2. No,5.118751,167.126461
2007,18,2. Married,1. White,4. College Grad,2. Middle Atlantic,2. Information,1. <=Good,1. Yes,4.550702,94.698874
2003,68,5. Separated,1. White,4. College Grad,2. Middle Atlantic,2. Information,2. >=Very Good,2. No,5.308403,202.027266
2008,30,1. Never Married,1. White,3. Some College,2. Middle Atlantic,1. Industrial,2. >=Very Good,1. Yes,4.916792,136.563795
2004,23,4. Divorced,2. Black,4. College Grad,2. Middle Atlantic,1. Industrial,2. >=Very Good,1. Yes,4.381975,79.995851
2005,57,4. Divorced,4. Other,2. HS Grad,2. Middle Atlantic,2. Information,1. <=Good,1. Yes,5.18165,177.976218
2009,43,1. Never Married,3. Asian,3. Some College,2. Middle Atlantic,1. Industrial,1. <=Good,2. No,4.834383,125.760911
2005,59,3. Widowed,1. White,1. < HS Grad,2. Middle Atlantic,1. Industrial,1. <=Good,1. Yes,4.55762,95.356305
2003,73,4. Divorced,1. White,4. College Grad,2. Middle Atlantic,2. Information,2. >=Very Good,1. Yes,5.360267,212.781679
2004,72,2. Married,3. Asian,5. Advanced Degree,2. Middle Atlantic,2. Information,1. <=Good,2. No,5.15995,174.155768
2004,78,2. Married,2. Black,5. Advanced Degree,2. Middle Atlantic,2. Information,2. >=Very Good,1. Yes,5.058582,157.367153
2003,22,4. Divorced,1. White,3. Some College,2. Middle Atlantic,2. Information,1. <=Good,1. Yes,4.622976,101.796529
2005,69,2. Married,1. White,4. College Grad,2. Middle Atlantic,1. Industrial,1. <=Good,1. Yes,5.380465,217.123156
2007,57,2. Married,1. White,3. Some College,2. Middle Atlantic,2. Information,1. <=Good,1. Yes,4.994996,147.672315
2004,28,1. Never Married,2. Black,2. HS Grad,2. Middle Atlantic,1. Industrial,2. >=Very Good,2. No,4.436133,84.447781
2004,19,2. Married,1. White,4. College Grad,2. Middle Atlantic,1. Industrial,2. >=Very Good,1. Yes,4.646394,104.208541
2009,31,2. Married,1. White,4. College Grad,2. Middle Atlantic,2. Information,2. >=Very Good,1. Yes,4.994518,147.601822
2006,49,2. Married,1. White,4. College Grad,2. Middle Atlantic,2. Information,1. <=Good,2. No,5.471093,237.719936
2008,57,1. Never Married,1. White,5. Advanced Degree,2. Middle Atlantic,1. Industrial,1. <=Good,1. Yes,5.364065,213.591329
2003,76,4. Divorced,3. Asian,2. HS Grad,2. Middle Atlantic,1. Industrial,2. >=Very Good,1. Yes,4.863095,129.424176
2006,53,2. Married,1. White,2. HS Grad,2. Middle Atlantic,2. Information,2. >=Very Good,1. Yes,5.12758,168.608565
2009,54,2. Married,1. White,2. HS Grad,2. Middle Atlantic,2. Information,2. >=Very Good,2. No,5.257337,191.969612
2007,33,2. Married,2. Black,3. Some College,2. Middle Atlantic,2. Information,2. >=Very Good,1. Yes,5.068549,158.943558
2008,34,1. Never Married,4. Other,1. < HS Grad,2. Middle Atlantic,1. Industrial,2. >=Very Good,1. Yes,4.687811,108.615187
2009,18,5. Separated,1. White,2. HS Grad,2. Middle Atlantic,2. Information,2. >=Very Good,2. No,4.277919,72.090265
2003,80,2. Married,1. White,4. College Grad,2. Middle Atlantic,1. Industrial,1. <=Good,2. No,5.115459,166.57728
2007,70,2. Married,1. White,4. College Grad,2. Middle Atlantic,1. Industrial,2. >=Very Good,1. Yes,5.038579,154.250689
2006,42,5. Separated,1. White,2. HS Grad,2. Middle Atlantic,2. Information,2. >=Very Good,2. No,4.706271,110.638849
2006,80,2. Married,1. White,1. < HS Grad,2. Middle Atlantic,2. Information,2. >=Very Good,1. Yes,4.204055,66.957269
2003,51,5. Separated,2. Black,5. Advanced Degree,2. Middle Atlantic,1. Industrial,2. >=Very Good,1. Yes,5.314484,203.259614
2005,54,1. Never Married,1. White,5. Advanced Degree,2. Middle Atlantic,2. Information,2. >=Very Good,1. Yes,5.604026,271.517338
2008,76,1. Never Married,1. White,2. HS Grad,2. Middle Atlantic,2. Information,2. >=Very Good,2. No,4.941474,139.97647
2007,80,1. Never Married,1. White,5. Advanced Degree,2. Middle Atlantic,1. Industrial,1. <=Good,1. Yes,5.182847,178.189402
2004,38,1. Never Married,1. White,4. College Grad,2. Middle Atlantic,1. Industrial,2. >=Very Good,2. No,4.891446,133.145923
2006,23,2. Married,1. White,3. Some College,2. Middle Atlantic,1. Industrial,1. <=Good,1. Yes,4.717971,111.94085
2007,49,1. Never Married,2. Black,2. HS Grad,2. Middle Atlantic,2. Information,2. >=Very Good,1. Yes,4.899904,134.276826
2007,71,2. Married,1. White,5. Advanced Degree,2. Middle Atlantic,1. Industrial,1. <=Good,2. No,5.286907,197.730923
2009,52,1. Never Married,1. White,3. Some College,2. Middle Atlantic,1. Industrial,2. >=Very Good,2. No,5.303443,201.02768
2009,23,2. Married,1. White,4. College Grad,2. Middle Atlantic,1. Industrial,2. >=Very Good,1. Yes,4.645405,104.105566
2005,37,2. Married,1. White,2. HS Grad,2. Middle Atlantic,2. Information,2. >=Very Good,1. Yes,5.119867,167.31313
2008,31,1. Never Married,1. White,4. College Grad,2. Middle Atlantic,1. Industrial,2. >=Very Good,1. Yes,4.686008,108.419491
2003,70,2. Married,1. White,2. HS Grad,2. Middle Atlantic,1. Industrial,2. >=Very Good,2. No,4.911021,135.777936
2005,61,1. Never Married,1. White,2. HS Grad,2. Middle Atlantic,2. Information,1. <=Good,2. No,4.694538,109.348297
2004,40,4. Divorced,1. White,4. College Grad,2. Middle Atlantic,2. Information,2. >=Very Good,1. Yes,5.102024,164.354268
2009,27,4. Divorced,1. White,2. HS Grad,2. Middle Atlantic,2. Information,2. >=Very Good,1. Yes,4.269321,71.473119
2007,58,4. Divorced,1. White,3. Some College,2. Middle Atlantic,2. Information,2. >=Very Good,2. No,5.195006,180.369159
2009,46,2. Married,1. White,2. HS Grad,2. Middle Atlantic,2. Information,2. >=Very Good,2. No,5.176133,176.996974
2007,32,2. Married,1. White,4. College Grad,2. Middle Atlantic,2. Information,2. >=Very Good,2. No,4.723987,112.616389
2008,65,2. Married,1. White,1. < HS Grad,2. Middle Atlantic,1. Industrial,2. >=Very Good,2. No,4.294943,73.328052
2008,63,2. Married,1. White,2. HS Grad,2. Middle Atlantic,1. Industrial,2. >=Very Good,1. Yes,4.955813,141.997956
2005,72,2. Married,3. Asian,4. College Grad,2. Middle Atlantic,1. Industrial,2. >=Very Good,1. Yes,5.08029,160.820661
2005,56,1. Never Married,1. White,2. HS Grad,2. Middle Atlantic,1. Industrial,2. >=Very Good,1. Yes,4.960318,142.639091
2004,19,2. Married,1. White,2. HS Grad,2. Middle Atlantic,2. Information,2. >=Very Good,2. No,4.328544,75.833755
2004,18,1. Never Married,2. Black,2. HS Grad,2. Middle Atlantic,2. Information,2. >=Very Good,1. Yes,4.660018,105.637993
2008,71,1. Never Married,1. White,5. Advanced Degree,2. Middle Atlantic,1. Industrial,2. >=Very Good,1. Yes,5.564822,261.078765
2003,67,2. Married,1. White,5. Advanced Degree,2. Middle Atlantic,2. Information,2. >=Very Good,1. Yes,5.509477,247.021802
2005,63,1. Never Married,2. Black,5. Advanced Degree,2. Middle Atlantic,2. Information,1. <=Good,1. Yes,5.110153,165.695773
2009,69,2. Married,1. White,4. College Grad,2. Middle Atlantic,1. Industrial,2. >=Very Good,2. No,4.851701,127.957805
2009,79,2. Married,2. Black,3. Some College,2. Middle Atlantic,2. Information,2. >=Very Good,1. Yes,4.495561,89.618428
2005,39,2. Married,1. White,3. Some College,2. Middle Atlantic,2. Information,2. >=Very Good,2. No,4.639083,103.449422
2005,27,2. Married,2. Black,4. College Grad,2. Middle Atlantic,2. Information,2. >=Very Good,1. Yes,5.009765,149.869519
2003,28,2. Married,1. White,2. HS Grad,2. Middle Atlantic,1. Industrial,1. <=Good,1. Yes,4.750989,115.69864
2006,18,1. Never Married,1. White,3. Some College,2. Middle Atlantic,1. Industrial,2. >=Very Good,1. Yes,4.415575,82.729423
2007,54,2. Married,1. White,5. Advanced Degree,2. Middle Atlantic,2. Information,2. >=Very Good,1. Yes,5.73571,309.732835
2008,55,4. Divorced,3. Asian,2. HS Grad,2. Middle Atlantic,1. Industrial,2. >=Very Good,2. No,4.801457,121.687618
2004,54,1. Never Married,1. White,2. HS Grad,2. Middle Atlantic,1. Industrial,2. >=Very Good,1. Yes,4.776564,118.695822
2009,53,1. Never Married,1. White,2. HS Grad,2. Middle Atlantic,2. Information,2. >=Very Good,2. No,4.757102,116.408058
2007,37,1. Never Married,2. Black,3. Some College,2. Middle Atlantic,2. Information,2. >=Very Good,1. Yes,5.141566,170.983237
2007,40,2. Married,1. White,2. HS Grad,2. Middle Atlantic,1. Industrial,2. >=Very Good,1. Yes,4.939427,139.690176
2003,47,2. Married,1. White,4. College Grad,2. Middle Atlantic,2. Information,1. <=Good,1. Yes,5.344343,209.420149
2006,58,2. Married,1. White,2. HS Grad,2. Middle Atlantic,2. Information,2. >=Very Good,1. Yes,4.947956,140.886691
2003,62,2. Married,1. White,5. Advanced Degree,2. Middle Atlantic,1. Industrial,2. >=Very Good,2. No,5.295077,199.352883
2004,69,2. Married,1. White,5. Advanced Degree,2. Middle Atlantic,1. Industrial,2. >=Very Good,1. Yes,5.679439,292.785008
2007,75,1. Never Married,2. Black,2. HS Grad,2. Middle Atlantic,2. Information,1. <=Good,1. Yes,5.03671,153.962654
2005,20,5. Separated,1. White,4. College Grad,2. Middle Atlantic,1. Industrial,2. >=Very Good,1. Yes,4.213575,67.597793
2003,72,2. Married,2. Black,2. HS Grad,2. Middle Atlantic,1. Industrial,2. >=Very Good,2. No,4.978241,145.218691
2003,44,1. Never Married,3. Asian,3. Some College,2. Middle Atlantic,2. Information,2. >=Very Good,2. No,5.497535,244.089451
2009,26,1. Never Married,1. White,2. HS Grad,2. Middle Atlantic,2. Information,1. <=Good,1. Yes,4.796307,121.062463
2004,23,1. Never Married,1. White,2. HS Grad,2. Middle Atlantic,1. Industrial,2. >=Very Good,1. Yes,4.309332,74.39075
2003,37,1. Never Married,1. White,3. Some College,2. Middle Atlantic,2. Information,2. >=Very Good,1. Yes,5.228498,186.512391
2008,59,1. Never Married,1. White,3. Some College,2. Middle Atlantic,1. Industrial,2. >=Very Good,1. Yes,5.263778,193.210045
2009,64,1. Never Married,1. White,4. College Grad,2. Middle Atlantic,1. Industrial,2. >=Very Good,2. No,5.280987,196.563805
2003,26,4. Divorced,1. White,4. College Grad,2. Middle Atlantic,2. Information,2. >=Very Good,2. No,4.873486,130.775989
2004,74,2. Married,1. White,2. HS Grad,2. Middle Atlantic,2. Information,2. >=Very Good,2. No,4.860518,129.091031
2003,24,1. Never Married,2. Black,5. Advanced Degree,2. Middle Atlantic,1. Industrial,2. >=Very Good,2. No,4.992902,147.363392
2004,77,2. Married,2. Black,4. College Grad,2. Middle Atlantic,1. Industrial,2. >=Very Good,2. No,4.912507,135.979824
2004,27,2. Married,2. Black,2. HS Grad,2. Middle Atlantic,1. Industrial,2. >=Very Good,1. Yes,4.489668,89.091845
2007,63,2. Married,1. White,4. College Grad,2. Middle Atlantic,2. Information,2. >=Very Good,2. No,5.137185,170.235863
2009,40,4. Divorced,4. Other,4. College Grad,2. Middle Atlantic,2. Information,2. >=Very Good,1. Yes,4.501088,90.115105
2005,77,2. Married,1. White,2. HS Grad,2. Middle Atlantic,1. Industrial,2. >=Very Good,2. No,4.688305,108.668835
2008,32,1. Never Married,2. Black,2. HS Grad,2. Middle Atlantic,1. Industrial,2. >=Very Good,1. Yes,4.885441,132.348795
2003,70,2. Married,1. White,2. HS Grad,2. Middle Atlantic,2. Information,2. >=Very Good,2. No,4.864532,129.610259
2003,19,2. Married,1. White,5. Advanced Degree,2. Middle Atlantic,1. Industrial,2. >=Very Good,2. No,4.955095,141.896148
2008,68,1. Never Married,2. Black,4. College Grad,2. Middle Atlantic,1. Industrial,2. >=Very Good,1. Yes,4.873385,130.762817
2007,31,1. Never Married,1. White,3. Some College,2. Middle Atlantic,2. Information,2. >=Very Good,1. Yes,5.182868,178.193118
2004,62,2. Married,4. Other,3. Some College,2. Middle Atlantic,1. Industrial,2. >=Very Good,1. Yes,5.346125,209.793696
2003,70,1. Never Married,1. White,4. College Grad,2. Middle Atlantic,2. Information,2. >=Very Good,2. No,5.297827,199.901957
2008,68,2. Married,2. Black,4. College Grad,2. Middle Atlantic,1. Industrial,1. <=Good,1. Yes,5.156226,173.508453
2008,32,1. Never Married,1. White,3. Some College,2. Middle Atlantic,2. Information,2. >=Very Good,1. Yes,4.874998,130.973946
2004,72,1. Never Married,1. White,4. College Grad,2. Middle Atlantic,1. Industrial,2. >=Very Good,1. Yes,5.058249,157.314797
2009,68,1. Never Married,1. White,4. College Grad,2. Middle Atlantic,2. Information,2. >=Very Good,1. Yes,4.939482,139.697934
2006,56,2. Married,1. White,3. Some College,2. Middle Atlantic,2. Information,2. >=Very Good,1. Yes,5.151435,172.679175
2008,27,2. Married,1. White,3. Some College,2. Middle Atlantic,2. Information,2. >=Very Good,2. No,4.453865,85.958493
2004,77,2. Married,1. White,2. HS Grad,2. Middle Atlantic,1. Industrial,2. >=Very Good,1. Yes,5.060592,157.683908
2009,25,4. Divorced,1. White,3. Some College,2. Middle Atlantic,1. Industrial,2. >=Very Good,2. No,4.482023,88.413362
2004,27,5. Separated,1. White,2. HS Grad,2. Middle Atlantic,1. Industrial,2. >=Very Good,2. No,4.709619,111.009898
2003,25,2. Married,3. Asian,5. Advanced Degree,2. Middle Atlantic,1. Industrial,2. >=Very Good,1. Yes,4.627401,102.247995
2008,33,2. Married,1. White,3. Some College,2. Middle Atlantic,1. Industrial,1. <=Good,1. Yes,4.432471,84.139076
2009,73,2. Married,1. White,3. Some College,2. Middle Atlantic,2. Information,1. <=Good,1. Yes,4.743247,114.80637
2003,53,2. Married,2. Black,5. Advanced Degree,2. Middle Atlantic,2. Information,1. <=Good,1. Yes,5.49185,242.705871
2008,55,4. Divorced,1. White,3. Some College,2. Middle Atlantic,2. Information,2. >=Very Good,1. Yes,5.142292,171.107416
2007,47,2. Married,1. White,2. HS Grad,2. Middle Atlantic,1. Industrial,2. >=Very Good,2. No,4.94896,141.0282
2003,77,4. Divorced,1. White,1. < HS Grad,2. Middle Atlantic,2. Information,2. >=Very Good,1. Yes,4.535301,93.25157
2003,28,1. Never Married,1. White,4. College Grad,2. Middle Atlantic,1. Industrial,1. <=Good,1. Yes,4.642833,103.838073
2005,18,2. Married,1. White,2. HS Grad,2. Middle Atlantic,2. Information,2. >=Very Good,1. Yes,4.426708,83.655547
2008,62,2. Married,1. White,2. HS Grad,2. Middle Atlantic,2. Information,2. >=Very Good,1. Yes,4.877055,131.243642
2009,53,1. Never Married,2. Black,4. College Grad,2. Middle Atlantic,2. Information,1. <=Good,1. Yes,5.136031,170.039469
2003,31,2. Married,2. Black,3. Some College,2. Middle Atlantic,2. Information,2. >=Very Good,1. Yes,4.708408,110.875484
2005,53,2. Married,1. White,2. HS Grad,2. Middle Atlantic,2. Information,2. >=Very Good,1. Yes,5.013165,150.379991
2003,56,2. Married,4. Other,5. Advanced Degree,2. Middle Atlantic,1. Industrial,2. >=Very Good,1. Yes,5.417728,225.366619
2005,27,5. Separated,1. White,3. Some College,2. Middle Atlantic,1. Industrial,2. >=Very Good,1. Yes,4.655278,105.138469
2008,40,2. Married,3. Asian,2. HS Grad,2. Middle Atlantic,2. Information,2. >=Very Good,2. No,4.75511,116.17648
2008,32,5. Separated,1. White,2. HS Grad,2. Middle Atlantic,1. Industrial,2. >=Very Good,2. No,4.743673,114.855284
2004,27,1. Never Married,1. White,4. College Grad,2. Middle Atlantic,2. Information,2. >=Very Good,1. Yes,4.680969,107.874603
2007,67,2. Married,2. Black,2. HS Grad,2. Middle Atlantic,2. Information,2. >=Very Good,1. Yes,4.817719,123.682683
2005,26,5. Separated,1. White,4. College Grad,2. Middle Atlantic,2. Information,1. <=Good,1. Yes,4.844157,126.996116
2009,38,5. Separated,3. Asian,2. HS Grad,2. Middle Atlantic,2. Information,2. >=Very Good,1. Yes,5.285453,197.44359
2004,22,1. Never Married,1. White,3. Some College,2. Middle Atlantic,1. Industrial,2. >=Very Good,2. No,4.250709,70.155126
2008,29,5. Separated,1. White,4. College Grad,2. Middle Atlantic,1. Industrial,2. >=Very Good,2. No,4.956124,142.04224
2009,29,2. Married,1. White,5. Advanced Degree,2. Middle Atlantic,2. Information,2. >=Very Good,2. No,5.169475,175.822504
2007,73,2. Married,1. White,2. HS Grad,2. Middle Atlantic,2. Information,2. >=Very Good,1. Yes,5.057482,157.194194
2005,28,1. Never Married,3. Asian,4. College Grad,2. Middle Atlantic,2. Information,2. >=Very Good,1. Yes,4.972992,144.458394
2006,38,2. Married,1. White,2. HS Grad,2. Middle Atlantic,1. Industrial,2. >=Very Good,1. Yes,4.819771,123.936721
2006,44,4. Divorced,3. Asian,1. < HS Grad,2. Middle Atlantic,1. Industrial,2. >=Very Good,1. Yes,5.056172,156.98847
2007,52,1. Never Married,1. White,3. Some College,2. Middle Atlantic,1. Industrial,1. <=Good,1. Yes,4.841596,126.671336
2004,57,1. Never Married,1. White,1. < HS Grad,2. Middle Atlantic,1. Industrial,2. >=Very Good,2. No,4.83014,125.228431
2006,53,2. Married,4. Other,3. Some College,2. Middle Atlantic,1. Industrial,2. >=Very Good,2. No,5.377672,216.517603
2008,41,2. Married,2. Black,2. HS Grad,2. Middle Atlantic,1. Industrial,1. <=Good,1. Yes,4.768945,117.794946
2008,45,2. Married,1. White,2. HS Grad,2. Middle Atlantic,2. Information,1. <=Good,1. Yes,5.048183,155.739155
2009,75,2. Married,1. White,4. College Grad,2. Middle Atlantic,2. Information,1. <=Good,1. Yes,4.79773,121.234939
2009,71,2. Married,1. White,2. HS Grad,2. Middle Atlantic,2. Information,1. <=Good,1. Yes,5.021541,151.644774
2003,69,2. Married,2. Black,2. HS Grad,2. Middle Atlantic,2. Information,2. >=Very Good,1. Yes,4.838072,126.225695
2003,54,1. Never Married,1. White,4. College Grad,2. Middle Atlantic,1. Industrial,1. <=Good,1. Yes,5.145136,171.594784
2007,77,2. Married,1. White,4. College Grad,2. Middle Atlantic,2. Information,1. <=Good,1. Yes,4.833266,125.620514
2003,42,2. Married,1. White,3. Some College,2. Middle Atlantic,2. Information,2. >=Very Good,2. No,5.008637,149.700599
2008,62,2. Married,3. Asian,5. Advanced Degree,2. Middle Atlantic,1. Industrial,2. >=Very Good,1. Yes,5.520363,249.725681
2006,77,2. Married,1. White,5. Advanced Degree,2. Middle Atlantic,2. Information,2. >=Very Good,1. Yes,5.490716,242.430773
2007,62,3. Widowed,1. White,4. College Grad,2. Middle Atlantic,2. Information,1. <=Good,1. Yes,5.222641,185.423317
2009,42,2. Married,2. Black,3. Some College,2. Middle Atlantic,2. Information,2. >=Very Good,2. No,5.035558,153.785398
2005,69,2. Married,1. White,3. Some College,2. Middle Atlantic,2. Information,1. <=Good,1. Yes,4.819182,123.863731
2008,47,2. Married,1. White,4. College Grad,2. Middle Atlantic,1. Industrial,2. >=Very Good,2. No,5.393342,219.937235
2004,73,2. Married,3. Asian,3. Some College,2. Middle Atlantic,1. Industrial,2. >=Very Good,1. Yes,4.810398,122.780438
2008,76,1. Never Married,2. Black,5. Advanced Degree,2. Middle Atlantic,1. Industrial,2. >=Very Good,2. No,5.179367,177.570286
2009,34,2. Married,1. White,3. Some College,2. Middle Atlantic,2. Information,2. >=Very Good,1. Yes,5.06076,157.710385
2006,66,1. Never Married,1. White,2. HS Grad,2. Middle Atlantic,1. Industrial,1. <=Good,1. Yes,4.970625,144.11689
2006,63,2. Married,3. Asian,4. College Grad,2. Middle Atlantic,1. Industrial,1. <=Good,1. Yes,5.267655,193.960509
2009,76,2. Married,1. White,2. HS Grad,2. Middle Atlantic,1. Industrial,1. <=Good,1. Yes,4.766534,117.511201
2007,37,2. Married,1. White,4. College Grad,2. Middle Atlantic,1. Industrial,2. >=Very Good,1. Yes,5.314905,203.345169
2007,79,2. Married,1. White,1. < HS Grad,2. Middle Atlantic,2. Information,2. >=Very Good,1. Yes,4.837252,126.122301
2005,53,1. Never Married,1. White,2. HS Grad,2. Middle Atlantic,1. Industrial,2. >=Very Good,1. Yes,4.948257,140.929117
2003,29,2. Married,1. White,5. Advanced Degree,2. Middle Atlantic,1. Industrial,2. >=Very Good,1. Yes,5.129163,168.875731
2009,75,1. Never Married,1. White,3. Some College,2. Middle Atlantic,2. Information,2. >=Very Good,1. Yes,4.804211,122.02312
2007,55,1. Never Married,1. White,2. HS Grad,2. Middle Atlantic,2. Information,2. >=Very Good,2. No,5.275334,195.45571
2003,54,1. Never Married,1. White,4. College Grad,2. Middle Atlantic,2. Information,1. <=Good,2. No,5.312804,202.918467
2005,53,4. Divorced,1. White,2. HS Grad,2. Middle Atlantic,1. Industrial,1. <=Good,1. Yes,5.132651,169.465696
2003,34,2. Married,1. White,1. < HS Grad,2. Middle Atlantic,2. Information,2. >=Very Good,1. Yes,4.681304,107.910742
2008,60,2. Married,1. White,5. Advanced Degree,2. Middle Atlantic,2. Information,1. <=Good,1. Yes,5.483372,240.656765
2008,70,2. Married,1. White,3. Some College,2. Middle Atlantic,1. Industrial,2. >=Very Good,1. Yes,5.313291,203.017239
2003,45,2. Married,1. White,4. College Grad,2. Middle Atlantic,1. Industrial,2. >=Very Good,1. Yes,4.844634,127.056808
2007,76,2. Married,1. White,4. College Grad,2. Middle Atlantic,2. Information,2. >=Very Good,1. Yes,4.979198,145.357747
2009,34,1. Never Married,1. White,1. < HS Grad,2. Middle Atlantic,2. Information,2. >=Very Good,1. Yes,4.541378,93.820028
2007,27,1. Never Married,4. Other,2. HS Grad,2. Middle Atlantic,1. Industrial,2. >=Very Good,2. No,4.792324,120.58131
2003,52,2. Married,1. White,5. Advanced Degree,2. Middle Atlantic,2. Information,2. >=Very Good,2. No,5.660469,287.283368
2003,39,1. Never Married,1. White,3. Some College,2. Middle Atlantic,1. Industrial,2. >=Very Good,1. Yes,4.743914,114.883003
2006,50,2. Married,1. White,4. College Grad,2. Middle Atlantic,2. Information,1. <=Good,1. Yes,5.646081,283.179589
2003,39,2. Married,1. White,3. Some College,2. Middle Atlantic,1. Industrial,1. <=Good,1. Yes,4.963722,143.125485
2009,39,4. Divorced,1. White,1. < HS Grad,2. Middle Atlantic,1. Industrial,2. >=Very Good,1. Yes,5.202017,181.638157
2009,62,5. Separated,1. White,4. College Grad,2. Middle Atlantic,2. Information,2. >=Very Good,1. Yes,5.122875,167.817167
2007,64,4. Divorced,1. White,5. Advanced Degree,2. Middle Atlantic,2. Information,2. >=Very Good,1. Yes,5.308251,201.996627
2009,34,2. Married,1. White,2. HS Grad,2. Middle Atlantic,1. Industrial,1. <=Good,1. Yes,4.442725,85.006239
2003,24,2. Married,1. White,4. College Grad,2. Middle Atlantic,1. Industrial,2. >=Very Good,1. Yes,4.621657,101.662377
2008,22,2. Married,3. Asian,1. < HS Grad,2. Middle Atlantic,2. Information,1. <=Good,1. Yes,4.180034,65.36809
2007,76,2. Married,1. White,1. < HS Grad,2. Middle Atlantic,2. Information,2. >=Very Good,1. Yes,4.658454,105.472864
2005,58,2. Married,1. White,2. HS Grad,2. Middle Atlantic,2. Information,1. <=Good,1. Yes,5.088083,162.07886
2005,23,2. Married,1. White,5. Advanced Degree,2. Middle Atlantic,2. Information,2. >=Very Good,1. Yes,4.643814,103.940071
2006,18,2. Married,1. White,4. College Grad,2. Middle Atlantic,2. Information,2. >=Very Good,2. No,4.217006,67.830087
2006,63,2. Married,1. White,2. HS Grad,2. Middle Atlantic,2. Information,2. >=Very Good,2. No,4.998627,148.209601
2009,54,2. Married,1. White,4. College Grad,2. Middle Atlantic,2. Information,2. >=Very Good,2. No,5.25047,190.655853
2009,63,2. Married,1. White,1. < HS Grad,2. Middle Atlantic,2. Information,2. >=Very Good,1. Yes,4.898504,134.089071
2003,35,2. Married,1. White,1. < HS Grad,2. Middle Atlantic,2. Information,1. <=Good,1. Yes,4.737928,114.197352
2006,21,2. Married,1. White,4. College Grad,2. Middle Atlantic,1. Industrial,1. <=Good,1. Yes,4.541521,93.833447
2006,55,3. Widowed,1. White,3. Some College,2. Middle Atlantic,1. Industrial,2. >=Very Good,1. Yes,5.169343,175.799238
2007,54,2. Married,2. Black,4. College Grad,2. Middle Atlantic,2. Information,2. >=Very Good,1. Yes,5.028439,152.694421
2004,58,1. Never Married,2. Black,2. HS Grad,2. Middle Atlantic,1. Industrial,2. >=Very Good,1. Yes,5.091575,162.64581
2007,35,2. Married,1. White,2. HS Grad,2. Middle Atlantic,1. Industrial,2. >=Very Good,1. Yes,4.78369,119.544705
2008,29,2. Married,1. White,4. College Grad,2. Middle Atlantic,1. Industrial,2. >=Very Good,2. No,4.940775,139.878594
2005,43,2. Married,1. White,3. Some College,2. Middle Atlantic,2. Information,2. >=Very Good,1. Yes,5.036543,153.936931
2007,33,2. Married,1. White,2. HS Grad,2. Middle Atlantic,1. Industrial,1. <=Good,1. Yes,4.98098,145.617079
2006,66,2. Married,1. White,2. HS Grad,2. Middle Atlantic,2. Information,2. >=Very Good,1. Yes,4.365089,78.656374
2004,27,1. Never Married,4. Other,2. HS Grad,2. Middle Atlantic,2. Information,1. <=Good,1. Yes,4.281536,72.351481
2007,25,1. Never Married,1. White,4. College Grad,2. Middle Atlantic,1. Industrial,1. <=Good,1. Yes,4.958616,142.396539
2003,64,1. Never Married,1. White,3. Some College,2. Middle Atlantic,2. Information,1. <=Good,2. No,5.015356,150.709852
2006,22,1. Never Married,3. Asian,2. HS Grad,2. Middle Atlantic,1. Industrial,2. >=Very Good,2. No,4.247795,69.950978
2004,30,2. Married,1. White,2. HS Grad,2. Middle Atlantic,1. Industrial,2. >=Very Good,1. Yes,4.126119,61.937094
2007,57,3. Widowed,2. Black,2. HS Grad,2. Middle Atlantic,1. Industrial,2. >=Very Good,1. Yes,5.453096,233.479822
2004,35,2. Married,1. White,2. HS Grad,2. Middle Atlantic,1. Industrial,2. >=Very Good,2. No,4.663196,105.974246
2008,21,2. Married,1. White,2. HS Grad,2. Middle Atlantic,2. Information,2. >=Very Good,1. Yes,3.992147,54.171074
2004,30,2. Married,1. White,4. College Grad,2. Middle Atlantic,2. Information,1. <=Good,1. Yes,4.984049,146.064586
2006,68,5. Separated,1. White,2. HS Grad,2. Middle Atlantic,1. Industrial,2. >=Very Good,1. Yes,5.027294,152.519714
2005,20,1. Never Married,4. Other,3. Some College,2. Middle Atlantic,1. Industrial,2. >=Very Good,2. No,4.280527,72.278499
2007,77,2. Married,4. Other,2. HS Grad,2. Middle Atlantic,2. Information,1. <=Good,2. No,5.425487,227.121823
2005,44,1. Never Married,3. Asian,4. College Grad,2. Middle Atlantic,1. Industrial,2. >=Very Good,1. Yes,4.918188,136.754556
2009,24,2. Married,1. White,3. Some College,2. Middle Atlantic,1. Industrial,2. >=Very Good,1. Yes,4.558562,95.446156
2004,63,2. Married,2. Black,5. Advanced Degree,2. Middle Atlantic,2. Information,2. >=Very Good,1. Yes,5.43997,230.43528
2005,21,1. Never Married,3. Asian,4. College Grad,2. Middle Atlantic,2. Information,2. >=Very Good,2. No,4.963471,143.08956
2003,37,2. Married,1. White,3. Some College,2. Middle Atlantic,2. Information,2. >=Very Good,1. Yes,4.946286,140.651652
2005,77,1. Never Married,3. Asian,4. College Grad,2. Middle Atlantic,2. Information,2. >=Very Good,2. No,5.124962,168.167717
2007,73,2. Married,1. White,3. Some College,2. Middle Atlantic,1. Industrial,2. >=Very Good,1. Yes,4.771241,118.065706
2006,69,1. Never Married,1. White,4. College Grad,2. Middle Atlantic,1. Industrial,2. >=Very Good,1. Yes,4.788296,120.096501
2005,42,2. Married,1. White,2. HS Grad,2. Middle Atlantic,2. Information,2. >=Very Good,1. Yes,4.760619,116.81822
2009,57,4. Divorced,1. White,3. Some College,2. Middle Atlantic,1. Industrial,2. >=Very Good,1. Yes,4.79609,121.036232
2006,46,2. Married,4. Other,3. Some College,2. Middle Atlantic,2. Information,1. <=Good,2. No,4.877671,131.324414
2007,70,2. Married,1. White,1. < HS Grad,2. Middle Atlantic,2. Information,2. >=Very Good,1. Yes,4.621996,101.696865
2003,57,2. Married,1. White,3. Some College,2. Middle Atlantic,2. Information,2. >=Very Good,2. No,4.924821,137.664766
2005,58,1. Never Married,1. White,5. Advanced Degree,2. Middle Atlantic,1. Industrial,1. <=Good,1. Yes,5.388367,218.845756
2006,49,1. Never Married,1. White,2. HS Grad,2. Middle Atlantic,2. Information,2. >=Very Good,2. No,4.965869,143.433197
2003,42,2. Married,2. Black,5. Advanced Degree,2. Middle Atlantic,2. Information,2. >=Very Good,2. No,5.407995,223.183648
2008,61,2. Married,1. White,2. HS Grad,2. Middle Atlantic,1. Industrial,2. >=Very Good,1. Yes,5.073463,159.726559
2008,30,4. Divorced,4. Other,4. College Grad,2. Middle Atlantic,2. Information,2. >=Very Good,1. Yes,5.062183,157.934862
2007,65,1. Never Married,1. White,5. Advanced Degree,2. Middle Atlantic,1. Industrial,2. >=Very Good,2. No,5.256144,191.740668
2008,71,4. Divorced,1. White,4. College Grad,2. Middle Atlantic,1. Industrial,2. >=Very Good,1. Yes,5.146994,171.913869
2005,51,2. Married,1. White,4. College Grad,2. Middle Atlantic,2. Information,2. >=Very Good,1. Yes,5.385028,218.11616
2007,42,4. Divorced,2. Black,2. HS Grad,2. Middle Atlantic,2. Information,1. <=Good,1. Yes,4.924509,137.621686
2007,58,1. Never Married,2. Black,2. HS Grad,2. Middle Atlantic,1. Industrial,1. <=Good,1. Yes,5.22459,185.785065
2008,66,2. Married,3. Asian,3. Some College,2. Middle Atlantic,2. Information,2. >=Very Good,2. No,4.934829,139.049352
2004,69,5. Separated,1. White,4. College Grad,2. Middle Atlantic,1. Industrial,2. >=Very Good,1. Yes,5.211302,183.33253
2003,51,2. Married,1. White,4. College Grad,2. Middle Atlantic,1. Industrial,2. >=Very Good,2. No,5.22066,185.056312
2009,46,4. Divorced,1. White,3. Some College,2. Middle Atlantic,2. Information,2. >=Very Good,2. No,5.305822,201.506644
2005,64,2. Married,1. White,5. Advanced Degree,2. Middle Atlantic,1. Industrial,2. >=Very Good,1. Yes,5.346481,209.868562
2008,41,2. Married,1. White,3. Some College,2. Middle Atlantic,1. Industrial,2. >=Very Good,2. No,5.39724,220.796268
2005,52,5. Separated,1. White,4. College Grad,2. Middle Atlantic,1. Industrial,2. >=Very Good,2. No,5.10488,164.824226
2005,61,1. Never Married,1. White,2. HS Grad,2. Middle Atlantic,2. Information,1. <=Good,1. Yes,5.132564,169.451054
2004,59,2. Married,2. Black,2. HS Grad,2. Middle Atlantic,1. Industrial,2. >=Very Good,1. Yes,4.962938,143.013419
2004,26,2. Married,1. White,4. College Grad,2. Middle Atlantic,1. Industrial,2. >=Very Good,1. Yes,4.889926,132.943681
2007,45,4. Divorced,4. Other,3. Some College,2. Middle Atlantic,2. Information,1. <=Good,1. Yes,4.956074,142.035079
2005,47,2. Married,1. White,2. HS Grad,2. Middle Atlantic,1. Industrial,2. >=Very Good,2. No,5.008893,149.738857
2009,68,2. Married,4. Other,4. College Grad,2. Middle Atlantic,1. Industrial,2. >=Very Good,1. Yes,4.997047,147.975478
2008,69,1. Never Married,1. White,2. HS Grad,2. Middle Atlantic,1. Industrial,1. <=Good,1. Yes,4.74869,115.432914
2005,63,2. Married,1. White,3. Some College,2. Middle Atlantic,1. Industrial,2. >=Very Good,1. Yes,4.79572,120.991477
2003,32,2. Married,1. White,2. HS Grad,2. Middle Atlantic,1. Industrial,2. >=Very Good,1. Yes,4.867203,129.956964
2007,57,2. Married,1. White,4. College Grad,2. Middle Atlantic,2. Information,1. <=Good,1. Yes,5.360347,212.798741
2008,63,2. Married,1. White,3. Some College,2. Middle Atlantic,1. Industrial,2. >=Very Good,1. Yes,5.36062,212.856895
2009,79,1. Never Married,1. White,4. College Grad,2. Middle Atlantic,1. Industrial,2. >=Very Good,2. No,5.121106,167.520626
2007,69,2. Married,1. White,4. College Grad,2. Middle Atlantic,2. Information,2. >=Very Good,1. Yes,5.106763,165.134914
2007,33,2. Married,1. White,5. Advanced Degree,2. Middle Atlantic,1. Industrial,2. >=Very Good,1. Yes,5.195568,180.470546
2008,79,2. Married,1. White,2. HS Grad,2. Middle Atlantic,1. Industrial,2. >=Very Good,1. Yes,4.780619,119.17815
2009,79,1. Never Married,1. White,1. < HS Grad,2. Middle Atlantic,1. Industrial,1. <=Good,1. Yes,4.422679,83.319192
2008,50,2. Married,1. White,2. HS Grad,2. Middle Atlantic,2. Information,1. <=Good,1. Yes,4.922422,137.33485
2006,62,4. Divorced,1. White,3. Some College,2. Middle Atlantic,1. Industrial,2. >=Very Good,1. Yes,5.079471,160.689091
2008,48,5. Separated,1. White,4. College Grad,2. Middle Atlantic,2. Information,2. >=Very Good,1. Yes,5.440193,230.486632
2008,72,2. Married,1. White,5. Advanced Degree,2. Middle Atlantic,1. Industrial,2. >=Very Good,1. Yes,5.520368,249.726913
2004,50,2. Married,1. White,1. < HS Grad,2. Middle Atlantic,2. Information,1. <=Good,2. No,4.524578,92.256992
2004,39,2. Married,1. White,4. College Grad,2. Middle Atlantic,2. Information,1. <=Good,2. No,5.128114,168.698683
2003,49,2. Married,1. White,4. College Grad,2. Middle Atlantic,2. Information,2. >=Very Good,1. Yes,5.346981,209.973398
2009,80,2. Married,1. White,3. Some College,2. Middle Atlantic,1. Industrial,2. >=Very Good,1. Yes,4.935622,139.159618
2004,69,2. Married,2. Black,2. HS Grad,2. Middle Atlantic,2. Information,1. <=Good,2. No,4.603715,99.854626
2007,40,5. Separated,1. White,3. Some College,2. Middle Atlantic,2. Information,2. >=Very Good,1. Yes,4.836083,125.974923
2009,77,1. Never Married,1. White,4. College Grad,2. Middle Atlantic,2. Information,1. <=Good,1. Yes,4.859827,129.001889
2003,42,2. Married,1. White,2. HS Grad,2. Middle Atlantic,2. Information,1. <=Good,2. No,5.046055,155.408199
2004,34,4. Divorced,2. Black,3. Some College,2. Middle Atlantic,1. Industrial,2. >=Very Good,1. Yes,5.001462,148.6303
2003,35,1. Never Married,3. Asian,2. HS Grad,2. Middle Atlantic,2. Information,2. >=Very Good,2. No,4.816228,123.49843
2004,26,2. Married,2. Black,1. < HS Grad,2. Middle Atlantic,2. Information,1. <=Good,2. No,4.264282,71.113812
2003,36,1. Never Married,1. White,2. HS Grad,2. Middle Atlantic,1. Industrial,2. >=Very Good,1. Yes,4.862124,129.29857
2005,75,2. Married,1. White,2. HS Grad,2. Middle Atlantic,2. Information,2. >=Very Good,2. No,4.892568,133.295414
2003,47,4. Divorced,1. White,4. College Grad,2. Middle Atlantic,2. Information,1. <=Good,2. No,5.075052,159.980473
2004,37,4. Divorced,1. White,4. College Grad,2. Middle Atlantic,2. Information,2. >=Very Good,1. Yes,5.200635,181.387383
2008,74,2. Married,1. White,2. HS Grad,2. Middle Atlantic,2. Information,2. >=Very Good,1. Yes,5.153991,173.121056
2005,30,4. Divorced,1. White,2. HS Grad,2. Middle Atlantic,2. Information,2. >=Very Good,1. Yes,4.596952,99.181519
2005,27,4. Divorced,1. White,3. Some College,2. Middle Atlantic,2. Information,2. >=Very Good,1. Yes,4.422276,83.285669
2007,20,1. Never Married,1. White,3. Some College,2. Middle Atlantic,2. Information,1. <=Good,1. Yes,4.791845,120.523524
2005,27,1. Never Married,3. Asian,3. Some College,2. Middle Atlantic,1. Industrial,2. >=Very Good,1. Yes,4.978172,145.20865
2008,68,2. Married,2. Black,3. Some College,2. Middle Atlantic,2. Information,2. >=Very Good,1. Yes,4.95027,141.213109
2007,25,2. Married,1. White,3. Some College,2. Middle Atlantic,1. Industrial,2. >=Very Good,2. No,4.886822,132.531661
2007,37,1. Never Married,2. Black,3. Some College,2. Middle Atlantic,1. Industrial,1. <=Good,1. Yes,4.7491,115.480351
2005,75,2. Married,1. White,1. < HS Grad,2. Middle Atlantic,2. Information,1. <=Good,1. Yes,4.356565,77.988772
2008,64,1. Never Married,4. Other,2. HS Grad,2. Middle Atlantic,1. Industrial,2. >=Very Good,1. Yes,4.985158,146.2267
2006,64,2. Married,1. White,4. College Grad,2. Middle Atlantic,1. Industrial,2. >=Very Good,1. Yes,5.237226,188.147381
2006,61,2. Married,1. White,4. College Grad,2. Middle Atlantic,2. Information,2. >=Very Good,2. No,5.274183,195.231004
2009,78,4. Divorced,1. White,2. HS Grad,2. Middle Atlantic,2. Information,2. >=Very Good,2. No,4.802368,121.798434
2009,43,1. Never Married,1. White,3. Some College,2. Middle Atlantic,2. Information,2. >=Very Good,1. Yes,4.628224,102.332121
2007,50,2. Married,1. White,2. HS Grad,2. Middle Atlantic,1. Industrial,2. >=Very Good,1. Yes,4.368572,78.930816
2006,38,2. Married,1. White,3. Some College,2. Middle Atlantic,1. Industrial,2. >=Very Good,2. No,4.889753,132.920753
2006,34,2. Married,1. White,3. Some College,2. Middle Atlantic,1. Industrial,1. <=Good,1. Yes,4.814498,123.284886
2005,53,1. Never Married,1. White,3. Some College,2. Middle Atlantic,1. Industrial,2. >=Very Good,2. No,4.8846,132.237513
2008,51,2. Married,1. White,3. Some College,2. Middle Atlantic,1. Industrial,2. >=Very Good,1. Yes,5.2358,187.879396
2003,60,2. Married,1. White,3. Some College,2. Middle Atlantic,2. Information,1. <=Good,1. Yes,5.04012,154.488477
2006,72,2. Married,1. White,3. Some College,2. Middle Atlantic,2. Information,1. <=Good,2. No,5.048901,155.85106
2003,34,2. Married,3. Asian,4. College Grad,2. Middle Atlantic,2. Information,1. <=Good,2. No,5.343758,209.297793
2009,50,1. Never Married,2. Black,2. HS Grad,2. Middle Atlantic,1. Industrial,2. >=Very Good,1. Yes,4.646792,104.25002
2008,73,2. Married,1. White,3. Some College,2. Middle Atlantic,2. Information,2. >=Very Good,2. No,4.56083,95.662863
2006,49,1. Never Married,1. White,2. HS Grad,2. Middle Atlantic,1. Industrial,2. >=Very Good,2. No,5.164745,174.992796
2004,25,2. Married,3. Asian,4. College Grad,2. Middle Atlantic,2. Information,2. >=Very Good,1. Yes,4.738725,114.288344
2004,36,1. Never Married,1. White,3. Some College,2. Middle Atlantic,2. Information,2. >=Very Good,1. Yes,5.027743,152.588294
2006,57,4. Divorced,1. White,3. Some College,2. Middle Atlantic,1. Industrial,2. >=Very Good,1. Yes,5.33469,207.408479
2003,44,1. Never Married,1. White,4. College Grad,2. Middle Atlantic,1. Industrial,1. <=Good,1. Yes,5.371905,215.272573
2006,35,1. Never Married,2. Black,5. Advanced Degree,2. Middle Atlantic,1. Industrial,2. >=Very Good,2. No,4.878404,131.420704
2006,56,1. Never Married,3. Asian,3. Some College,2. Middle Atlantic,2. Information,2. >=Very Good,1. Yes,4.746303,115.157759
2009,30,2. Married,1. White,5. Advanced Degree,2. Middle Atlantic,2. Information,2. >=Very Good,1. Yes,5.112202,166.035523
2005,33,1. Never Married,3. Asian,3. Some College,2. Middle Atlantic,2. Information,2. >=Very Good,1. Yes,4.937582,139.43267
2003,65,2. Married,1. White,4. College Grad,2. Middle Atlantic,2. Information,2. >=Very Good,2. No,5.323037,205.005546
2004,39,2. Married,1. White,2. HS Grad,2. Middle Atlantic,2. Information,2. >=Very Good,2. No,5.121334,167.558685
2005,72,2. Married,1. White,3. Some College,2. Middle Atlantic,2. Information,2. >=Very Good,2. No,5.139905,170.699496
2009,26,2. Married,2. Black,3. Some College,2. Middle Atlantic,1. Industrial,2. >=Very Good,1. Yes,4.877483,131.299787
2008,27,5. Separated,1. White,2. HS Grad,2. Middle Atlantic,1. Industrial,2. >=Very Good,1. Yes,4.621546,101.65107
2007,40,2. Married,2. Black,1. < HS Grad,2. Middle Atlantic,1. Industrial,2. >=Very Good,2. No,4.528415,92.611644
2003,57,2. Married,2. Black,3. Some College,2. Middle Atlantic,1. Industrial,2. >=Very Good,1. Yes,5.115432,166.572684
2007,44,2. Married,1. White,5. Advanced Degree,2. Middle Atlantic,2. Information,2. >=Very Good,1. Yes,5.413374,224.387435
2005,55,1. Never Married,2. Black,5. Advanced Degree,2. Middle Atlantic,2. Information,1. <=Good,1. Yes,5.461931,235.55193
2009,68,2. Married,1. White,2. HS Grad,2. Middle Atlantic,1. Industrial,1. <=Good,1. Yes,5.003167,148.883894
2004,40,5. Separated,3. Asian,3. Some College,2. Middle Atlantic,2. Information,1. <=Good,2. No,4.928394,138.157436
2004,41,1. Never Married,3. Asian,2. HS Grad,2. Middle Atlantic,1. Industrial,2. >=Very Good,1. Yes,4.72832,113.105382
2005,46,2. Married,2. Black,5. Advanced Degree,2. Middle Atlantic,2. Information,2. >=Very Good,1. Yes,5.34686,209.948091
2003,37,2. Married,1. White,2. HS Grad,2. Middle Atlantic,1. Industrial,1. <=Good,1. Yes,5.130891,169.167776
2006,51,2. Married,1. White,4. College Grad,2. Middle Atlantic,2. Information,2. >=Very Good,1. Yes,4.647604,104.334735
2006,36,1. Never Married,3. Asian,3. Some College,2. Middle Atlantic,2. Information,2. >=Very Good,1. Yes,4.733036,113.640072
2006,23,4. Divorced,1. White,2. HS Grad,2. Middle Atlantic,1. Industrial,2. >=Very Good,1. Yes,4.462407,86.695974
2003,71,2. Married,1. White,2. HS Grad,2. Middle Atlantic,1. Industrial,2. >=Very Good,1. Yes,5.041773,154.744159
2004,72,2. Married,1. White,2. HS Grad,2. Middle Atlantic,1. Industrial,2. >=Very Good,1. Yes,4.656852,105.304061
2005,23,2. Married,1. White,2. HS Grad,2. Middle Atlantic,1. Industrial,2. >=Very Good,2. No,4.404854,81.847233
2004,75,2. Married,1. White,4. College Grad,2. Middle Atlantic,2. Information,1. <=Good,1. Yes,5.015186,150.684088
2009,49,2. Married,1. White,3. Some College,2. Middle Atlantic,1. Industrial,2. >=Very Good,1. Yes,5.16736,175.451029
2007,51,2. Married,1. White,3. Some College,2. Middle Atlantic,2. Information,2. >=Very Good,1. Yes,5.233461,187.440382
2008,34,1. Never Married,2. Black,4. College Grad,2. Middle Atlantic,1. Industrial,2. >=Very Good,2. No,5.187248,178.975304
2008,34,2. Married,1. White,4. College Grad,2. Middle Atlantic,2. Information,2. >=Very Good,1. Yes,4.870721,130.414857
2005,78,2. Married,1. White,2. HS Grad,2. Middle Atlantic,1. Industrial,1. <=Good,1. Yes,5.05399,156.64622
2005,66,4. Divorced,2. Black,4. College Grad,2. Middle Atlantic,1. Industrial,2. >=Very Good,1. Yes,5.234596,187.653279
2008,49,4. Divorced,1. White,5. Advanced Degree,2. Middle Atlantic,2. Information,2. >=Very Good,1. Yes,5.266413,193.719851
2004,51,1. Never Married,1. White,3. Some College,2. Middle Atlantic,2. Information,2. >=Very Good,2. No,5.058263,157.316942
2004,60,2. Married,3. Asian,4. College Grad,2. Middle Atlantic,1. Industrial,1. <=Good,1. Yes,5.233528,187.452931
2004,49,2. Married,2. Black,3. Some College,2. Middle Atlantic,2. Information,2. >=Very Good,2. No,4.911186,135.800409
2005,42,2. Married,1. White,4. College Grad,2. Middle Atlantic,1. Industrial,2. >=Very Good,1. Yes,5.03073,153.044639
2005,18,2. Married,1. White,2. HS Grad,2. Middle Atlantic,1. Industrial,2. >=Very Good,1. Yes,4.359049,78.182725
2008,55,2. Married,1. White,2. HS Grad,2. Middle Atlantic,2. Information,1. <=Good,1. Yes,5.430732,228.316373
2009,63,1. Never Married,1. White,2. HS Grad,2. Middle Atlantic,1. Industrial,2. >=Very Good,1. Yes,4.92078,137.109557
2009,55,1. Never Married,1. White,4. College Grad,2. Middle Atlantic,2. Information,2. >=Very Good,1. Yes,5.432445,228.707808
2009,54,2. Married,3. Asian,3. Some College,2. Middle Atlantic,2. Information,2. >=Very Good,1. Yes,5.357813,212.260129
2006,44,2. Married,2. Black,2. HS Grad,2. Middle Atlantic,2. Information,2. >=Very Good,1. Yes,4.629714,102.484756
2007,61,2. Married,1. White,4. College Grad,2. Middle Atlantic,2. Information,1. <=Good,1. Yes,5.024796,152.139209
2009,77,2. Married,1. White,2. HS Grad,2. Middle Atlantic,2. Information,1. <=Good,2. No,4.872964,130.70782
2003,26,2. Married,1. White,3. Some College,2. Middle Atlantic,1. Industrial,1. <=Good,1. Yes,4.462461,86.700658
2006,79,4. Divorced,1. White,1. < HS Grad,2. Middle Atlantic,1. Industrial,2. >=Very Good,2. No,4.552664,94.884866
2004,44,1. Never Married,1. White,3. Some College,2. Middle Atlantic,2. Information,2. >=Very Good,1. Yes,4.785228,119.728654
2006,58,2. Married,1. White,2. HS Grad,2. Middle Atlantic,1. Industrial,2. >=Very Good,1. Yes,4.89259,133.298329
2007,73,4. Divorced,3. Asian,4. College Grad,2. Middle Atlantic,1. Industrial,1. <=Good,1. Yes,5.038418,154.225888
2007,29,2. Married,2. Black,3. Some College,2. Middle Atlantic,1. Industrial,2. >=Very Good,1. Yes,5.179417,177.579328
2003,64,2. Married,1. White,2. HS Grad,2. Middle Atlantic,2. Information,2. >=Very Good,2. No,5.151144,172.628821
2006,73,3. Widowed,1. White,1. < HS Grad,2. Middle Atlantic,1. Industrial,2. >=Very Good,2. No,4.654911,105.09987
2009,51,4. Divorced,2. Black,2. HS Grad,2. Middle Atlantic,1. Industrial,2. >=Very Good,2. No,4.916746,136.55757
2007,76,2. Married,2. Black,4. College Grad,2. Middle Atlantic,2. Information,1. <=Good,1. Yes,5.193388,180.077559
2007,63,1. Never Married,1. White,1. < HS Grad,2. Middle Atlantic,2. Information,1. <=Good,1. Yes,4.511256,91.036079
2003,19,1. Never Married,1. White,3. Some College,2. Middle Atlantic,2. Information,2. >=Very Good,1. Yes,4.655894,105.203242
2006,48,2. Married,3. Asian,5. Advanced Degree,2. Middle Atlantic,2. Information,2. >=Very Good,1. Yes,5.149486,172.342802
2004,50,2. Married,1. White,4. College Grad,2. Middle Atlantic,1. Industrial,2. >=Very Good,2. No,5.06527,158.423274
2007,65,2. Married,3. Asian,4. College Grad,2. Middle Atlantic,1. Industrial,2. >=Very Good,2. No,5.031291,153.13057
2006,37,2. Married,3. Asian,5. Advanced Degree,2. Middle Atlantic,2. Information,2. >=Very Good,1. Yes,5.394744,220.245822
2005,29,2. Married,4. Other,3. Some College,2. Middle Atlantic,1. Industrial,2. >=Very Good,1. Yes,4.909741,135.604221
2005,50,2. Married,1. White,4. College Grad,2. Middle Atlantic,1. Industrial,1. <=Good,1. Yes,5.155187,173.328214
2003,75,2. Married,1. White,5. Advanced Degree,2. Middle Atlantic,1. Industrial,2. >=Very Good,2. No,5.189735,179.420934
2004,31,2. Married,1. White,4. College Grad,2. Middle Atlantic,2. Information,2. >=Very Good,1. Yes,4.971576,144.254022
2006,27,1. Never Married,1. White,4. College Grad,2. Middle Atlantic,1. Industrial,2. >=Very Good,2. No,4.72686,112.940323
2005,58,2. Married,1. White,4. College Grad,2. Middle Atlantic,2. Information,2. >=Very Good,2. No,5.42107,226.120959
2008,44,2. Married,1. White,4. College Grad,2. Middle Atlantic,1. Industrial,2. >=Very Good,2. No,5.305771,201.49621
2006,60,2. Married,1. White,2. HS Grad,2. Middle Atlantic,2. Information,1. <=Good,1. Yes,4.959872,142.575536
2006,52,2. Married,2. Black,1. < HS Grad,2. Middle Atlantic,1. Industrial,2. >=Very Good,1. Yes,4.894868,133.60231
2004,29,2. Married,1. White,2. HS Grad,2. Middle Atlantic,2. Information,2. >=Very Good,2. No,4.599092,99.393991
2004,40,1. Never Married,1. White,4. College Grad,2. Middle Atlantic,2. Information,1. <=Good,1. Yes,4.845843,127.210442
2005,18,1. Never Married,1. White,5. Advanced Degree,2. Middle Atlantic,2. Information,2. >=Very Good,2. No,4.955735,141.986951
2005,44,2. Married,3. Asian,2. HS Grad,2. Middle Atlantic,2. Information,2. >=Very Good,1. Yes,4.767258,117.59631
2005,28,2. Married,1. White,3. Some College,2. Middle Atlantic,1. Industrial,1. <=Good,1. Yes,4.566075,96.165925
2003,79,2. Married,1. White,3. Some College,2. Middle Atlantic,2. Information,2. >=Very Good,1. Yes,4.819857,123.947387
2004,74,2. Married,3. Asian,1. < HS Grad,2. Middle Atlantic,2. Information,2. >=Very Good,1. Yes,4.735647,113.937136
2003,52,1. Never Married,2. Black,4. College Grad,2. Middle Atlantic,1. Industrial,1. <=Good,2. No,5.113672,166.279826
2005,52,1. Never Married,2. Black,2. HS Grad,2. Middle Atlantic,1. Industrial,2. >=Very Good,1. Yes,5.092983,162.875035
2009,64,1. Never Married,3. Asian,1. < HS Grad,2. Middle Atlantic,2. Information,1. <=Good,1. Yes,5.17833,177.3864
2007,66,1. Never Married,1. White,2. HS Grad,2. Middle Atlantic,2. Information,2. >=Very Good,1. Yes,4.961217,142.76741
2008,78,2. Married,1. White,2. HS Grad,2. Middle Atlantic,1. Industrial,2. >=Very Good,2. No,4.79174,120.510918
2007,21,2. Married,4. Other,3. Some College,2. Middle Atlantic,1. Industrial,2. >=Very Good,1. Yes,4.325222,75.582298
2003,35,2. Married,2. Black,2. HS Grad,2. Middle Atlantic,1. Industrial,2. >=Very Good,1. Yes,4.778196,118.889724
2008,63,2. Married,1. White,2. HS Grad,2. Middle Atlantic,2. Information,2. >=Very Good,1. Yes,4.923214,137.443655
2008,73,2. Married,1. White,4. College Grad,2. Middle Atlantic,1. Industrial,2. >=Very Good,1. Yes,5.342698,209.07612
2004,29,4. Divorced,3. Asian,2. HS Grad,2. Middle Atlantic,2. Information,2. >=Very Good,1. Yes,4.921084,137.151232
2007,38,2. Married,1. White,3. Some College,2. Middle Atlantic,1. Industrial,2. >=Very Good,1. Yes,4.972901,144.445251
2007,35,2. Married,1. White,1. < HS Grad,2. Middle Atlantic,2. Information,1. <=Good,1. Yes,4.436162,84.450206
2007,57,2. Married,2. Black,4. College Grad,2. Middle Atlantic,2. Information,2. >=Very Good,2. No,5.517759,249.076305
2006,75,2. Married,1. White,3. Some College,2. Middle Atlantic,2. Information,1. <=Good,1. Yes,4.965743,143.415071
2003,18,2. Married,1. White,2. HS Grad,2. Middle Atlantic,2. Information,1. <=Good,1. Yes,4.593552,98.844951
2004,27,3. Widowed,1. White,5. Advanced Degree,2. Middle Atlantic,2. Information,2. >=Very Good,2. No,4.805852,122.223621
2005,20,2. Married,1. White,4. College Grad,2. Middle Atlantic,1. Industrial,1. <=Good,1. Yes,4.876129,131.122161
2005,63,2. Married,1. White,5. Advanced Degree,2. Middle Atlantic,1. Industrial,1. <=Good,1. Yes,4.913043,136.052794
2009,59,2. Married,1. White,5. Advanced Degree,2. Middle Atlantic,1. Industrial,2. >=Very Good,1. Yes,5.078386,160.514707
2007,69,2. Married,1. White,2. HS Grad,2. Middle Atlantic,1. Industrial,2. >=Very Good,2. No,4.243058,69.620439
2006,68,1. Never Married,2. Black,3. Some College,2. Middle Atlantic,1. Industrial,2. >=Very Good,1. Yes,4.981193,145.648031
2007,71,4. Divorced,1. White,3. Some College,2. Middle Atlantic,1. Industrial,1. <=Good,1. Yes,4.938863,139.611474
2003,50,1. Never Married,1. White,2. HS Grad,2. Middle Atlantic,1. Industrial,1. <=Good,1. Yes,5.23667,188.042826
2003,64,2. Married,2. Black,4. College Grad,2. Middle Atlantic,2. Information,2. >=Very Good,1. Yes,5.219676,184.874246
2005,46,1. Never Married,1. White,3. Some College,2. Middle Atlantic,1. Industrial,1. <=Good,1. Yes,4.591129,98.605723
2009,30,5. Separated,3. Asian,5. Advanced Degree,2. Middle Atlantic,2. Information,2. >=Very Good,1. Yes,5.066062,158.548723
2005,26,2. Married,4. Other,2. HS Grad,2. Middle Atlantic,1. Industrial,2. >=Very Good,2. No,4.198477,66.58483
2004,55,2. Married,1. White,5. Advanced Degree,2. Middle Atlantic,2. Information,2. >=Very Good,2. No,4.834097,125.725018
2008,20,1. Never Married,2. Black,2. HS Grad,2. Middle Atlantic,1. Industrial,1. <=Good,1. Yes,4.457203,86.245929
2009,62,2. Married,2. Black,1. < HS Grad,2. Middle Atlantic,2. Information,2. >=Very Good,1. Yes,4.482884,88.489522
2007,18,1. Never Married,2. Black,1. < HS Grad,2. Middle Atlantic,2. Information,1. <=Good,1. Yes,4.052689,57.551983
2006,29,2. Married,1. White,5. Advanced Degree,2. Middle Atlantic,2. Information,1. <=Good,1. Yes,4.849736,127.706654
2006,19,2. Married,2. Black,3. Some College,2. Middle Atlantic,2. Information,1. <=Good,1. Yes,4.775757,118.600005
2003,64,1. Never Married,3. Asian,3. Some College,2. Middle Atlantic,2. Information,2. >=Very Good,1. Yes,5.027706,152.582589
2008,46,1. Never Married,1. White,3. Some College,2. Middle Atlantic,1. Industrial,2. >=Very Good,2. No,5.155633,173.405611
2008,75,2. Married,1. White,4. College Grad,2. Middle Atlantic,1. Industrial,2. >=Very Good,1. Yes,5.31237,202.830339
2005,26,2. Married,1. White,2. HS Grad,2. Middle Atlantic,1. Industrial,2. >=Very Good,2. No,4.590874,98.580565
2006,69,3. Widowed,1. White,4. College Grad,2. Middle Atlantic,1. Industrial,2. >=Very Good,1. Yes,5.149717,172.38268
2003,80,1. Never Married,1. White,4. College Grad,2. Middle Atlantic,2. Information,2. >=Very Good,2. No,5.1309,169.169274
2009,62,1. Never Married,1. White,3. Some College,2. Middle Atlantic,2. Information,2. >=Very Good,2. No,5.394181,220.121773
2006,60,4. Divorced,1. White,1. < HS Grad,2. Middle Atlantic,1. Industrial,1. <=Good,1. Yes,4.78539,119.748115
2005,53,1. Never Married,1. White,4. College Grad,2. Middle Atlantic,1. Industrial,2. >=Very Good,1. Yes,5.661074,287.457188
2009,75,1. Never Married,3. Asian,4. College Grad,2. Middle Atlantic,2. Information,2. >=Very Good,2. No,5.015066,150.666071
2005,31,2. Married,1. White,3. Some College,2. Middle Atlantic,2. Information,2. >=Very Good,1. Yes,4.730933,113.40126
2006,20,2. Married,1. White,3. Some College,2. Middle Atlantic,2. Information,2. >=Very Good,1. Yes,4.533344,93.069301
2006,24,2. Married,3. Asian,3. Some College,2. Middle Atlantic,1. Industrial,1. <=Good,2. No,4.826695,124.79779
2006,62,2. Married,1. White,3. Some College,2. Middle Atlantic,2. Information,2. >=Very Good,1. Yes,4.9463,140.653561
2006,38,1. Never Married,2. Black,2. HS Grad,2. Middle Atlantic,1. Industrial,2. >=Very Good,1. Yes,4.663152,105.969584
2003,19,1. Never Married,3. Asian,3. Some College,2. Middle Atlantic,2. Information,1. <=Good,1. Yes,4.475613,87.848405
2005,75,2. Married,1. White,2. HS Grad,2. Middle Atlantic,2. Information,1. <=Good,1. Yes,5.003194,148.88793
2009,77,2. Married,1. White,2. HS Grad,2. Middle Atlantic,2. Information,2. >=Very Good,1. Yes,4.858421,128.820682
2007,77,3. Widowed,1. White,4. College Grad,2. Middle Atlantic,2. Information,1. <=Good,1. Yes,5.225738,185.998365
2009,30,1. Never Married,2. Black,3. Some College,2. Middle Atlantic,1. Industrial,1. <=Good,2. No,4.700814,110.036705
2003,36,2. Married,1. White,2. HS Grad,2. Middle Atlantic,1. Industrial,1. <=Good,1. Yes,5.011041,150.06089
2003,77,4. Divorced,3. Asian,4. College Grad,2. Middle Atlantic,1. Industrial,1. <=Good,1. Yes,5.352027,211.035724
2004,41,2. Married,3. Asian,2. HS Grad,2. Middle Atlantic,1. Industrial,1. <=Good,1. Yes,5.036281,153.89664
2007,60,4. Divorced,1. White,1. < HS Grad,2. Middle Atlantic,1. Industrial,2. >=Very Good,1. Yes,4.874079,130.85356
2004,73,2. Married,1. White,2. HS Grad,2. Middle Atlantic,2. Information,2. >=Very Good,1. Yes,4.852653,128.079764
2005,30,4. Divorced,2. Black,3. Some College,2. Middle Atlantic,2. Information,1. <=Good,1. Yes,4.78034,119.144844
2007,30,4. Divorced,1. White,5. Advanced Degree,2. Middle Atlantic,1. Industrial,1. <=Good,1. Yes,5.234491,187.633579
2004,74,2. Married,1. White,2. HS Grad,2. Middle Atlantic,1. Industrial,2. >=Very Good,1. Yes,4.876265,131.139928
2005,65,1. Never Married,1. White,2. HS Grad,2. Middle Atlantic,2. Information,2. >=Very Good,1. Yes,4.815241,123.376557
2009,46,2. Married,3. Asian,4. College Grad,2. Middle Atlantic,1. Industrial,2. >=Very Good,1. Yes,5.327765,205.977032
2008,33,2. Married,1. White,2. HS Grad,2. Middle Atlantic,2. Information,1. <=Good,1. Yes,4.904221,134.857758
2005,50,4. Divorced,4. Other,4. College Grad,2. Middle Atlantic,2. Information,1. <=Good,1. Yes,5.35341,211.327631
2004,76,2. Married,1. White,2. HS Grad,2. Middle Atlantic,1. Industrial,2. >=Very Good,1. Yes,4.54087,93.772308
2009,62,1. Never Married,1. White,4. College Grad,2. Middle Atlantic,1. Industrial,1. <=Good,1. Yes,5.111337,165.891923
2005,69,1. Never Married,3. Asian,1. < HS Grad,2. Middle Atlantic,2. Information,2. >=Very Good,1. Yes,4.657554,105.378
2008,33,1. Never Married,1. White,2. HS Grad,2. Middle Atlantic,2. Information,2. >=Very Good,1. Yes,4.703009,110.27855
2007,53,2. Married,1. White,4. College Grad,2. Middle Atlantic,1. Industrial,1. <=Good,1. Yes,5.104545,164.769073
2007,61,2. Married,1. White,1. < HS Grad,2. Middle Atlantic,1. Industrial,1. <=Good,1. Yes,4.826919,124.82575
2004,69,1. Never Married,3. Asian,3. Some College,2. Middle Atlantic,2. Information,2. >=Very Good,1. Yes,4.530598,92.814066
2006,36,1. Never Married,1. White,3. Some College,2. Middle Atlantic,2. Information,2. >=Very Good,2. No,4.910439,135.698981
2008,48,2. Married,1. White,2. HS Grad,2. Middle Atlantic,2. Information,2. >=Very Good,1. Yes,5.206524,182.458726
2009,21,2. Married,1. White,2. HS Grad,2. Middle Atlantic,2. Information,2. >=Very Good,2. No,4.400928,81.526529
2008,35,2. Married,1. White,2. HS Grad,2. Middle Atlantic,2. Information,1. <=Good,1. Yes,4.786458,119.876012
2008,29,4. Divorced,1. White,5. Advanced Degree,2. Middle Atlantic,1. Industrial,2. >=Very Good,1. Yes,4.708107,110.84209
2005,37,2. Married,4. Other,4. College Grad,2. Middle Atlantic,1. Industrial,2. >=Very Good,1. Yes,5.037197,154.037711
2009,29,2. Married,2. Black,4. College Grad,2. Middle Atlantic,1. Industrial,2. >=Very Good,2. No,4.837259,126.123198
2009,74,1. Never Married,2. Black,3. Some College,2. Middle Atlantic,1. Industrial,2. >=Very Good,1. Yes,4.694825,109.379647
2007,29,2. Married,1. White,4. College Grad,2. Middle Atlantic,2. Information,1. <=Good,2. No,5.229747,186.745587
2003,63,2. Married,1. White,3. Some College,2. Middle Atlantic,2. Information,2. >=Very Good,1. Yes,5.034479,153.619478
2007,78,1. Never Married,2. Black,2. HS Grad,2. Middle Atlantic,2. Information,2. >=Very Good,1. Yes,4.897001,133.887593
2009,41,2. Married,1. White,2. HS Grad,2. Middle Atlantic,2. Information,2. >=Very Good,1. Yes,4.775542,118.574568
2004,47,2. Married,2. Black,4. College Grad,2. Middle Atlantic,1. Industrial,2. >=Very Good,1. Yes,5.046916,155.542013
2004,48,2. Married,1. White,1. < HS Grad,2. Middle Atlantic,2. Information,2. >=Very Good,2. No,4.775606,118.582165
2009,49,2. Married,1. White,4. College Grad,2. Middle Atlantic,1. Industrial,2. >=Very Good,1. Yes,5.347771,210.139408
2007,67,1. Never Married,1. White,5. Advanced Degree,2. Middle Atlantic,1. Industrial,2. >=Very Good,1. Yes,5.252451,191.03383
2003,72,1. Never Married,1. White,4. College Grad,2. Middle Atlantic,1. Industrial,1. <=Good,1. Yes,5.459848,235.061714
2007,55,1. Never Married,2. Black,2. HS Grad,2. Middle Atlantic,1. Industrial,2. >=Very Good,1. Yes,4.542734,93.947261
2009,34,2. Married,2. Black,4. College Grad,2. Middle Atlantic,2. Information,2. >=Very Good,2. No,5.421848,226.296948
2009,41,1. Never Married,1. White,2. HS Grad,2. Middle Atlantic,2. Information,2. >=Very Good,2. No,4.864357,129.587525
2004,47,1. Never Married,1. White,2. HS Grad,2. Middle Atlantic,1. Industrial,1. <=Good,2. No,5.265693,193.580424
2009,48,2. Married,1. White,2. HS Grad,2. Middle Atlantic,2. Information,2. >=Very Good,1. Yes,4.946249,140.646372
2008,24,1. Never Married,1. White,3. Some College,2. Middle Atlantic,1. Industrial,2. >=Very Good,1. Yes,4.525826,92.372153
2005,28,2. Married,1. White,3. Some College,2. Middle Atlantic,1. Industrial,2. >=Very Good,2. No,4.587555,98.253892
2006,47,2. Married,3. Asian,1. < HS Grad,2. Middle Atlantic,2. Information,2. >=Very Good,1. Yes,4.608838,100.367421
2008,47,2. Married,1. White,3. Some College,2. Middle Atlantic,2. Information,2. >=Very Good,2. No,5.013403,150.415662
2003,49,2. Married,1. White,3. Some College,2. Middle Atlantic,1. Industrial,1. <=Good,1. Yes,5.586367,266.764772
2004,30,2. Married,1. White,4. College Grad,2. Middle Atlantic,1. Industrial,2. >=Very Good,1. Yes,4.659702,105.604628
2007,75,2. Married,1. White,2. HS Grad,2. Middle Atlantic,2. Information,2. >=Very Good,1. Yes,5.035581,153.788856
2003,35,1. Never Married,4. Other,4. College Grad,2. Middle Atlantic,2. Information,2. >=Very Good,2. No,4.754534,116.109529
2005,75,1. Never Married,1. White,4. College Grad,2. Middle Atlantic,1. Industrial,2. >=Very Good,2. No,4.538662,93.56551
2003,72,2. Married,1. White,2. HS Grad,2. Middle Atlantic,1. Industrial,2. >=Very Good,1. Yes,4.342073,76.866703
2003,38,5. Separated,1. White,2. HS Grad,2. Middle Atlantic,1. Industrial,2. >=Very Good,1. Yes,4.933985,138.932108
2005,48,1. Never Married,1. White,3. Some College,2. Middle Atlantic,1. Industrial,1. <=Good,1. Yes,5.187927,179.096939
2007,35,1. Never Married,1. White,2. HS Grad,2. Middle Atlantic,2. Information,1. <=Good,1. Yes,4.938215,139.520919
2004,69,1. Never Married,1. White,4. College Grad,2. Middle Atlantic,2. Information,1. <=Good,2. No,4.834689,125.799466
2004,67,2. Married,2. Black,2. HS Grad,2. Middle Atlantic,1. Industrial,2. >=Very Good,1. Yes,4.964161,143.188297
2006,56,2. Married,2. Black,2. HS Grad,2. Middle Atlantic,1. Industrial,2. >=Very Good,2. No,4.763642,117.17187
2007,43,2. Married,1. White,3. Some College,2. Middle Atlantic,1. Industrial,1. <=Good,1. Yes,5.44148,230.783598
2004,42,1. Never Married,1. White,4. College Grad,2. Middle Atlantic,1. Industrial,2. >=Very Good,1. Yes,5.533862,253.119553
2007,67,1. Never Married,1. White,3. Some College,2. Middle Atlantic,2. Information,2. >=Very Good,1. Yes,4.622669,101.765262
2008,52,2. Married,1. White,2. HS Grad,2. Middle Atlantic,1. Industrial,2. >=Very Good,2. No,5.117011,166.836033
2007,39,2. Married,1. White,5. Advanced Degree,2. Middle Atlantic,1. Industrial,2. >=Very Good,2. No,5.245187,189.651266
2007,30,2. Married,1. White,4. College Grad,2. Middle Atlantic,2. Information,1. <=Good,1. Yes,5.186395,178.82272
2003,32,2. Married,1. White,5. Advanced Degree,2. Middle Atlantic,2. Information,2. >=Very Good,1. Yes,5.20366,181.936869
2006,68,1. Never Married,1. White,5. Advanced Degree,2. Middle Atlantic,1. Industrial,1. <=Good,2. No,5.47201,237.937984
2003,77,3. Widowed,1. White,2. HS Grad,2. Middle Atlantic,1. Industrial,2. >=Very Good,1. Yes,4.464102,86.843049
2007,52,2. Married,1. White,5. Advanced Degree,2. Middle Atlantic,2. Information,2. >=Very Good,2. No,5.253016,191.141886
2004,51,2. Married,1. White,2. HS Grad,2. Middle Atlantic,2. Information,2. >=Very Good,1. Yes,5.185332,178.63267
2003,77,1. Never Married,1. White,3. Some College,2. Middle Atlantic,1. Industrial,2. >=Very Good,1. Yes,5.105578,164.939333
2004,70,2. Married,1. White,1. < HS Grad,2. Middle Atlantic,1. Industrial,1. <=Good,1. Yes,4.521419,91.965973
2008,63,2. Married,1. White,3. Some College,2. Middle Atlantic,2. Information,2. >=Very Good,1. Yes,5.164051,174.871409
2007,41,5. Separated,2. Black,5. Advanced Degree,2. Middle Atlantic,2. Information,2. >=Very Good,1. Yes,5.458138,234.660002
2006,63,4. Divorced,3. Asian,5. Advanced Degree,2. Middle Atlantic,1. Industrial,2. >=Very Good,1. Yes,5.269787,194.37459
2004,22,1. Never Married,4. Other,2. HS Grad,2. Middle Atlantic,1. Industrial,2. >=Very Good,2. No,4.774556,118.457762
2006,25,1. Never Married,1. White,2. HS Grad,2. Middle Atlantic,1. Industrial,1. <=Good,1. Yes,4.427015,83.681247
2005,38,2. Married,2. Black,4. College Grad,2. Middle Atlantic,1. Industrial,2. >=Very Good,1. Yes,4.550623,94.691365
2007,76,1. Never Married,1. White,2. HS Grad,2. Middle Atlantic,1. Industrial,2. >=Very Good,1. Yes,4.638885,103.428945
2004,60,2. Married,2. Black,5. Advanced Degree,2. Middle Atlantic,1. Industrial,2. >=Very Good,1. Yes,5.364596,213.704917
2007,36,1. Never Married,1. White,2. HS Grad,2. Middle Atlantic,1. Industrial,2. >=Very Good,1. Yes,4.64624,104.192526
2005,45,2. Married,1. White,2. HS Grad,2. Middle Atlantic,1. Industrial,1. <=Good,1. Yes,4.992512,147.30592
2004,55,2. Married,1. White,2. HS Grad,2. Middle Atlantic,2. Information,2. >=Very Good,1. Yes,4.681015,107.879541
2003,60,2. Married,1. White,4. College Grad,2. Middle Atlantic,2. Information,1. <=Good,1. Yes,5.14619,171.77581
2003,46,2. Married,1. White,2. HS Grad,2. Middle Atlantic,2. Information,2. >=Very Good,2. No,4.787306,119.977744
2008,28,2. Married,1. White,5. Advanced Degree,2. Middle Atlantic,2. Information,2. >=Very Good,1. Yes,5.469118,237.250846
2009,56,2. Married,1. White,2. HS Grad,2. Middle Atlantic,1. Industrial,2. >=Very Good,1. Yes,4.533205,93.05633
2005,28,2. Married,1. White,4. College Grad,2. Middle Atlantic,2. Information,1. <=Good,1. Yes,4.915873,136.438335
2006,36,2. Married,1. White,4. College Grad,2. Middle Atlantic,1. Industrial,2. >=Very Good,1. Yes,5.139983,170.712864
2003,39,2. Married,2. Black,2. HS Grad,2. Middle Atlantic,1. Industrial,2. >=Very Good,2. No,4.787361,119.98435
2007,28,2. Married,1. White,2. HS Grad,2. Middle Atlantic,1. Industrial,2. >=Very Good,2. No,5.116837,166.806978
2005,23,1. Never Married,1. White,4. College Grad,2. Middle Atlantic,1. Industrial,2. >=Very Good,1. Yes,4.657313,105.352668
2006,39,2. Married,1. White,4. College Grad,2. Middle Atlantic,2. Information,2. >=Very Good,1. Yes,5.280966,196.55975
2003,38,2. Married,2. Black,2. HS Grad,2. Middle Atlantic,1. Industrial,1. <=Good,1. Yes,4.567853,96.337096
2006,33,1. Never Married,1. White,2. HS Grad,2. Middle Atlantic,1. Industrial,1. <=Good,1. Yes,4.75036,115.625857
2008,65,2. Married,1. White,2. HS Grad,2. Middle Atlantic,2. Information,1. <=Good,1. Yes,5.141297,170.937314
2004,49,4. Divorced,1. White,3. Some College,2. Middle Atlantic,1. Industrial,2. >=Very Good,1. Yes,5.038486,154.236265
2008,38,1. Never Married,1. White,2. HS Grad,2. Middle Atlantic,2. Information,2. >=Very Good,1. Yes,4.883794,132.131042
2008,70,2. Married,4. Other,2. HS Grad,2. Middle Atlantic,1. Industrial,2. >=Very Good,1. Yes,5.22214,185.330405
2007,62,2. Married,3. Asian,3. Some College,2. Middle Atlantic,1. Industrial,1. <=Good,1. Yes,4.897203,133.914763
2008,74,1. Never Married,1. White,2. HS Grad,2. Middle Atlantic,2. Information,2. >=Very Good,1. Yes,5.103242,164.554477
2005,50,2. Married,1. White,2. HS Grad,2. Middle Atlantic,2. Information,2. >=Very Good,2. No,5.299157,200.168025
2007,43,2. Married,1. White,2. HS Grad,2. Middle Atlantic,1. Industrial,2. >=Very Good,2. No,4.809114,122.622967
2006,56,2. Married,1. White,5. Advanced Degree,2. Middle Atlantic,2. Information,2. >=Very Good,1. Yes,5.427849,227.659135
2007,57,2. Married,1. White,5. Advanced Degree,2. Middle Atlantic,2. Information,2. >=Very Good,1. Yes,5.569115,262.202067
2004,73,2. Married,1. White,3. Some College,2. Middle Atlantic,2. Information,1. <=Good,1. Yes,4.905854,135.078243
2007,41,2. Married,1. White,4. College Grad,2. Middle Atlantic,2. Information,1. <=Good,1. Yes,4.618778,101.370127
2006,60,2. Married,1. White,4. College Grad,2. Middle Atlantic,1. Industrial,2. >=Very Good,2. No,5.26669,193.7735
2005,49,2. Married,1. White,4. College Grad,2. Middle Atlantic,2. Information,2. >=Very Good,1. Yes,5.086343,161.797069
2003,38,2. Married,1. White,3. Some College,2. Middle Atlantic,1. Industrial,2. >=Very Good,1. Yes,5.094779,163.167814
2006,73,2. Married,1. White,3. Some College,2. Middle Atlantic,2. Information,2. >=Very Good,1. Yes,4.854038,128.257213
2008,67,1. Never Married,1. White,2. HS Grad,2. Middle Atlantic,2. Information,2. >=Very Good,1. Yes,4.764122,117.228163
2004,29,2. Married,1. White,3. Some College,2. Middle Atlantic,2. Information,2. >=Very Good,1. Yes,4.773491,118.33167
2007,79,2. Married,1. White,2. HS Grad,2. Middle Atlantic,2. Information,2. >=Very Good,2. No,4.667471,106.428266
2004,53,3. Widowed,1. White,3. Some College,2. Middle Atlantic,2. Information,1. <=Good,2. No,5.492856,242.950058
2007,30,2. Married,1. White,5. Advanced Degree,2. Middle Atlantic,2. Information,2. >=Very Good,1. Yes,4.828737,125.05295
2003,73,4. Divorced,2. Black,2. HS Grad,2. Middle Atlantic,1. Industrial,2. >=Very Good,1. Yes,5.066927,158.685877
2009,30,2. Married,1. White,2. HS Grad,2. Middle Atlantic,1. Industrial,2. >=Very Good,1. Yes,4.602341,99.717527
2009,72,2. Married,1. White,4. College Grad,2. Middle Atlantic,2. Information,1. <=Good,1. Yes,5.341512,208.828207
2009,24,1. Never Married,1. White,2. HS Grad,2. Middle Atlantic,2. Information,1. <=Good,1. Yes,4.198232,66.568512
2003,18,2. Married,1. White,2. HS Grad,2. Middle Atlantic,1. Industrial,2. >=Very Good,1. Yes,5.028604,152.719675
2005,44,2. Married,1. White,2. HS Grad,2. Middle Atlantic,1. Industrial,2. >=Very Good,1. Yes,4.708044,110.835192
2006,31,2. Married,4. Other,4. College Grad,2. Middle Atlantic,1. Industrial,2. >=Very Good,2. No,4.963922,143.154205
2008,57,2. Married,1. White,3. Some College,2. Middle Atlantic,1. Industrial,2. >=Very Good,1. Yes,5.559609,259.721207
2009,49,2. Married,3. Asian,2. HS Grad,2. Middle Atlantic,1. Industrial,2. >=Very Good,1. Yes,4.951877,141.440198
2003,79,1. Never Married,1. White,3. Some College,2. Middle Atlantic,2. Information,2. >=Very Good,1. Yes,5.12911,168.866726
2007,20,3. Widowed,1. White,2. HS Grad,2. Middle Atlantic,2. Information,2. >=Very Good,1. Yes,4.246923,69.890031
2004,45,2. Married,2. Black,2. HS Grad,2. Middle Atlantic,2. Information,2. >=Very Good,1. Yes,4.670692,106.77163
2004,69,2. Married,4. Other,3. Some College,2. Middle Atlantic,1. Industrial,2. >=Very Good,2. No,5.090289,162.436867
2004,59,1. Never Married,2. Black,1. < HS Grad,2. Middle Atlantic,1. Industrial,1. <=Good,1. Yes,4.735279,113.895269
2009,21,2. Married,2. Black,2. HS Grad,2. Middle Atlantic,2. Information,1. <=Good,1. Yes,4.756902,116.384754
2007,53,1. Never Married,1. White,5. Advanced Degree,2. Middle Atlantic,2. Information,2. >=Very Good,1. Yes,5.65262,285.037297
2008,70,1. Never Married,4. Other,4. College Grad,2. Middle Atlantic,1. Industrial,2. >=Very Good,2. No,5.126207,168.377231
2003,27,2. Married,1. White,2. HS Grad,2. Middle Atlantic,2. Information,2. >=Very Good,1. Yes,4.368869,78.95426
2007,58,1. Never Married,1. White,3. Some College,2. Middle Atlantic,1. Industrial,2. >=Very Good,1. Yes,5.158571,173.915754
2009,34,2. Married,1. White,2. HS Grad,2. Middle Atlantic,1. Industrial,2. >=Very Good,1. Yes,4.617586,101.249345
2006,72,4. Divorced,2. Black,3. Some College,2. Middle Atlantic,2. Information,1. <=Good,1. Yes,4.792968,120.658956
2005,79,1. Never Married,1. White,4. College Grad,2. Middle Atlantic,2. Information,1. <=Good,1. Yes,4.832486,125.522634
2005,42,1. Never Married,1. White,2. HS Grad,2. Middle Atlantic,2. Information,1. <=Good,1. Yes,4.879277,131.535467
2005,44,5. Separated,1. White,3. Some College,2. Middle Atlantic,2. Information,2. >=Very Good,1. Yes,5.229902,186.774415
2004,80,4. Divorced,2. Black,3. Some College,2. Middle Atlantic,2. Information,2. >=Very Good,1. Yes,4.876492,131.169718
2003,65,1. Never Married,3. Asian,2. HS Grad,2. Middle Atlantic,1. Industrial,2. >=Very Good,1. Yes,5.02993,152.922347
2004,45,2. Married,2. Black,3. Some College,2. Middle Atlantic,1. Industrial,2. >=Very Good,1. Yes,4.713347,111.424458
2003,24,2. Married,4. Other,3. Some College,2. Middle Atlantic,1. Industrial,2. >=Very Good,1. Yes,4.33585,76.389879
2003,56,4. Divorced,1. White,2. HS Grad,2. Middle Atlantic,2. Information,1. <=Good,1. Yes,4.864768,129.640891
2007,29,4. Divorced,1. White,3. Some College,2. Middle Atlantic,1. Industrial,1. <=Good,2. No,4.847669,127.443011
2003,30,1. Never Married,1. White,1. < HS Grad,2. Middle Atlantic,1. Industrial,1. <=Good,1. Yes,4.641603,103.71042
2009,18,2. Married,3. Asian,3. Some College,2. Middle Atlantic,1. Industrial,1. <=Good,1. Yes,4.542485,93.923956
2008,79,5. Separated,1. White,2. HS Grad,2. Middle Atlantic,2. Information,2. >=Very Good,2. No,4.95578,141.993264
2007,39,2. Married,1. White,1. < HS Grad,2. Middle Atlantic,2. Information,2. >=Very Good,1. Yes,4.67767,107.519298
2009,37,3. Widowed,1. White,2. HS Grad,2. Middle Atlantic,2. Information,2. >=Very Good,2. No,4.822119,124.228086
2008,65,1. Never Married,2. Black,2. HS Grad,2. Middle Atlantic,1. Industrial,1. <=Good,2. No,5.095,163.203844
2008,33,1. Never Married,1. White,2. HS Grad,2. Middle Atlantic,1. Industrial,2. >=Very Good,1. Yes,4.605573,100.040275
2005,64,5. Separated,1. White,4. College Grad,2. Middle Atlantic,1. Industrial,2. >=Very Good,1. Yes,5.256183,191.748165
2006,30,2. Married,3. Asian,4. College Grad,2. Middle Atlantic,2. Information,2. >=Very Good,2. No,5.00121,148.592889
2008,43,2. Married,1. White,5. Advanced Degree,2. Middle Atlantic,2. Information,2. >=Very Good,2. No,5.377793,216.543808
2008,55,2. Married,1. White,4. College Grad,2. Middle Atlantic,2. Information,2. >=Very Good,1. Yes,5.482293,240.397416
2006,37,2. Married,1. White,1. < HS Grad,2. Middle Atlantic,1. Industrial,1. <=Good,2. No,4.729102,113.193839
2008,63,2. Married,1. White,2. HS Grad,2. Middle Atlantic,1. Industrial,2. >=Very Good,1. Yes,4.93278,138.764716
2005,26,2. Married,1. White,2. HS Grad,2. Middle Atlantic,2. Information,2. >=Very Good,2. No,4.687767,108.610396
2004,55,1. Never Married,1. White,3. Some College,2. Middle Atlantic,2. Information,2. >=Very Good,2. No,5.457587,234.530817
2003,47,1. Never Married,1. White,3. Some College,2. Middle Atlantic,2. Information,2. >=Very Good,2. No,5.236424,187.996706
2007,43,1. Never Married,1. White,4. College Grad,2. Middle Atlantic,1. Industrial,2. >=Very Good,2. No,5.342901,209.118559
2009,25,2. Married,1. White,2. HS Grad,2. Middle Atlantic,2. Information,2. >=Very Good,2. No,4.573539,96.886378
2006,73,1. Never Married,2. Black,4. College Grad,2. Middle Atlantic,1. Industrial,2. >=Very Good,1. Yes,4.868193,130.085668
2007,33,4. Divorced,2. Black,2. HS Grad,2. Middle Atlantic,2. Information,2. >=Very Good,2. No,4.806967,122.359926
2004,54,1. Never Married,1. White,3. Some College,2. Middle Atlantic,1. Industrial,1. <=Good,2. No,5.355106,211.686333
2004,29,5. Separated,1. White,2. HS Grad,2. Middle Atlantic,1. Industrial,1. <=Good,1. Yes,4.906798,135.205774
2009,21,4. Divorced,1. White,4. College Grad,2. Middle Atlantic,2. Information,2. >=Very Good,2. No,4.701286,110.088649
2008,75,1. Never Married,1. White,4. College Grad,2. Middle Atlantic,1. Industrial,1. <=Good,2. No,5.400232,221.457689
2003,21,2. Married,2. Black,2. HS Grad,2. Middle Atlantic,1. Industrial,2. >=Very Good,1. Yes,4.777499,118.806899
2005,80,2. Married,1. White,3. Some College,2. Middle Atlantic,2. Information,1. <=Good,1. Yes,4.762342,117.019638
2007,57,2. Married,4. Other,4. College Grad,2. Middle Atlantic,1. Industrial,1. <=Good,1. Yes,5.665949,288.862004
2005,44,2. Married,1. White,3. Some College,2. Middle Atlantic,1. Industrial,1. <=Good,1. Yes,4.802817,121.85318
2008,75,2. Married,1. White,5. Advanced Degree,2. Middle Atlantic,2. Information,2. >=Very Good,1. Yes,5.240597,188.782797
2008,35,2. Married,1. White,5. Advanced Degree,2. Middle Atlantic,1. Industrial,1. <=Good,1. Yes,5.181122,177.882339
2004,23,2. Married,1. White,3. Some College,2. Middle Atlantic,2. Information,2. >=Very Good,1. Yes,4.559548,95.540297
2007,53,1. Never Married,1. White,2. HS Grad,2. Middle Atlantic,1. Industrial,1. <=Good,2. No,5.198305,180.96517
2006,25,1. Never Married,1. White,3. Some College,2. Middle Atlantic,1. Industrial,2. >=Very Good,2. No,4.880267,131.665758
2003,76,2. Married,4. Other,4. College Grad,2. Middle Atlantic,2. Information,2. >=Very Good,1. Yes,4.828262,124.993493
2006,32,2. Married,1. White,4. College Grad,2. Middle Atlantic,2. Information,2. >=Very Good,2. No,5.091077,162.564779
2003,43,1. Never Married,1. White,2. HS Grad,2. Middle Atlantic,1. Industrial,2. >=Very Good,1. Yes,4.883696,132.118075
2003,20,2. Married,1. White,1. < HS Grad,2. Middle Atlantic,1. Industrial,2. >=Very Good,1. Yes,4.143395,63.016383
2007,80,4. Divorced,1. White,2. HS Grad,2. Middle Atlantic,2. Information,2. >=Very Good,2. No,4.963539,143.099326
2007,54,2. Married,1. White,5. Advanced Degree,2. Middle Atlantic,1. Industrial,1. <=Good,1. Yes,5.369897,214.84067
2009,41,3. Widowed,1. White,3. Some College,2. Middle Atlantic,1. Industrial,1. <=Good,1. Yes,4.835537,125.906227
2003,69,1. Never Married,1. White,2. HS Grad,2. Middle Atlantic,1. Industrial,2. >=Very Good,1. Yes,5.008676,149.70638
2007,24,2. Married,1. White,3. Some College,2. Middle Atlantic,1. Industrial,2. >=Very Good,2. No,4.805814,122.218913
2004,29,1. Never Married,1. White,2. HS Grad,2. Middle Atlantic,1. Industrial,1. <=Good,1. Yes,4.724513,112.675558
2008,30,2. Married,1. White,5. Advanced Degree,2. Middle Atlantic,2. Information,2. >=Very Good,2. No,4.711711,111.242338
2009,48,1. Never Married,2. Black,3. Some College,2. Middle Atlantic,2. Information,1. <=Good,1. Yes,4.9111,135.78864
2006,47,2. Married,1. White,2. HS Grad,2. Middle Atlantic,1. Industrial,1. <=Good,1. Yes,4.893055,133.360348
2006,62,2. Married,1. White,2. HS Grad,2. Middle Atlantic,1. Industrial,2. >=Very Good,1. Yes,5.067967,158.851033
2007,67,2. Married,1. White,2. HS Grad,2. Middle Atlantic,1. Industrial,1. <=Good,1. Yes,4.808165,122.506573
2008,78,2. Married,3. Asian,4. College Grad,2. Middle Atlantic,2. Information,2. >=Very Good,1. Yes,5.059131,157.453647
2008,65,2. Married,1. White,2. HS Grad,2. Middle Atlantic,1. Industrial,2. >=Very Good,1. Yes,4.806435,122.294803
2007,77,2. Married,1. White,2. HS Grad,2. Middle Atlantic,1. Industrial,2. >=Very Good,2. No,4.713608,111.453611
2008,39,2. Married,1. White,3. Some College,2. Middle Atlantic,2. Information,2. >=Very Good,1. Yes,5.050641,156.122581
2003,18,2. Married,2. Black,4. College Grad,2. Middle Atlantic,2. Information,2. >=Very Good,1. Yes,4.65887,105.516824
2004,57,2. Married,1. White,5. Advanced Degree,2. Middle Atlantic,1. Industrial,2. >=Very Good,1. Yes,5.063818,158.193286
2005,45,2. Married,3. Asian,4. College Grad,2. Middle Atlantic,2. Information,2. >=Very Good,1. Yes,4.986499,146.422951
2006,39,2. Married,1. White,2. HS Grad,2. Middle Atlantic,2. Information,1. <=Good,1. Yes,4.905027,134.96653
2006,30,1. Never Married,3. Asian,2. HS Grad,2. Middle Atlantic,1. Industrial,1. <=Good,1. Yes,4.580148,97.528808
2009,44,1. Never Married,2. Black,5. Advanced Degree,2. Middle Atlantic,2. Information,1. <=Good,1. Yes,5.217711,184.511266
2006,45,1. Never Married,1. White,3. Some College,2. Middle Atlantic,2. Information,1. <=Good,1. Yes,4.867432,129.986666
2009,39,3. Widowed,1. White,4. College Grad,2. Middle Atlantic,2. Information,2. >=Very Good,1. Yes,5.046042,155.406129
2005,41,2. Married,4. Other,3. Some College,2. Middle Atlantic,1. Industrial,2. >=Very Good,1. Yes,4.787289,119.975652
2003,41,2. Married,1. White,2. HS Grad,2. Middle Atlantic,2. Information,2. >=Very Good,2. No,4.747735,115.322771
2007,71,5. Separated,1. White,2. HS Grad,2. Middle Atlantic,1. Industrial,2. >=Very Good,2. No,5.159756,174.121999
2003,56,2. Married,2. Black,3. Some College,2. Middle Atlantic,1. Industrial,2. >=Very Good,2. No,4.851784,127.968447
2003,57,2. Married,1. White,3. Some College,2. Middle Atlantic,2. Information,1. <=Good,1. Yes,5.247866,190.160028
2003,28,2. Married,1. White,2. HS Grad,2. Middle Atlantic,2. Information,2. >=Very Good,1. Yes,4.865041,129.676238
2005,54,2. Married,1. White,4. College Grad,2. Middle Atlantic,2. Information,1. <=Good,2. No,4.891819,133.195639
2006,42,2. Married,1. White,3. Some College,2. Middle Atlantic,2. Information,2. >=Very Good,1. Yes,5.154298,173.174141
2007,44,1. Never Married,1. White,3. Some College,2. Middle Atlantic,2. Information,2. >=Very Good,1. Yes,5.332498,206.954391
2008,51,1. Never Married,1. White,3. Some College,2. Middle Atlantic,2. Information,2. >=Very Good,2. No,5.116811,166.802598
2007,74,1. Never Married,2. Black,4. College Grad,2. Middle Atlantic,2. Information,2. >=Very Good,2. No,4.886927,132.545608
2007,63,1. Never Married,3. Asian,5. Advanced Degree,2. Middle Atlantic,2. Information,1. <=Good,1. Yes,5.571748,262.893239
2004,41,2. Married,1. White,3. Some College,2. Middle Atlantic,2. Information,2. >=Very Good,1. Yes,4.815604,123.421314
2006,24,4. Divorced,1. White,5. Advanced Degree,2. Middle Atlantic,2. Information,2. >=Very Good,1. Yes,5.173612,176.551441
2003,79,2. Married,1. White,1. < HS Grad,2. Middle Atlantic,2. Information,2. >=Very Good,1. Yes,4.491553,89.259983
2005,22,2. Married,1. White,3. Some College,2. Middle Atlantic,2. Information,1. <=Good,1. Yes,4.227554,68.549324
2009,57,2. Married,2. Black,2. HS Grad,2. Middle Atlantic,1. Industrial,2. >=Very Good,1. Yes,5.069461,159.088532
2003,62,2. Married,1. White,3. Some College,2. Middle Atlantic,1. Industrial,1. <=Good,1. Yes,5.221175,185.151564
2007,59,2. Married,1. White,5. Advanced Degree,2. Middle Atlantic,2. Information,1. <=Good,1. Yes,5.331897,206.82993
2008,25,2. Married,1. White,4. College Grad,2. Middle Atlantic,2. Information,2. >=Very Good,1. Yes,4.854767,128.35082
2005,40,2. Married,2. Black,2. HS Grad,2. Middle Atlantic,1. Industrial,2. >=Very Good,2. No,4.993697,147.480678
2003,61,2. Married,1. White,4. College Grad,2. Middle Atlantic,2. Information,1. <=Good,2. No,5.521991,250.132526
2003,67,3. Widowed,1. White,3. Some College,2. Middle Atlantic,2. Information,1. <=Good,1. Yes,4.836907,126.07874
2003,37,1. Never Married,3. Asian,3. Some College,2. Middle Atlantic,1. Industrial,2. >=Very Good,1. Yes,4.600216,99.505838
2006,69,4. Divorced,1. White,5. Advanced Degree,2. Middle Atlantic,2. Information,2. >=Very Good,2. No,5.085336,161.634303
2004,35,1. Never Married,1. White,5. Advanced Degree,2. Middle Atlantic,1. Industrial,2. >=Very Good,2. No,4.97018,144.052868
2006,40,2. Married,4. Other,3. Some College,2. Middle Atlantic,2. Information,2. >=Very Good,1. Yes,5.04371,155.044215
2006,53,2. Married,1. White,2. HS Grad,2. Middle Atlantic,2. Information,1. <=Good,2. No,5.16036,174.227242
2004,46,2. Married,1. White,2. HS Grad,2. Middle Atlantic,2. Information,2. >=Very Good,1. Yes,5.175566,176.896683
2009,44,2. Married,1. White,4. College Grad,2. Middle Atlantic,2. Information,2. >=Very Good,2. No,5.25265,191.071906
2004,74,2. Married,1. White,3. Some College,2. Middle Atlantic,1. Industrial,2. >=Very Good,1. Yes,4.914304,136.224508
2004,18,3. Widowed,1. White,3. Some College,2. Middle Atlantic,1. Industrial,2. >=Very Good,1. Yes,4.748838,115.450091
2009,41,2. Married,1. White,3. Some College,2. Middle Atlantic,1. Industrial,2. >=Very Good,1. Yes,5.023447,151.934176
2007,44,2. Married,1. White,2. HS Grad,2. Middle Atlantic,1. Industrial,2. >=Very Good,2. No,4.789536,120.24556
2008,20,2. Married,3. Asian,5. Advanced Degree,2. Middle Atlantic,2. Information,1. <=Good,1. Yes,5.215763,184.152298
2008,53,2. Married,2. Black,2. HS Grad,2. Middle Atlantic,2. Information,1. <=Good,1. Yes,5.31105,202.562791
2007,56,2. Married,1. White,3. Some College,2. Middle Atlantic,1. Industrial,2. >=Very Good,1. Yes,5.273448,195.0875
2009,49,1. Never Married,1. White,3. Some College,2. Middle Atlantic,1. Industrial,2. >=Very Good,1. Yes,4.801893,121.740694
2005,19,2. Married,2. Black,2. HS Grad,2. Middle Atlantic,1. Industrial,1. <=Good,2. No,4.649357,104.517732
2006,62,4. Divorced,1. White,3. Some College,2. Middle Atlantic,1. Industrial,1. <=Good,1. Yes,5.442112,230.929342
2005,59,2. Married,1. White,5. Advanced Degree,2. Middle Atlantic,2. Information,1. <=Good,1. Yes,5.685873,294.674942
2006,62,2. Married,1. White,2. HS Grad,2. Middle Atlantic,2. Information,2. >=Very Good,1. Yes,4.542837,93.957006
2007,72,4. Divorced,1. White,2. HS Grad,2. Middle Atlantic,2. Information,2. >=Very Good,1. Yes,5.118611,167.103145
2005,70,1. Never Married,1. White,4. College Grad,2. Middle Atlantic,1. Industrial,2. >=Very Good,1. Yes,5.156838,173.614666
2006,62,1. Never Married,1. White,3. Some College,2. Middle Atlantic,1. Industrial,1. <=Good,1. Yes,5.450468,232.867123
2003,76,2. Married,1. White,5. Advanced Degree,2. Middle Atlantic,1. Industrial,2. >=Very Good,1. Yes,5.034482,153.619946
2003,30,2. Married,1. White,5. Advanced Degree,2. Middle Atlantic,2. Information,2. >=Very Good,2. No,4.793507,120.72398
2005,45,2. Married,1. White,1. < HS Grad,2. Middle Atlantic,2. Information,1. <=Good,2. No,4.840778,126.567765
2007,26,1. Never Married,3. Asian,2. HS Grad,2. Middle Atlantic,1. Industrial,2. >=Very Good,1. Yes,4.588746,98.371008
2006,25,2. Married,2. Black,5. Advanced Degree,2. Middle Atlantic,2. Information,2. >=Very Good,1. Yes,4.988252,146.679732
2006,48,2. Married,3. Asian,5. Advanced Degree,2. Middle Atlantic,2. Information,2. >=Very Good,1. Yes,5.946166,382.284837
2008,52,4. Divorced,4. Other,3. Some College,2. Middle Atlantic,2. Information,2. >=Very Good,1. Yes,4.922373,137.328121
2007,77,1. Never Married,1. White,4. College Grad,2. Middle Atlantic,1. Industrial,2. >=Very Good,1. Yes,5.49224,242.800429
2007,52,2. Married,1. White,3. Some College,2. Middle Atlantic,2. Information,2. >=Very Good,2. No,5.162531,174.605757
2006,57,2. Married,1. White,3. Some College,2. Middle Atlantic,1. Industrial,2. >=Very Good,2. No,5.204931,182.168391
2008,65,2. Married,1. White,4. College Grad,2. Middle Atlantic,2. Information,2. >=Very Good,2. No,5.291116,198.564808
2003,35,2. Married,1. White,1. < HS Grad,2. Middle Atlantic,2. Information,2. >=Very Good,1. Yes,4.900812,134.398902
2007,62,2. Married,1. White,2. HS Grad,2. Middle Atlantic,2. Information,2. >=Very Good,1. Yes,4.89313,133.370424
2004,69,2. Married,1. White,3. Some College,2. Middle Atlantic,1. Industrial,2. >=Very Good,1. Yes,5.113822,166.304727
2005,53,2. Married,1. White,4. College Grad,2. Middle Atlantic,2. Information,2. >=Very Good,1. Yes,5.278989,196.171447
2005,69,1. Never Married,2. Black,2. HS Grad,2. Middle Atlantic,2. Information,1. <=Good,1. Yes,5.13003,169.022189
2005,19,2. Married,1. White,4. College Grad,2. Middle Atlantic,2. Information,2. >=Very Good,2. No,4.689961,108.848901
2007,32,4. Divorced,1. White,2. HS Grad,2. Middle Atlantic,1. Industrial,2. >=Very Good,2. No,4.638776,103.417674
2007,37,2. Married,1. White,4. College Grad,2. Middle Atlantic,2. Information,2. >=Very Good,1. Yes,4.807374,122.409716
2009,55,4. Divorced,1. White,2. HS Grad,2. Middle Atlantic,2. Information,2. >=Very Good,1. Yes,5.121033,167.508346
2003,24,1. Never Married,1. White,4. College Grad,2. Middle Atlantic,2. Information,2. >=Very Good,1. Yes,4.936868,139.333165
2008,74,1. Never Married,1. White,4. College Grad,2. Middle Atlantic,2. Information,2. >=Very Good,1. Yes,5.020764,151.527043
2005,27,2. Married,1. White,5. Advanced Degree,2. Middle Atlantic,2. Information,2. >=Very Good,1. Yes,4.815206,123.372245
2004,44,1. Never Married,2. Black,5. Advanced Degree,2. Middle Atlantic,1. Industrial,2. >=Very Good,2. No,5.376459,216.255235
2007,22,1. Never Married,1. White,3. Some College,2. Middle Atlantic,2. Information,2. >=Very Good,1. Yes,4.551695,94.79298
2009,40,1. Never Married,1. White,4. College Grad,2. Middle Atlantic,1. Industrial,2. >=Very Good,2. No,5.27077,194.565791
2004,29,2. Married,1. White,5. Advanced Degree,2. Middle Atlantic,2. Information,2. >=Very Good,1. Yes,5.44344,231.236248
2007,53,1. Never Married,2. Black,2. HS Grad,2. Middle Atlantic,2. Information,2. >=Very Good,1. Yes,4.96041,142.65221
2009,71,1. Never Married,1. White,5. Advanced Degree,2. Middle Atlantic,2. Information,1. <=Good,1. Yes,5.353937,211.439031
2006,42,2. Married,1. White,1. < HS Grad,2. Middle Atlantic,2. Information,2. >=Very Good,2. No,4.814847,123.327908
2007,18,1. Never Married,1. White,3. Some College,2. Middle Atlantic,2. Information,2. >=Very Good,1. Yes,4.447253,85.392055
2004,19,1. Never Married,1. White,4. College Grad,2. Middle Atlantic,2. Information,2. >=Very Good,1. Yes,4.893354,133.400227
2008,39,2. Married,1. White,2. HS Grad,2. Middle Atlantic,2. Information,2. >=Very Good,1. Yes,4.728329,113.106444
2009,68,1. Never Married,3. Asian,2. HS Grad,2. Middle Atlantic,2. Information,2. >=Very Good,1. Yes,4.872253,130.614807
2005,51,2. Married,1. White,2. HS Grad,2. Middle Atlantic,1. Industrial,2. >=Very Good,1. Yes,5.000378,148.469259
2003,48,2. Married,1. White,2. HS Grad,2. Middle Atlantic,1. Industrial,2. >=Very Good,1. Yes,5.089972,162.385313
2008,30,2. Married,2. Black,4. College Grad,2. Middle Atlantic,2. Information,2. >=Very Good,1. Yes,5.254518,191.429174
2008,68,4. Divorced,1. White,1. < HS Grad,2. Middle Atlantic,1. Industrial,2. >=Very Good,1. Yes,4.483865,88.576338
2003,45,2. Married,1. White,3. Some College,2. Middle Atlantic,1. Industrial,2. >=Very Good,1. Yes,5.107118,165.193578
2008,74,2. Married,3. Asian,1. < HS Grad,2. Middle Atlantic,1. Industrial,2. >=Very Good,1. Yes,4.459295,86.426593
2007,21,1. Never Married,1. White,2. HS Grad,2. Middle Atlantic,1. Industrial,2. >=Very Good,1. Yes,4.295023,73.333899
2009,37,1. Never Married,1. White,4. College Grad,2. Middle Atlantic,2. Information,2. >=Very Good,1. Yes,5.12946,168.925926
2008,50,2. Married,1. White,5. Advanced Degree,2. Middle Atlantic,2. Information,2. >=Very Good,2. No,5.651414,284.693854
2007,25,2. Married,2. Black,3. Some College,2. Middle Atlantic,2. Information,2. >=Very Good,1. Yes,5.211509,183.370502
2003,42,1. Never Married,1. White,2. HS Grad,2. Middle Atlantic,2. Information,2. >=Very Good,1. Yes,5.075271,160.015534
2009,41,2. Married,1. White,2. HS Grad,2. Middle Atlantic,1. Industrial,2. >=Very Good,2. No,5.05662,157.058802
2009,31,2. Married,2. Black,3. Some College,2. Middle Atlantic,1. Industrial,1. <=Good,1. Yes,4.856439,128.56557
2003,49,1. Never Married,1. White,4. College Grad,2. Middle Atlantic,1. Industrial,1. <=Good,1. Yes,5.187188,178.96467
2007,28,1. Never Married,1. White,4. College Grad,2. Middle Atlantic,2. Information,2. >=Very Good,1. Yes,4.696346,109.546134
2005,61,2. Married,1. White,2. HS Grad,2. Middle Atlantic,1. Industrial,1. <=Good,2. No,4.65798,105.422945
2008,28,2. Married,1. White,2. HS Grad,2. Middle Atlantic,2. Information,2. >=Very Good,1. Yes,4.610594,100.543843
2006,63,2. Married,2. Black,4. College Grad,2. Middle Atlantic,1. Industrial,2. >=Very Good,1. Yes,5.302004,200.738689
2006,32,2. Married,1. White,4. College Grad,2. Middle Atlantic,1. Industrial,2. >=Very Good,1. Yes,5.049123,155.885712
2004,33,2. Married,1. White,2. HS Grad,2. Middle Atlantic,1. Industrial,2. >=Very Good,2. No,4.866932,129.921687
2008,51,2. Married,2. Black,5. Advanced Degree,2. Middle Atlantic,2. Information,2. >=Very Good,2. No,5.615324,274.602402
2005,39,1. Never Married,3. Asian,1. < HS Grad,2. Middle Atlantic,1. Industrial,2. >=Very Good,2. No,4.521687,91.990682
2003,63,2. Married,1. White,2. HS Grad,2. Middle Atlantic,2. Information,2. >=Very Good,1. Yes,4.593232,98.813263
2006,52,1. Never Married,1. White,2. HS Grad,2. Middle Atlantic,1. Industrial,1. <=Good,1. Yes,5.166766,175.346863
2003,62,1. Never Married,1. White,3. Some College,2. Middle Atlantic,2. Information,1. <=Good,2. No,5.079089,160.627722
2006,70,2. Married,1. White,5. Advanced Degree,2. Middle Atlantic,2. Information,1. <=Good,1. Yes,5.422315,226.402556
2008,67,2. Married,1. White,1. < HS Grad,2. Middle Atlantic,2. Information,2. >=Very Good,2. No,4.505822,90.542723
2003,39,1. Never Married,1. White,5. Advanced Degree,2. Middle Atlantic,2. Information,1. <=Good,1. Yes,5.480073,239.864122
2009,30,2. Married,2. Black,2. HS Grad,2. Middle Atlantic,1. Industrial,2. >=Very Good,1. Yes,4.560069,95.59012
2007,36,2. Married,1. White,4. College Grad,2. Middle Atlantic,2. Information,2. >=Very Good,1. Yes,4.87373,130.80789
2005,19,2. Married,4. Other,2. HS Grad,2. Middle Atlantic,1. Industrial,2. >=Very Good,1. Yes,4.718063,111.951199
2009,46,2. Married,1. White,3. Some College,2. Middle Atlantic,2. Information,2. >=Very Good,1. Yes,4.830817,125.313345
2007,62,2. Married,1. White,4. College Grad,2. Middle Atlantic,1. Industrial,2. >=Very Good,2. No,5.296684,199.673508
2003,58,4. Divorced,1. White,2. HS Grad,2. Middle Atlantic,1. Industrial,2. >=Very Good,1. Yes,5.237564,188.211072
2005,48,2. Married,1. White,3. Some College,2. Middle Atlantic,2. Information,2. >=Very Good,1. Yes,5.416327,225.050884
2003,45,2. Married,2. Black,3. Some College,2. Middle Atlantic,1. Industrial,1. <=Good,2. No,4.934215,138.96405
2004,21,2. Married,2. Black,5. Advanced Degree,2. Middle Atlantic,2. Information,1. <=Good,1. Yes,4.878976,131.495978
2009,41,1. Never Married,1. White,2. HS Grad,2. Middle Atlantic,2. Information,2. >=Very Good,1. Yes,4.760783,116.837375
2004,44,2. Married,1. White,3. Some College,2. Middle Atlantic,2. Information,2. >=Very Good,1. Yes,5.016178,150.833698
2005,54,2. Married,4. Other,1. < HS Grad,2. Middle Atlantic,1. Industrial,1. <=Good,2. No,5.07863,160.553949
2007,22,2. Married,1. White,2. HS Grad,2. Middle Atlantic,2. Information,1. <=Good,1. Yes,4.245863,69.815979
2009,46,3. Widowed,1. White,2. HS Grad,2. Middle Atlantic,2. Information,1. <=Good,2. No,4.789287,120.215654
2008,51,5. Separated,1. White,2. HS Grad,2. Middle Atlantic,1. Industrial,2. >=Very Good,1. Yes,4.752848,115.913951
2008,73,2. Married,1. White,3. Some College,2. Middle Atlantic,2. Information,2. >=Very Good,1. Yes,4.663877,106.046393
2003,44,2. Married,1. White,5. Advanced Degree,2. Middle Atlantic,1. Industrial,1. <=Good,1. Yes,5.560541,259.963321
2006,46,1. Never Married,3. Asian,1. < HS Grad,2. Middle Atlantic,2. Information,1. <=Good,2. No,4.801903,121.741933
2009,74,2. Married,1. White,2. HS Grad,2. Middle Atlantic,1. Industrial,2. >=Very Good,1. Yes,4.701952,110.161951
2008,50,2. Married,1. White,3. Some College,2. Middle Atlantic,1. Industrial,2. >=Very Good,2. No,4.866181,129.824224
2006,33,2. Married,1. White,4. College Grad,2. Middle Atlantic,1. Industrial,1. <=Good,2. No,5.107595,165.272439
2007,24,5. Separated,1. White,3. Some College,2. Middle Atlantic,2. Information,2. >=Very Good,1. Yes,4.413609,82.566944
2004,63,2. Married,1. White,3. Some College,2. Middle Atlantic,2. Information,2. >=Very Good,2. No,5.212206,183.498404
2008,65,2. Married,3. Asian,3. Some College,2. Middle Atlantic,2. Information,2. >=Very Good,2. No,4.885741,132.388532
2005,45,2. Married,1. White,3. Some College,2. Middle Atlantic,1. Industrial,1. <=Good,2. No,4.711665,111.237254
2007,77,3. Widowed,1. White,4. College Grad,2. Middle Atlantic,2. Information,1. <=Good,1. Yes,5.279414,196.254849
2007,29,2. Married,1. White,5. Advanced Degree,2. Middle Atlantic,1. Industrial,2. >=Very Good,1. Yes,4.61998,101.492003
2005,38,2. Married,1. White,2. HS Grad,2. Middle Atlantic,1. Industrial,2. >=Very Good,1. Yes,5.008431,149.669662
2008,78,2. Married,1. White,1. < HS Grad,2. Middle Atlantic,2. Information,1. <=Good,1. Yes,4.663373,105.993015
2003,30,2. Married,2. Black,4. College Grad,2. Middle Atlantic,1. Industrial,2. >=Very Good,2. No,5.074932,159.961246
2006,26,2. Married,1. White,3. Some College,2. Middle Atlantic,1. Industrial,2. >=Very Good,1. Yes,5.233264,187.403502
2007,49,2. Married,2. Black,1. < HS Grad,2. Middle Atlantic,1. Industrial,2. >=Very Good,1. Yes,4.969008,143.884068
2008,73,2. Married,4. Other,5. Advanced Degree,2. Middle Atlantic,1. Industrial,2. >=Very Good,1. Yes,5.335851,207.649319
2003,68,2. Married,1. White,4. College Grad,2. Middle Atlantic,1. Industrial,2. >=Very Good,1. Yes,5.334369,207.341872
2005,42,2. Married,1. White,2. HS Grad,2. Middle Atlantic,1. Industrial,1. <=Good,2. No,4.757403,116.443126
2003,75,2. Married,1. White,4. College Grad,2. Middle Atlantic,1. Industrial,2. >=Very Good,1. Yes,5.409818,223.59078
2006,41,3. Widowed,1. White,4. College Grad,2. Middle Atlantic,1. Industrial,2. >=Very Good,2. No,5.059026,157.437039
2003,70,1. Never Married,1. White,4. College Grad,2. Middle Atlantic,2. Information,2. >=Very Good,1. Yes,5.007538,149.536078
2003,68,2. Married,1. White,1. < HS Grad,2. Middle Atlantic,2. Information,2. >=Very Good,1. Yes,4.584397,97.944131
2004,32,4. Divorced,1. White,4. College Grad,2. Middle Atlantic,1. Industrial,2. >=Very Good,1. Yes,4.813977,123.220752
2005,58,1. Never Married,2. Black,2. HS Grad,2. Middle Atlantic,1. Industrial,1. <=Good,1. Yes,5.100271,164.066432
2007,45,1. Never Married,3. Asian,2. HS Grad,2. Middle Atlantic,1. Industrial,2. >=Very Good,1. Yes,5.435417,229.388571
2009,57,4. Divorced,3. Asian,3. Some College,2. Middle Atlantic,1. Industrial,2. >=Very Good,1. Yes,5.216989,184.378177
2004,67,2. Married,3. Asian,4. College Grad,2. Middle Atlantic,2. Information,2. >=Very Good,2. No,5.057543,157.203735
2008,56,1. Never Married,1. White,3. Some College,2. Middle Atlantic,1. Industrial,2. >=Very Good,1. Yes,5.286378,197.626351
2008,31,4. Divorced,2. Black,3. Some College,2. Middle Atlantic,2. Information,2. >=Very Good,2. No,4.411818,82.41916
2005,47,4. Divorced,1. White,3. Some College,2. Middle Atlantic,2. Information,1. <=Good,1. Yes,4.958385,142.363664
2006,59,4. Divorced,1. White,4. College Grad,2. Middle Atlantic,2. Information,1. <=Good,2. No,5.362904,213.343609
2003,46,4. Divorced,1. White,2. HS Grad,2. Middle Atlantic,2. Information,2. >=Very Good,2. No,4.836882,126.07568
2007,28,2. Married,1. White,5. Advanced Degree,2. Middle Atlantic,1. Industrial,2. >=Very Good,2. No,5.083676,161.366135
2004,58,2. Married,2. Black,3. Some College,2. Middle Atlantic,1. Industrial,2. >=Very Good,1. Yes,5.187151,178.957971
2004,66,2. Married,1. White,3. Some College,2. Middle Atlantic,1. Industrial,2. >=Very Good,1. Yes,4.831706,125.424697
2007,47,2. Married,4. Other,2. HS Grad,2. Middle Atlantic,2. Information,1. <=Good,1. Yes,5.174745,176.751584
2007,37,1. Never Married,1. White,2. HS Grad,2. Middle Atlantic,2. Information,2. >=Very Good,1. Yes,4.897154,133.908164
2006,37,2. Married,3. Asian,3. Some College,2. Middle Atlantic,2. Information,1. <=Good,2. No,5.077089,160.306748
2008,56,2. Married,1. White,2. HS Grad,2. Middle Atlantic,1. Industrial,2. >=Very Good,1. Yes,5.245238,189.660871
2006,55,2. Married,4. Other,3. Some College,2. Middle Atlantic,2. Information,2. >=Very Good,1. Yes,5.152137,172.800287
2006,59,1. Never Married,2. Black,2. HS Grad,2. Middle Atlantic,2. Information,2. >=Very Good,2. No,4.756912,116.385962
2009,23,2. Married,1. White,5. Advanced Degree,2. Middle Atlantic,2. Information,1. <=Good,1. Yes,5.170668,176.032436
2008,38,1. Never Married,3. Asian,2. HS Grad,2. Middle Atlantic,2. Information,2. >=Very Good,1. Yes,4.549399,94.575596
2009,74,2. Married,1. White,4. College Grad,2. Middle Atlantic,1. Industrial,1. <=Good,1. Yes,5.176036,176.979918
2009,70,2. Married,2. Black,2. HS Grad,2. Middle Atlantic,2. Information,2. >=Very Good,1. Yes,5.342781,209.093377
2003,29,2. Married,1. White,3. Some College,2. Middle Atlantic,2. Information,2. >=Very Good,2. No,4.980246,145.510242
2003,58,1. Never Married,4. Other,1. < HS Grad,2. Middle Atlantic,1. Industrial,1. <=Good,1. Yes,4.804348,122.039896
2007,80,2. Married,1. White,3. Some College,2. Middle Atlantic,2. Information,2. >=Very Good,1. Yes,4.910549,135.713955
2006,79,2. Married,1. White,2. HS Grad,2. Middle Atlantic,2. Information,2. >=Very Good,1. Yes,4.990229,146.970062
2008,34,2. Married,1. White,5. Advanced Degree,2. Middle Atlantic,2. Information,1. <=Good,1. Yes,5.036519,153.933304
2004,39,2. Married,1. White,3. Some College,2. Middle Atlantic,1. Industrial,2. >=Very Good,1. Yes,5.205061,182.192049
2007,36,1. Never Married,1. White,2. HS Grad,2. Middle Atlantic,2. Information,1. <=Good,1. Yes,4.747439,115.288665
2003,53,1. Never Married,1. White,3. Some College,2. Middle Atlantic,2. Information,1. <=Good,1. Yes,5.228111,186.440355
2007,78,2. Married,1. White,3. Some College,2. Middle Atlantic,1. Industrial,1. <=Good,1. Yes,4.843983,126.974119
2003,32,2. Married,1. White,2. HS Grad,2. Middle Atlantic,2. Information,2. >=Very Good,1. Yes,5.06064,157.691392
2003,29,2. Married,1. White,4. College Grad,2. Middle Atlantic,1. Industrial,2. >=Very Good,1. Yes,4.890295,132.992785
2006,73,4. Divorced,1. White,2. HS Grad,2. Middle Atlantic,2. Information,2. >=Very Good,1. Yes,5.135749,169.991534
2006,42,2. Married,2. Black,2. HS Grad,2. Middle Atlantic,1. Industrial,2. >=Very Good,2. No,5.074064,159.822566
2008,38,2. Married,1. White,1. < HS Grad,2. Middle Atlantic,2. Information,2. >=Very Good,1. Yes,4.527138,92.49343
2003,24,3. Widowed,1. White,5. Advanced Degree,2. Middle Atlantic,2. Information,2. >=Very Good,2. No,4.917757,136.695724
2004,44,2. Married,1. White,5. Advanced Degree,2. Middle Atlantic,1. Industrial,2. >=Very Good,1. Yes,5.291763,198.693441
2003,70,2. Married,1. White,2. HS Grad,2. Middle Atlantic,1. Industrial,2. >=Very Good,1. Yes,4.653833,104.98661
2003,60,2. Married,1. White,3. Some College,2. Middle Atlantic,1. Industrial,2. >=Very Good,1. Yes,5.392199,219.685849
2006,55,4. Divorced,1. White,4. College Grad,2. Middle Atlantic,1. Industrial,2. >=Very Good,2. No,5.22398,185.671702
2005,32,2. Married,1. White,3. Some College,2. Middle Atlantic,2. Information,2. >=Very Good,1. Yes,4.973786,144.573272
2008,70,2. Married,2. Black,2. HS Grad,2. Middle Atlantic,1. Industrial,1. <=Good,1. Yes,4.49465,89.536839
2006,68,2. Married,1. White,5. Advanced Degree,2. Middle Atlantic,2. Information,2. >=Very Good,2. No,5.453014,233.460858
2007,53,2. Married,2. Black,3. Some College,2. Middle Atlantic,2. Information,2. >=Very Good,2. No,5.912169,369.506674
2004,40,4. Divorced,1. White,3. Some College,2. Middle Atlantic,2. Information,2. >=Very Good,1. Yes,4.86612,129.81627
2005,75,1. Never Married,1. White,2. HS Grad,2. Middle Atlantic,2. Information,2. >=Very Good,2. No,4.558111,95.403083
2008,59,1. Never Married,1. White,2. HS Grad,2. Middle Atlantic,1. Industrial,2. >=Very Good,1. Yes,4.997188,147.996457
2007,54,2. Married,1. White,2. HS Grad,2. Middle Atlantic,1. Industrial,1. <=Good,1. Yes,5.070775,159.297805
2004,38,1. Never Married,1. White,3. Some College,2. Middle Atlantic,2. Information,1. <=Good,1. Yes,5.046481,155.474379
2005,57,1. Never Married,1. White,2. HS Grad,2. Middle Atlantic,1. Industrial,2. >=Very Good,1. Yes,4.983039,145.917107
2006,29,5. Separated,1. White,5. Advanced Degree,2. Middle Atlantic,1. Industrial,1. <=Good,1. Yes,5.038661,154.263276
2005,70,2. Married,1. White,2. HS Grad,2. Middle Atlantic,1. Industrial,2. >=Very Good,1. Yes,5.04805,155.718525
2003,53,2. Married,2. Black,2. HS Grad,2. Middle Atlantic,2. Information,2. >=Very Good,2. No,4.747529,115.299001
2006,61,2. Married,2. Black,5. Advanced Degree,2. Middle Atlantic,2. Information,1. <=Good,1. Yes,5.547855,256.686308
2007,36,2. Married,1. White,2. HS Grad,2. Middle Atlantic,2. Information,2. >=Very Good,1. Yes,4.607329,100.216078
2004,33,2. Married,1. White,2. HS Grad,2. Middle Atlantic,1. Industrial,1. <=Good,1. Yes,4.293879,73.250048
2009,77,1. Never Married,2. Black,1. < HS Grad,2. Middle Atlantic,1. Industrial,2. >=Very Good,1. Yes,4.293329,73.209772
2003,50,1. Never Married,3. Asian,3. Some College,2. Middle Atlantic,2. Information,2. >=Very Good,1. Yes,5.212628,183.575941
2004,29,2. Married,1. White,2. HS Grad,2. Middle Atlantic,2. Information,2. >=Very Good,2. No,4.724707,112.697472
2006,25,2. Married,1. White,2. HS Grad,2. Middle Atlantic,2. Information,1. <=Good,1. Yes,4.795686,120.987328
2007,46,4. Divorced,1. White,3. Some College,2. Middle Atlantic,2. Information,2. >=Very Good,2. No,4.924232,137.583667
2005,35,2. Married,1. White,2. HS Grad,2. Middle Atlantic,1. Industrial,2. >=Very Good,1. Yes,4.519397,91.780227
2003,31,2. Married,1. White,4. College Grad,2. Middle Atlantic,1. Industrial,1. <=Good,1. Yes,4.845705,127.192902
2005,50,1. Never Married,1. White,2. HS Grad,2. Middle Atlantic,2. Information,1. <=Good,2. No,4.827385,124.883957
2004,68,4. Divorced,1. White,4. College Grad,2. Middle Atlantic,2. Information,2. >=Very Good,1. Yes,4.706298,110.64177
2008,22,2. Married,1. White,1. < HS Grad,2. Middle Atlantic,1. Industrial,2. >=Very Good,2. No,4.078188,59.03838
2009,65,2. Married,1. White,2. HS Grad,2. Middle Atlantic,2. Information,2. >=Very Good,2. No,5.152383,172.842947
2008,52,2. Married,1. White,5. Advanced Degree,2. Middle Atlantic,2. Information,2. >=Very Good,1. Yes,5.42718,227.506703
2008,74,5. Separated,1. White,4. College Grad,2. Middle Atlantic,1. Industrial,2. >=Very Good,2. No,5.090595,162.486449
2005,53,2. Married,1. White,5. Advanced Degree,2. Middle Atlantic,1. Industrial,2. >=Very Good,1. Yes,5.538355,254.259468
2009,30,3. Widowed,1. White,1. < HS Grad,2. Middle Atlantic,1. Industrial,2. >=Very Good,2. No,4.848953,127.606683
2003,75,2. Married,3. Asian,2. HS Grad,2. Middle Atlantic,2. Information,2. >=Very Good,1. Yes,4.548833,94.522005
2008,77,4. Divorced,1. White,4. College Grad,2. Middle Atlantic,1. Industrial,2. >=Very Good,2. No,5.001937,148.700927
2007,22,2. Married,1. White,3. Some College,2. Middle Atlantic,1. Industrial,1. <=Good,2. No,4.180949,65.427934
2008,28,2. Married,1. White,5. Advanced Degree,2. Middle Atlantic,1. Industrial,1. <=Good,1. Yes,4.789799,120.277175
2004,72,2. Married,1. White,3. Some College,2. Middle Atlantic,2. Information,2. >=Very Good,1. Yes,5.328542,206.1372
2007,19,2. Married,1. White,3. Some College,2. Middle Atlantic,1. Industrial,2. >=Very Good,1. Yes,4.803177,121.897023
2008,19,2. Married,2. Black,3. Some College,2. Middle Atlantic,2. Information,1. <=Good,1. Yes,5.057376,157.177551
2008,57,2. Married,3. Asian,2. HS Grad,2. Middle Atlantic,2. Information,2. >=Very Good,1. Yes,4.964746,143.272084
2005,68,2. Married,1. White,2. HS Grad,2. Middle Atlantic,2. Information,2. >=Very Good,1. Yes,4.678143,107.570113
2003,41,2. Married,1. White,4. College Grad,2. Middle Atlantic,1. Industrial,2. >=Very Good,1. Yes,4.939342,139.678308
2009,25,2. Married,1. White,5. Advanced Degree,2. Middle Atlantic,2. Information,1. <=Good,1. Yes,5.040152,154.493525
2006,22,2. Married,1. White,4. College Grad,2. Middle Atlantic,1. Industrial,2. >=Very Good,1. Yes,4.777926,118.857629
2005,69,1. Never Married,4. Other,4. College Grad,2. Middle Atlantic,1. Industrial,1. <=Good,2. No,4.996917,147.956257
2009,62,2. Married,1. White,4. College Grad,2. Middle Atlantic,1. Industrial,1. <=Good,1. Yes,5.201646,181.570947
2009,45,2. Married,1. White,2. HS Grad,2. Middle Atlantic,2. Information,2. >=Very Good,1. Yes,4.884807,132.264995
2008,38,2. Married,4. Other,3. Some College,2. Middle Atlantic,1. Industrial,2. >=Very Good,2. No,5.06871,158.969081
2008,68,2. Married,2. Black,1. < HS Grad,2. Middle Atlantic,2. Information,1. <=Good,1. Yes,4.787045,119.946392
2006,36,2. Married,1. White,2. HS Grad,2. Middle Atlantic,2. Information,2. >=Very Good,2. No,4.550136,94.645313
2003,71,1. Never Married,1. White,4. College Grad,2. Middle Atlantic,2. Information,2. >=Very Good,1. Yes,5.329385,206.310965
2005,21,3. Widowed,1. White,3. Some College,2. Middle Atlantic,1. Industrial,2. >=Very Good,2. No,4.524139,92.216468
2004,30,2. Married,1. White,5. Advanced Degree,2. Middle Atlantic,2. Information,1. <=Good,1. Yes,5.05928,157.477131
2007,74,1. Never Married,1. White,3. Some College,2. Middle Atlantic,2. Information,2. >=Very Good,2. No,4.734752,113.835246
2004,29,2. Married,3. Asian,3. Some College,2. Middle Atlantic,1. Industrial,2. >=Very Good,1. Yes,4.622386,101.736516
2005,53,4. Divorced,1. White,3. Some College,2. Middle Atlantic,1. Industrial,1. <=Good,1. Yes,5.127635,168.617942
2005,66,1. Never Married,1. White,4. College Grad,2. Middle Atlantic,2. Information,2. >=Very Good,1. Yes,5.008409,149.666473
2004,25,2. Married,1. White,2. HS Grad,2. Middle Atlantic,1. Industrial,1. <=Good,1. Yes,4.348317,77.348191
2008,77,2. Married,1. White,3. Some College,2. Middle Atlantic,1. Industrial,2. >=Very Good,2. No,4.941669,140.003695
2005,44,1. Never Married,1. White,5. Advanced Degree,2. Middle Atlantic,1. Industrial,2. >=Very Good,2. No,5.238231,188.336551
2009,20,2. Married,2. Black,4. College Grad,2. Middle Atlantic,1. Industrial,2. >=Very Good,1. Yes,4.570429,96.585552
2008,79,2. Married,3. Asian,2. HS Grad,2. Middle Atlantic,1. Industrial,1. <=Good,2. No,4.885962,132.417769
2003,52,3. Widowed,2. Black,4. College Grad,2. Middle Atlantic,2. Information,2. >=Very Good,1. Yes,5.432662,228.757309
2004,51,2. Married,2. Black,2. HS Grad,2. Middle Atlantic,2. Information,1. <=Good,2. No,4.72899,113.18117
2003,36,1. Never Married,1. White,3. Some College,2. Middle Atlantic,1. Industrial,1. <=Good,1. Yes,4.743713,114.859927
2003,33,2. Married,1. White,3. Some College,2. Middle Atlantic,1. Industrial,1. <=Good,1. Yes,4.696464,109.559137
2008,68,2. Married,1. White,2. HS Grad,2. Middle Atlantic,1. Industrial,1. <=Good,1. Yes,4.66559,106.228258
2003,32,2. Married,1. White,2. HS Grad,2. Middle Atlantic,2. Information,2. >=Very Good,1. Yes,5.066837,158.671722
2005,20,2. Married,2. Black,2. HS Grad,2. Middle Atlantic,1. Industrial,2. >=Very Good,1. Yes,4.297202,73.493882
2006,66,2. Married,1. White,3. Some College,2. Middle Atlantic,2. Information,2. >=Very Good,1. Yes,4.875772,131.075302
2009,62,2. Married,1. White,4. College Grad,2. Middle Atlantic,2. Information,1. <=Good,2. No,5.200878,181.431463
2009,37,2. Married,2. Black,3. Some College,2. Middle Atlantic,2. Information,1. <=Good,1. Yes,5.075146,159.995615
2009,72,1. Never Married,2. Black,2. HS Grad,2. Middle Atlantic,1. Industrial,2. >=Very Good,1. Yes,4.661655,105.811081
2009,18,2. Married,1. White,4. College Grad,2. Middle Atlantic,2. Information,2. >=Very Good,2. No,4.573496,96.882221
2006,18,1. Never Married,1. White,2. HS Grad,2. Middle Atlantic,2. Information,1. <=Good,1. Yes,4.730438,113.345247
2006,36,2. Married,1. White,4. College Grad,2. Middle Atlantic,2. Information,1. <=Good,1. Yes,4.982619,145.855929
2005,71,2. Married,1. White,3. Some College,2. Middle Atlantic,2. Information,1. <=Good,2. No,4.901959,134.553067
2003,55,2. Married,1. White,5. Advanced Degree,2. Middle Atlantic,2. Information,2. >=Very Good,2. No,5.872373,355.090742
2009,77,1. Never Married,1. White,2. HS Grad,2. Middle Atlantic,1. Industrial,2. >=Very Good,1. Yes,4.93639,139.266565
2004,42,2. Married,1. White,2. HS Grad,2. Middle Atlantic,2. Information,2. >=Very Good,1. Yes,4.600694,99.553339
2003,25,2. Married,1. White,3. Some College,2. Middle Atlantic,1. Industrial,2. >=Very Good,2. No,4.967724,143.699502
2006,52,2. Married,1. White,2. HS Grad,2. Middle Atlantic,2. Information,2. >=Very Good,1. Yes,5.011204,150.085405
2003,75,2. Married,3. Asian,5. Advanced Degree,2. Middle Atlantic,1. Industrial,2. >=Very Good,1. Yes,5.054245,156.686119
2004,41,2. Married,1. White,4. College Grad,2. Middle Atlantic,1. Industrial,2. >=Very Good,1. Yes,4.54352,94.021214
2007,45,1. Never Married,1. White,4. College Grad,2. Middle Atlantic,2. Information,2. >=Very Good,1. Yes,4.931601,138.601192
2004,79,1. Never Married,1. White,4. College Grad,2. Middle Atlantic,1. Industrial,2. >=Very Good,1. Yes,5.241258,188.907622
2007,75,2. Married,1. White,3. Some College,2. Middle Atlantic,1. Industrial,2. >=Very Good,1. Yes,4.998811,148.236747
2004,31,2. Married,1. White,4. College Grad,2. Middle Atlantic,2. Information,2. >=Very Good,1. Yes,5.074762,159.934104
2005,67,2. Married,2. Black,5. Advanced Degree,2. Middle Atlantic,1. Industrial,2. >=Very Good,1. Yes,5.39984,221.370922
2009,29,2. Married,1. White,4. College Grad,2. Middle Atlantic,1. Industrial,1. <=Good,1. Yes,5.261913,192.850135
2006,44,2. Married,2. Black,3. Some College,2. Middle Atlantic,2. Information,1. <=Good,1. Yes,5.103577,164.609697
2008,32,2. Married,1. White,2. HS Grad,2. Middle Atlantic,2. Information,1. <=Good,1. Yes,4.633442,102.867484
2006,68,2. Married,3. Asian,5. Advanced Degree,2. Middle Atlantic,1. Industrial,1. <=Good,1. Yes,5.258458,192.18494
2003,77,1. Never Married,3. Asian,5. Advanced Degree,2. Middle Atlantic,1. Industrial,2. >=Very Good,1. Yes,5.005752,149.269258
2003,55,1. Never Married,1. White,2. HS Grad,2. Middle Atlantic,1. Industrial,2. >=Very Good,1. Yes,5.152443,172.85326
2005,45,1. Never Married,1. White,1. < HS Grad,2. Middle Atlantic,1. Industrial,2. >=Very Good,2. No,4.8324,125.511801
2003,55,1. Never Married,2. Black,4. College Grad,2. Middle Atlantic,1. Industrial,1. <=Good,1. Yes,5.246771,189.951937
2007,31,4. Divorced,1. White,2. HS Grad,2. Middle Atlantic,1. Industrial,1. <=Good,1. Yes,4.268323,71.401769
2009,67,2. Married,1. White,5. Advanced Degree,2. Middle Atlantic,2. Information,2. >=Very Good,1. Yes,5.497848,244.165918
2004,71,2. Married,1. White,4. College Grad,2. Middle Atlantic,2. Information,2. >=Very Good,2. No,4.622297,101.727473
2005,36,2. Married,1. White,3. Some College,2. Middle Atlantic,2. Information,2. >=Very Good,1. Yes,4.641386,103.687968
2003,47,2. Married,4. Other,1. < HS Grad,2. Middle Atlantic,2. Information,2. >=Very Good,1. Yes,4.897551,133.961348
2005,47,2. Married,1. White,1. < HS Grad,2. Middle Atlantic,1. Industrial,2. >=Very Good,1. Yes,4.360136,78.267758
2008,35,1. Never Married,1. White,3. Some College,2. Middle Atlantic,2. Information,2. >=Very Good,1. Yes,4.99257,147.314562
2005,38,2. Married,2. Black,2. HS Grad,2. Middle Atlantic,2. Information,2. >=Very Good,1. Yes,4.493103,89.39842
2008,68,1. Never Married,2. Black,2. HS Grad,2. Middle Atlantic,2. Information,2. >=Very Good,2. No,4.784318,119.619762
2005,36,2. Married,1. White,3. Some College,2. Middle Atlantic,1. Industrial,2. >=Very Good,1. Yes,4.798293,121.303208
2005,59,2. Married,1. White,3. Some College,2. Middle Atlantic,2. Information,2. >=Very Good,1. Yes,5.315594,203.485448
2008,18,2. Married,1. White,4. College Grad,2. Middle Atlantic,1. Industrial,2. >=Very Good,1. Yes,4.642478,103.801256
2003,31,2. Married,1. White,2. HS Grad,2. Middle Atlantic,1. Industrial,2. >=Very Good,1. Yes,4.300019,73.701216
2005,55,1. Never Married,1. White,1. < HS Grad,2. Middle Atlantic,1. Industrial,2. >=Very Good,1. Yes,4.609247,100.40854
2008,77,4. Divorced,1. White,5. Advanced Degree,2. Middle Atlantic,1. Industrial,1. <=Good,1. Yes,5.442853,231.100569
2008,69,2. Married,1. White,2. HS Grad,2. Middle Atlantic,2. Information,2. >=Very Good,2. No,5.429117,227.947786
2009,65,2. Married,4. Other,2. HS Grad,2. Middle Atlantic,2. Information,2. >=Very Good,1. Yes,5.05587,156.940934
2004,62,2. Married,1. White,2. HS Grad,2. Middle Atlantic,2. Information,1. <=Good,2. No,5.501097,244.960477
2003,71,3. Widowed,1. White,4. College Grad,2. Middle Atlantic,1. Industrial,1. <=Good,1. Yes,5.109512,165.589458
2005,78,4. Divorced,3. Asian,2. HS Grad,2. Middle Atlantic,2. Information,2. >=Very Good,1. Yes,4.807885,122.472339
2006,76,2. Married,2. Black,3. Some College,2. Middle Atlantic,1. Industrial,1. <=Good,1. Yes,4.632485,102.769092
2007,37,2. Married,1. White,2. HS Grad,2. Middle Atlantic,2. Information,1. <=Good,1. Yes,4.662378,105.887572
2003,52,2. Married,1. White,3. Some College,2. Middle Atlantic,2. Information,2. >=Very Good,2. No,4.954358,141.791531
2006,56,2. Married,1. White,2. HS Grad,2. Middle Atlantic,1. Industrial,2. >=Very Good,1. Yes,4.796964,121.142031
2003,25,1. Never Married,2. Black,3. Some College,2. Middle Atlantic,2. Information,2. >=Very Good,1. Yes,4.579611,97.476452
2007,39,1. Never Married,1. White,2. HS Grad,2. Middle Atlantic,2. Information,1. <=Good,2. No,4.706033,110.61245
2006,68,1. Never Married,1. White,3. Some College,2. Middle Atlantic,1. Industrial,2. >=Very Good,1. Yes,4.735734,113.947037
2008,45,1. Never Married,1. White,2. HS Grad,2. Middle Atlantic,1. Industrial,2. >=Very Good,1. Yes,5.342532,209.041437
2007,44,1. Never Married,1. White,5. Advanced Degree,2. Middle Atlantic,2. Information,2. >=Very Good,1. Yes,5.351744,210.975958
2003,53,2. Married,1. White,3. Some College,2. Middle Atlantic,1. Industrial,2. >=Very Good,1. Yes,5.309014,202.150732
2006,42,2. Married,2. Black,2. HS Grad,2. Middle Atlantic,2. Information,2. >=Very Good,2. No,4.993491,147.450329
2004,30,2. Married,1. White,2. HS Grad,2. Middle Atlantic,1. Industrial,1. <=Good,1. Yes,4.230177,68.729401
2003,80,2. Married,1. White,4. College Grad,2. Middle Atlantic,2. Information,1. <=Good,1. Yes,4.868556,130.132817
2003,44,2. Married,1. White,4. College Grad,2. Middle Atlantic,2. Information,1. <=Good,1. Yes,5.503242,245.486464
2005,64,1. Never Married,3. Asian,2. HS Grad,2. Middle Atlantic,2. Information,1. <=Good,1. Yes,5.066905,158.682408
2007,42,2. Married,1. White,2. HS Grad,2. Middle Atlantic,1. Industrial,2. >=Very Good,2. No,4.636201,103.151771
2004,41,2. Married,1. White,2. HS Grad,2. Middle Atlantic,2. Information,2. >=Very Good,1. Yes,5.221503,185.212302
2006,68,2. Married,1. White,4. College Grad,2. Middle Atlantic,2. Information,2. >=Very Good,1. Yes,5.33399,207.26339
2003,32,2. Married,1. White,3. Some College,2. Middle Atlantic,2. Information,2. >=Very Good,2. No,4.8322,125.48677
2009,20,2. Married,1. White,2. HS Grad,2. Middle Atlantic,2. Information,2. >=Very Good,2. No,4.612929,100.778877
2004,25,2. Married,1. White,3. Some College,2. Middle Atlantic,1. Industrial,2. >=Very Good,1. Yes,5.140149,170.741167
2009,64,4. Divorced,1. White,3. Some College,2. Middle Atlantic,1. Industrial,2. >=Very Good,2. No,4.789993,120.30053
2003,29,3. Widowed,1. White,1. < HS Grad,2. Middle Atlantic,2. Information,2. >=Very Good,2. No,3.954289,52.158579
2006,43,2. Married,1. White,2. HS Grad,2. Middle Atlantic,1. Industrial,2. >=Very Good,2. No,4.663834,106.041829
2004,57,2. Married,2. Black,2. HS Grad,2. Middle Atlantic,2. Information,2. >=Very Good,1. Yes,5.065389,158.442135
2007,36,2. Married,1. White,3. Some College,2. Middle Atlantic,1. Industrial,2. >=Very Good,2. No,4.960907,142.723127
2005,59,2. Married,1. White,4. College Grad,2. Middle Atlantic,1. Industrial,2. >=Very Good,1. Yes,5.141747,171.01433
2007,37,4. Divorced,1. White,3. Some College,2. Middle Atlantic,2. Information,1. <=Good,1. Yes,4.907308,135.274807
2006,59,1. Never Married,1. White,4. College Grad,2. Middle Atlantic,1. Industrial,2. >=Very Good,1. Yes,4.777991,118.865268
2009,74,2. Married,2. Black,3. Some College,2. Middle Atlantic,1. Industrial,2. >=Very Good,2. No,5.182873,178.193951
2005,68,2. Married,1. White,3. Some College,2. Middle Atlantic,1. Industrial,2. >=Very Good,2. No,4.83171,125.425207
2005,22,1. Never Married,1. White,5. Advanced Degree,2. Middle Atlantic,2. Information,2. >=Very Good,1. Yes,4.599565,99.441036
2003,58,2. Married,1. White,3. Some College,2. Middle Atlantic,2. Information,1. <=Good,1. Yes,5.191021,179.651945
2008,65,2. Married,2. Black,2. HS Grad,2. Middle Atlantic,2. Information,2. >=Very Good,1. Yes,5.238467,188.381165
2007,76,2. Married,1. White,4. College Grad,2. Middle Atlantic,1. Industrial,2. >=Very Good,1. Yes,4.81288,123.085553
2009,57,2. Married,1. White,3. Some College,2. Middle Atlantic,1. Industrial,2. >=Very Good,1. Yes,4.973296,144.502388
2003,36,2. Married,2. Black,2. HS Grad,2. Middle Atlantic,2. Information,2. >=Very Good,2. No,4.48517,88.692007
2008,49,1. Never Married,1. White,1. < HS Grad,2. Middle Atlantic,2. Information,2. >=Very Good,1. Yes,4.557168,95.313186
2004,45,2. Married,1. White,1. < HS Grad,2. Middle Atlantic,1. Industrial,2. >=Very Good,1. Yes,4.53881,93.579394
2009,80,4. Divorced,1. White,3. Some College,2. Middle Atlantic,2. Information,2. >=Very Good,2. No,4.988915,146.777114
2003,79,2. Married,1. White,2. HS Grad,2. Middle Atlantic,2. Information,1. <=Good,2. No,5.010396,149.964035
2008,63,2. Married,4. Other,1. < HS Grad,2. Middle Atlantic,2. Information,1. <=Good,1. Yes,4.826674,124.795235
2009,66,1. Never Married,1. White,5. Advanced Degree,2. Middle Atlantic,1. Industrial,1. <=Good,1. Yes,5.122291,167.71918
2008,63,2. Married,3. Asian,5. Advanced Degree,2. Middle Atlantic,2. Information,2. >=Very Good,1. Yes,5.090597,162.486877
2008,59,2. Married,1. White,4. College Grad,2. Middle Atlantic,1. Industrial,2. >=Very Good,1. Yes,5.201873,181.612155
2009,51,2. Married,2. Black,3. Some College,2. Middle Atlantic,1. Industrial,1. <=Good,1. Yes,4.812166,122.997787
2008,26,2. Married,1. White,4. College Grad,2. Middle Atlantic,1. Industrial,2. >=Very Good,1. Yes,4.991045,147.089996
2005,64,1. Never Married,1. White,3. Some College,2. Middle Atlantic,2. Information,2. >=Very Good,1. Yes,5.553547,258.151541
2009,74,2. Married,1. White,3. Some College,2. Middle Atlantic,2. Information,1. <=Good,1. Yes,5.219465,184.835353
2008,68,2. Married,2. Black,2. HS Grad,2. Middle Atlantic,2. Information,2. >=Very Good,1. Yes,4.947526,140.826184
2005,62,2. Married,1. White,4. College Grad,2. Middle Atlantic,1. Industrial,1. <=Good,1. Yes,4.610315,100.515784
2003,56,2. Married,1. White,3. Some College,2. Middle Atlantic,2. Information,2. >=Very Good,1. Yes,5.169131,175.762067
2005,72,2. Married,1. White,4. College Grad,2. Middle Atlantic,1. Industrial,2. >=Very Good,1. Yes,5.255049,191.53089
2004,58,2. Married,2. Black,2. HS Grad,2. Middle Atlantic,2. Information,2. >=Very Good,1. Yes,4.676348,107.377239
2004,69,1. Never Married,3. Asian,4. College Grad,2. Middle Atlantic,2. Information,2. >=Very Good,2. No,5.174912,176.781087
2006,68,1. Never Married,2. Black,4. College Grad,2. Middle Atlantic,2. Information,2. >=Very Good,1. Yes,5.138917,170.530966
2008,62,2. Married,3. Asian,2. HS Grad,2. Middle Atlantic,1. Industrial,2. >=Very Good,1. Yes,5.453018,233.461698
2008,42,3. Widowed,2. Black,4. College Grad,2. Middle Atlantic,2. Information,2. >=Very Good,1. Yes,5.049487,155.942448
2004,36,1. Never Married,1. White,2. HS Grad,2. Middle Atlantic,1. Industrial,2. >=Very Good,2. No,4.243506,69.651616
2005,55,4. Divorced,1. White,2. HS Grad,2. Middle Atlantic,1. Industrial,2. >=Very Good,1. Yes,5.137456,170.281997
2003,30,2. Married,1. White,2. HS Grad,2. Middle Atlantic,1. Industrial,2. >=Very Good,2. No,4.460878,86.563497
2007,24,1. Never Married,1. White,3. Some College,2. Middle Atlantic,1. Industrial,1. <=Good,1. Yes,4.688995,108.743827
2006,18,1. Never Married,1. White,5. Advanced Degree,2. Middle Atlantic,2. Information,2. >=Very Good,1. Yes,5.114294,166.383283
2007,36,1. Never Married,1. White,4. College Grad,2. Middle Atlantic,1. Industrial,2. >=Very Good,1. Yes,4.988797,146.759814
2007,24,2. Married,1. White,2. HS Grad,2. Middle Atlantic,2. Information,1. <=Good,2. No,4.704035,110.391684
2004,57,1. Never Married,1. White,4. College Grad,2. Middle Atlantic,2. Information,1. <=Good,1. Yes,5.119334,167.223967
2004,75,4. Divorced,1. White,1. < HS Grad,2. Middle Atlantic,1. Industrial,1. <=Good,2. No,4.314027,74.740857
2009,42,1. Never Married,1. White,2. HS Grad,2. Middle Atlantic,2. Information,2. >=Very Good,1. Yes,4.92302,137.416991
2009,62,4. Divorced,2. Black,3. Some College,2. Middle Atlantic,2. Information,2. >=Very Good,1. Yes,4.976991,145.037361
2003,39,1. Never Married,2. Black,5. Advanced Degree,2. Middle Atlantic,1. Industrial,2. >=Very Good,1. Yes,5.078597,160.54869
2004,73,3. Widowed,2. Black,4. College Grad,2. Middle Atlantic,1. Industrial,1. <=Good,1. Yes,5.038031,154.166176
2008,63,1. Never Married,4. Other,1. < HS Grad,2. Middle Atlantic,1. Industrial,2. >=Very Good,2. No,4.579713,97.486377
2005,38,2. Married,1. White,5. Advanced Degree,2. Middle Atlantic,2. Information,1. <=Good,2. No,5.153875,173.101024
2005,26,1. Never Married,1. White,4. College Grad,2. Middle Atlantic,2. Information,2. >=Very Good,2. No,4.885529,132.360437
2008,79,2. Married,3. Asian,3. Some College,2. Middle Atlantic,1. Industrial,2. >=Very Good,1. Yes,4.912284,135.949593
2007,80,4. Divorced,1. White,4. College Grad,2. Middle Atlantic,1. Industrial,2. >=Very Good,1. Yes,5.22965,186.727462
2005,32,2. Married,1. White,4. College Grad,2. Middle Atlantic,2. Information,2. >=Very Good,1. Yes,4.754966,116.159648
2008,29,2. Married,1. White,2. HS Grad,2. Middle Atlantic,1. Industrial,1. <=Good,1. Yes,5.037662,154.109334
2005,53,4. Divorced,1. White,3. Some College,2. Middle Atlantic,2. Information,2. >=Very Good,1. Yes,4.850615,127.819012
2006,65,2. Married,1. White,2. HS Grad,2. Middle Atlantic,1. Industrial,1. <=Good,2. No,5.406605,222.87356
2008,64,4. Divorced,1. White,3. Some College,2. Middle Atlantic,2. Information,1. <=Good,1. Yes,5.344532,209.459772
2006,54,2. Married,3. Asian,2. HS Grad,2. Middle Atlantic,2. Information,1. <=Good,1. Yes,5.090444,162.462047
2005,22,2. Married,2. Black,2. HS Grad,2. Middle Atlantic,2. Information,2. >=Very Good,1. Yes,4.476075,87.889017
2009,67,2. Married,1. White,3. Some College,2. Middle Atlantic,2. Information,1. <=Good,2. No,5.192011,179.829827
2008,80,4. Divorced,1. White,2. HS Grad,2. Middle Atlantic,1. Industrial,1. <=Good,1. Yes,4.700879,110.04391
2008,40,2. Married,4. Other,3. Some College,2. Middle Atlantic,1. Industrial,2. >=Very Good,1. Yes,4.792385,120.588625
2007,77,5. Separated,2. Black,1. < HS Grad,2. Middle Atlantic,1. Industrial,2. >=Very Good,1. Yes,4.479345,88.176868
2005,52,1. Never Married,3. Asian,1. < HS Grad,2. Middle Atlantic,2. Information,2. >=Very Good,1. Yes,5.12993,169.005221
2008,66,2. Married,1. White,2. HS Grad,2. Middle Atlantic,2. Information,2. >=Very Good,1. Yes,4.749867,115.568886
2008,75,1. Never Married,1. White,5. Advanced Degree,2. Middle Atlantic,1. Industrial,2. >=Very Good,1. Yes,5.310692,202.49036
2007,68,2. Married,1. White,2. HS Grad,2. Middle Atlantic,1. Industrial,2. >=Very Good,2. No,4.952383,141.511733
2006,44,2. Married,1. White,3. Some College,2. Middle Atlantic,2. Information,1. <=Good,1. Yes,4.997351,148.020598
2003,54,1. Never Married,1. White,4. College Grad,2. Middle Atlantic,1. Industrial,1. <=Good,2. No,5.374869,215.91155
2003,59,2. Married,1. White,2. HS Grad,2. Middle Atlantic,1. Industrial,2. >=Very Good,2. No,5.094485,163.119793
2007,30,2. Married,3. Asian,4. College Grad,2. Middle Atlantic,1. Industrial,1. <=Good,1. Yes,4.602604,99.743754
2004,61,2. Married,1. White,3. Some College,2. Middle Atlantic,2. Information,2. >=Very Good,1. Yes,4.955216,141.913293
2004,44,2. Married,1. White,4. College Grad,2. Middle Atlantic,2. Information,1. <=Good,1. Yes,5.26035,192.548828
2004,49,2. Married,1. White,2. HS Grad,2. Middle Atlantic,2. Information,1. <=Good,1. Yes,4.772927,118.264857
2007,68,1. Never Married,4. Other,3. Some College,2. Middle Atlantic,2. Information,2. >=Very Good,1. Yes,5.032919,153.380028
2008,66,2. Married,1. White,3. Some College,2. Middle Atlantic,2. Information,2. >=Very Good,2. No,4.668042,106.489083
2009,24,1. Never Married,2. Black,1. < HS Grad,2. Middle Atlantic,1. Industrial,1. <=Good,1. Yes,4.379885,79.828814
2005,74,2. Married,1. White,4. College Grad,2. Middle Atlantic,2. Information,2. >=Very Good,2. No,5.119536,167.257813
2006,52,1. Never Married,1. White,3. Some College,2. Middle Atlantic,2. Information,2. >=Very Good,1. Yes,5.279084,196.190123
2008,36,2. Married,1. White,3. Some College,2. Middle Atlantic,2. Information,2. >=Very Good,1. Yes,4.70284,110.259819
2003,70,1. Never Married,2. Black,5. Advanced Degree,2. Middle Atlantic,1. Industrial,1. <=Good,2. No,5.142447,171.133941
2006,58,4. Divorced,1. White,5. Advanced Degree,2. Middle Atlantic,2. Information,1. <=Good,1. Yes,5.202323,181.693839
2008,29,2. Married,1. White,2. HS Grad,2. Middle Atlantic,2. Information,2. >=Very Good,1. Yes,4.77537,118.554146
2003,30,1. Never Married,1. White,4. College Grad,2. Middle Atlantic,1. Industrial,1. <=Good,1. Yes,4.933461,138.859325
2003,53,3. Widowed,1. White,2. HS Grad,2. Middle Atlantic,2. Information,1. <=Good,1. Yes,5.332042,206.859869
2003,62,2. Married,1. White,5. Advanced Degree,2. Middle Atlantic,1. Industrial,1. <=Good,1. Yes,5.191806,179.792984
2005,51,2. Married,1. White,3. Some College,2. Middle Atlantic,2. Information,2. >=Very Good,2. No,5.525545,251.023219
2006,54,2. Married,3. Asian,5. Advanced Degree,2. Middle Atlantic,2. Information,2. >=Very Good,1. Yes,5.348783,210.352117
2007,57,4. Divorced,3. Asian,2. HS Grad,2. Middle Atlantic,1. Industrial,1. <=Good,1. Yes,4.880771,131.732125
2005,21,1. Never Married,1. White,2. HS Grad,2. Middle Atlantic,2. Information,2. >=Very Good,1. Yes,4.860253,129.05691
2008,76,2. Married,1. White,2. HS Grad,2. Middle Atlantic,1. Industrial,1. <=Good,2. No,5.271984,194.80205
2005,58,1. Never Married,1. White,5. Advanced Degree,2. Middle Atlantic,2. Information,1. <=Good,2. No,5.904293,366.607808
2003,27,1. Never Married,1. White,2. HS Grad,2. Middle Atlantic,2. Information,2. >=Very Good,2. No,4.20557,67.058807
2004,72,2. Married,1. White,2. HS Grad,2. Middle Atlantic,2. Information,2. >=Very Good,2. No,4.497274,89.772052
2009,66,1. Never Married,1. White,2. HS Grad,2. Middle Atlantic,2. Information,1. <=Good,1. Yes,5.02507,152.180895
2003,57,2. Married,1. White,5. Advanced Degree,2. Middle Atlantic,2. Information,2. >=Very Good,1. Yes,5.410598,223.765291
2006,61,1. Never Married,1. White,5. Advanced Degree,2. Middle Atlantic,1. Industrial,2. >=Very Good,2. No,5.400984,221.624348
2009,39,2. Married,2. Black,4. College Grad,2. Middle Atlantic,2. Information,2. >=Very Good,1. Yes,5.115459,166.577195
2009,52,4. Divorced,1. White,2. HS Grad,2. Middle Atlantic,2. Information,2. >=Very Good,1. Yes,5.271842,194.774483
2004,30,2. Married,1. White,4. College Grad,2. Middle Atlantic,2. Information,2. >=Very Good,1. Yes,4.743944,114.886431
2005,76,1. Never Married,1. White,4. College Grad,2. Middle Atlantic,1. Industrial,2. >=Very Good,1. Yes,4.887071,132.564761
2003,64,2. Married,1. White,2. HS Grad,2. Middle Atlantic,2. Information,2. >=Very Good,1. Yes,4.968498,143.810712
2006,38,1. Never Married,1. White,5. Advanced Degree,2. Middle Atlantic,2. Information,2. >=Very Good,1. Yes,5.053912,156.634033
2008,59,1. Never Married,1. White,4. College Grad,2. Middle Atlantic,2. Information,2. >=Very Good,1. Yes,5.279455,196.262825
2005,71,2. Married,1. White,2. HS Grad,2. Middle Atlantic,2. Information,1. <=Good,1. Yes,4.956253,142.060491
2006,70,1. Never Married,1. White,3. Some College,2. Middle Atlantic,1. Industrial,2. >=Very Good,1. Yes,5.358355,212.375375
2005,54,4. Divorced,1. White,3. Some College,2. Middle Atlantic,2. Information,2. >=Very Good,2. No,4.648777,104.457141
2007,27,2. Married,2. Black,2. HS Grad,2. Middle Atlantic,1. Industrial,2. >=Very Good,1. Yes,4.590426,98.536378
2006,29,2. Married,1. White,3. Some College,2. Middle Atlantic,1. Industrial,2. >=Very Good,1. Yes,4.942374,140.102505
2003,48,1. Never Married,1. White,2. HS Grad,2. Middle Atlantic,2. Information,2. >=Very Good,1. Yes,5.03836,154.216862
2006,46,2. Married,3. Asian,2. HS Grad,2. Middle Atlantic,2. Information,2. >=Very Good,2. No,5.068652,158.959878
2008,32,1. Never Married,1. White,2. HS Grad,2. Middle Atlantic,1. Industrial,2. >=Very Good,1. Yes,4.74042,114.482254
2009,34,2. Married,1. White,3. Some College,2. Middle Atlantic,1. Industrial,2. >=Very Good,1. Yes,4.769714,117.885494
2009,76,1. Never Married,1. White,3. Some College,2. Middle Atlantic,2. Information,2. >=Very Good,2. No,5.026162,152.347168
2004,76,1. Never Married,2. Black,3. Some College,2. Middle Atlantic,2. Information,2. >=Very Good,1. Yes,5.031,153.086073
2009,63,2. Married,1. White,3. Some College,2. Middle Atlantic,2. Information,2. >=Very Good,1. Yes,5.016357,150.860643
2009,63,2. Married,1. White,2. HS Grad,2. Middle Atlantic,1. Industrial,2. >=Very Good,1. Yes,4.87504,130.979349
2005,54,2. Married,1. White,3. Some College,2. Middle Atlantic,2. Information,2. >=Very Good,1. Yes,5.684661,294.317939
2005,80,2. Married,1. White,4. College Grad,2. Middle Atlantic,1. Industrial,2. >=Very Good,2. No,4.714595,111.56367
2005,50,1. Never Married,2. Black,2. HS Grad,2. Middle Atlantic,1. Industrial,2. >=Very Good,2. No,5.055424,156.871025
2004,18,1. Never Married,3. Asian,2. HS Grad,2. Middle Atlantic,2. Information,2. >=Very Good,1. Yes,4.596644,99.151048
2009,78,1. Never Married,2. Black,4. College Grad,2. Middle Atlantic,1. Industrial,1. <=Good,2. No,4.994327,147.573644
2004,51,2. Married,2. Black,4. College Grad,2. Middle Atlantic,2. Information,2. >=Very Good,2. No,5.157433,173.717987
2008,47,2. Married,1. White,1. < HS Grad,2. Middle Atlantic,2. Information,1. <=Good,2. No,4.63524,103.052604
2008,41,2. Married,1. White,2. HS Grad,2. Middle Atlantic,2. Information,2. >=Very Good,2. No,4.737773,114.179614
2007,49,1. Never Married,1. White,5. Advanced Degree,2. Middle Atlantic,2. Information,2. >=Very Good,2. No,5.360356,212.800737
2006,45,2. Married,1. White,5. Advanced Degree,2. Middle Atlantic,2. Information,2. >=Very Good,2. No,5.034201,153.576825
2006,75,1. Never Married,1. White,4. College Grad,2. Middle Atlantic,1. Industrial,1. <=Good,1. Yes,4.943087,140.202356
2005,79,2. Married,1. White,2. HS Grad,2. Middle Atlantic,1. Industrial,1. <=Good,1. Yes,5.188739,179.24235
2008,55,3. Widowed,4. Other,2. HS Grad,2. Middle Atlantic,1. Industrial,1. <=Good,1. Yes,4.763376,117.140754
2006,20,3. Widowed,1. White,2. HS Grad,2. Middle Atlantic,2. Information,1. <=Good,1. Yes,4.356579,77.989883
2004,74,1. Never Married,2. Black,5. Advanced Degree,2. Middle Atlantic,2. Information,2. >=Very Good,2. No,5.793226,328.06963
2008,43,1. Never Married,2. Black,3. Some College,2. Middle Atlantic,1. Industrial,1. <=Good,2. No,5.10891,165.489941
2008,57,2. Married,3. Asian,4. College Grad,2. Middle Atlantic,2. Information,2. >=Very Good,2. No,5.29124,198.58945
2004,44,2. Married,1. White,5. Advanced Degree,2. Middle Atlantic,2. Information,1. <=Good,2. No,5.265916,193.623531
2004,61,2. Married,1. White,4. College Grad,2. Middle Atlantic,1. Industrial,2. >=Very Good,2. No,5.332275,206.908249
2008,65,1. Never Married,1. White,2. HS Grad,2. Middle Atlantic,2. Information,2. >=Very Good,1. Yes,5.047108,155.571975
2004,54,4. Divorced,1. White,5. Advanced Degree,2. Middle Atlantic,1. Industrial,2. >=Very Good,1. Yes,5.611258,273.488083
2004,39,2. Married,2. Black,3. Some College,2. Middle Atlantic,1. Industrial,2. >=Very Good,1. Yes,5.17511,176.816062
2003,61,2. Married,1. White,1. < HS Grad,2. Middle Atlantic,1. Industrial,1. <=Good,2. No,5.124837,168.146784
2003,54,1. Never Married,1. White,2. HS Grad,2. Middle Atlantic,2. Information,2. >=Very Good,1. Yes,4.966383,143.506867
2008,38,2. Married,2. Black,4. College Grad,2. Middle Atlantic,2. Information,2. >=Very Good,1. Yes,5.400438,221.503427
2003,69,2. Married,3. Asian,3. Some College,2. Middle Atlantic,2. Information,1. <=Good,1. Yes,5.149771,172.392054
2009,73,2. Married,1. White,4. College Grad,2. Middle Atlantic,2. Information,2. >=Very Good,1. Yes,5.093036,162.883698
2008,63,2. Married,2. Black,3. Some College,2. Middle Atlantic,2. Information,2. >=Very Good,2. No,5.397774,220.914088
2003,63,1. Never Married,1. White,4. College Grad,2. Middle Atlantic,1. Industrial,2. >=Very Good,1. Yes,4.870172,130.343365
2005,68,3. Widowed,1. White,4. College Grad,2. Middle Atlantic,1. Industrial,2. >=Very Good,2. No,5.652305,284.947424
2004,61,2. Married,1. White,4. College Grad,2. Middle Atlantic,2. Information,2. >=Very Good,1. Yes,4.99537,147.727521
2004,34,5. Separated,1. White,1. < HS Grad,2. Middle Atlantic,1. Industrial,2. >=Very Good,2. No,4.877243,131.268246
2006,19,1. Never Married,2. Black,5. Advanced Degree,2. Middle Atlantic,1. Industrial,2. >=Very Good,1. Yes,5.112303,166.052317
2008,78,2. Married,1. White,2. HS Grad,2. Middle Atlantic,1. Industrial,2. >=Very Good,1. Yes,4.897963,134.016507
2006,34,1. Never Married,1. White,2. HS Grad,2. Middle Atlantic,2. Information,2. >=Very Good,1. Yes,4.474291,87.732419
2008,73,2. Married,3. Asian,3. Some College,2. Middle Atlantic,1. Industrial,2. >=Very Good,2. No,5.23698,188.101194
2004,29,1. Never Married,1. White,5. Advanced Degree,2. Middle Atlantic,2. Information,2. >=Very Good,1. Yes,5.058042,157.282325
2008,30,2. Married,1. White,2. HS Grad,2. Middle Atlantic,2. Information,2. >=Very Good,1. Yes,4.622425,101.740405
2007,58,2. Married,1. White,2. HS Grad,2. Middle Atlantic,2. Information,1. <=Good,1. Yes,4.928463,138.166921
2004,33,4. Divorced,2. Black,1. < HS Grad,2. Middle Atlantic,1. Industrial,2. >=Very Good,2. No,4.370127,79.053667
2009,19,2. Married,1. White,2. HS Grad,2. Middle Atlantic,2. Information,2. >=Very Good,2. No,4.465076,86.927664
2008,18,2. Married,1. White,2. HS Grad,2. Middle Atlantic,1. Industrial,2. >=Very Good,2. No,4.737817,114.1847
2004,65,1. Never Married,1. White,2. HS Grad,2. Middle Atlantic,2. Information,2. >=Very Good,1. Yes,4.831577,125.408542
2006,34,1. Never Married,1. White,1. < HS Grad,2. Middle Atlantic,1. Industrial,1. <=Good,1. Yes,4.726661,112.917943
2003,38,4. Divorced,1. White,3. Some College,2. Middle Atlantic,2. Information,2. >=Very Good,2. No,4.969187,143.909908
2003,40,1. Never Married,1. White,5. Advanced Degree,2. Middle Atlantic,1. Industrial,1. <=Good,1. Yes,5.300174,200.371717
2009,37,2. Married,1. White,4. College Grad,2. Middle Atlantic,1. Industrial,1. <=Good,1. Yes,5.531531,252.53025
2006,33,1. Never Married,3. Asian,2. HS Grad,2. Middle Atlantic,2. Information,2. >=Very Good,2. No,4.880762,131.731008
2004,55,2. Married,4. Other,5. Advanced Degree,2. Middle Atlantic,2. Information,2. >=Very Good,1. Yes,5.216667,184.318774
2006,78,2. Married,4. Other,3. Some College,2. Middle Atlantic,2. Information,2. >=Very Good,1. Yes,4.619092,101.401879
2008,76,2. Married,3. Asian,4. College Grad,2. Middle Atlantic,2. Information,1. <=Good,2. No,4.813457,123.156695
2004,57,2. Married,1. White,3. Some College,2. Middle Atlantic,2. Information,2. >=Very Good,1. Yes,4.970036,144.032007
2007,41,1. Never Married,3. Asian,2. HS Grad,2. Middle Atlantic,2. Information,2. >=Very Good,1. Yes,4.885673,132.37953
2007,32,1. Never Married,1. White,2. HS Grad,2. Middle Atlantic,2. Information,2. >=Very Good,1. Yes,4.904281,134.865842
2009,72,2. Married,1. White,4. College Grad,2. Middle Atlantic,1. Industrial,1. <=Good,1. Yes,4.708014,110.831864
2009,56,3. Widowed,2. Black,5. Advanced Degree,2. Middle Atlantic,2. Information,1. <=Good,1. Yes,5.435504,229.408537
2004,75,2. Married,1. White,2. HS Grad,2. Middle Atlantic,1. Industrial,1. <=Good,2. No,4.787673,120.021727
2004,61,2. Married,1. White,4. College Grad,2. Middle Atlantic,2. Information,2. >=Very Good,1. Yes,5.273787,195.153557
2009,75,2. Married,1. White,4. College Grad,2. Middle Atlantic,1. Industrial,2. >=Very Good,2. No,5.029455,152.849666
2005,60,4. Divorced,1. White,1. < HS Grad,2. Middle Atlantic,1. Industrial,2. >=Very Good,1. Yes,5.016244,150.843732
2009,77,1. Never Married,4. Other,3. Some College,2. Middle Atlantic,1. Industrial,2. >=Very Good,2. No,5.017713,151.065439
2008,79,2. Married,1. White,2. HS Grad,2. Middle Atlantic,1. Industrial,2. >=Very Good,1. Yes,4.823335,124.379143
2008,46,4. Divorced,2. Black,3. Some College,2. Middle Atlantic,2. Information,1. <=Good,2. No,5.300651,200.467211
2006,70,2. Married,2. Black,3. Some College,2. Middle Atlantic,2. Information,2. >=Very Good,1. Yes,4.721628,112.351053
2009,30,1. Never Married,1. White,2. HS Grad,2. Middle Atlantic,2. Information,1. <=Good,1. Yes,4.551508,94.775224
2009,61,2. Married,1. White,3. Some College,2. Middle Atlantic,2. Information,1. <=Good,2. No,5.086667,161.849523
2009,23,2. Married,1. White,4. College Grad,2. Middle Atlantic,1. Industrial,2. >=Very Good,1. Yes,4.986982,146.493695
2003,53,1. Never Married,1. White,5. Advanced Degree,2. Middle Atlantic,1. Industrial,2. >=Very Good,1. Yes,5.026687,152.427111
2004,42,1. Never Married,1. White,4. College Grad,2. Middle Atlantic,1. Industrial,2. >=Very Good,2. No,5.437516,229.870521
2007,74,2. Married,1. White,4. College Grad,2. Middle Atlantic,2. Information,2. >=Very Good,1. Yes,5.063847,158.197956
2006,22,4. Divorced,3. Asian,3. Some College,2. Middle Atlantic,2. Information,1. <=Good,1. Yes,4.577084,97.230468
2006,27,1. Never Married,2. Black,4. College Grad,2. Middle Atlantic,2. Information,1. <=Good,1. Yes,4.561783,95.754028
2006,22,2. Married,1. White,4. College Grad,2. Middle Atlantic,1. Industrial,2. >=Very Good,1. Yes,4.751036,115.704105
2009,65,2. Married,1. White,3. Some College,2. Middle Atlantic,1. Industrial,1. <=Good,1. Yes,5.119733,167.290642
2009,51,2. Married,2. Black,4. College Grad,2. Middle Atlantic,2. Information,1. <=Good,1. Yes,5.520366,249.726297
2006,72,4. Divorced,1. White,4. College Grad,2. Middle Atlantic,2. Information,2. >=Very Good,1. Yes,5.546953,256.4549
2004,77,2. Married,2. Black,3. Some College,2. Middle Atlantic,2. Information,2. >=Very Good,1. Yes,4.85969,128.984158
2005,63,2. Married,1. White,3. Some College,2. Middle Atlantic,1. Industrial,2. >=Very Good,1. Yes,5.341424,208.80987
2008,71,2. Married,1. White,2. HS Grad,2. Middle Atlantic,1. Industrial,2. >=Very Good,1. Yes,4.620485,101.543312
2006,41,4. Divorced,1. White,4. College Grad,2. Middle Atlantic,2. Information,2. >=Very Good,1. Yes,4.958606,142.395128
2009,62,2. Married,1. White,2. HS Grad,2. Middle Atlantic,1. Industrial,2. >=Very Good,1. Yes,5.089781,162.354253
2005,54,3. Widowed,1. White,2. HS Grad,2. Middle Atlantic,1. Industrial,2. >=Very Good,1. Yes,5.04272,154.890782
2009,69,2. Married,1. White,3. Some College,2. Middle Atlantic,1. Industrial,2. >=Very Good,1. Yes,5.113244,166.208663
2005,72,1. Never Married,1. White,1. < HS Grad,2. Middle Atlantic,1. Industrial,2. >=Very Good,2. No,4.592477,98.738697
2005,69,2. Married,2. Black,2. HS Grad,2. Middle Atlantic,1. Industrial,2. >=Very Good,1. Yes,4.929166,138.26411
2003,64,4. Divorced,1. White,1. < HS Grad,2. Middle Atlantic,2. Information,2. >=Very Good,1. Yes,4.855957,128.503555
2006,66,2. Married,1. White,2. HS Grad,2. Middle Atlantic,1. Industrial,2. >=Very Good,2. No,4.978438,145.247302
2007,38,1. Never Married,1. White,4. College Grad,2. Middle Atlantic,1. Industrial,1. <=Good,2. No,5.02652,152.401699
2007,22,1. Never Married,1. White,2. HS Grad,2. Middle Atlantic,1. Industrial,1. <=Good,1. Yes,4.546633,94.314314
2008,60,2. Married,1. White,5. Advanced Degree,2. Middle Atlantic,1. Industrial,2. >=Very Good,1. Yes,5.732612,308.774842
2004,23,2. Married,1. White,3. Some College,2. Middle Atlantic,1. Industrial,2. >=Very Good,2. No,4.480669,88.293731
2003,73,2. Married,1. White,3. Some College,2. Middle Atlantic,1. Industrial,2. >=Very Good,1. Yes,4.686495,108.47227
2008,63,2. Married,1. White,2. HS Grad,2. Middle Atlantic,1. Industrial,2. >=Very Good,2. No,5.01277,150.320619
2008,52,2. Married,2. Black,2. HS Grad,2. Middle Atlantic,1. Industrial,2. >=Very Good,2. No,4.904514,134.897285
2006,22,2. Married,3. Asian,2. HS Grad,2. Middle Atlantic,1. Industrial,2. >=Very Good,1. Yes,4.84254,126.79103
2005,41,3. Widowed,1. White,5. Advanced Degree,2. Middle Atlantic,2. Information,2. >=Very Good,1. Yes,5.37628,216.216384
2005,75,2. Married,1. White,1. < HS Grad,2. Middle Atlantic,2. Information,2. >=Very Good,1. Yes,4.789301,120.217317
2008,50,2. Married,1. White,4. College Grad,2. Middle Atlantic,1. Industrial,2. >=Very Good,1. Yes,5.409044,223.417845
2006,53,2. Married,1. White,5. Advanced Degree,2. Middle Atlantic,2. Information,2. >=Very Good,1. Yes,5.857962,350.010086
2003,63,2. Married,1. White,3. Some College,2. Middle Atlantic,1. Industrial,2. >=Very Good,2. No,4.971225,144.203483
2008,53,5. Separated,1. White,1. < HS Grad,2. Middle Atlantic,2. Information,2. >=Very Good,1. Yes,4.772754,118.244471
2003,67,2. Married,1. White,4. College Grad,2. Middle Atlantic,1. Industrial,2. >=Very Good,2. No,4.760452,116.798683
2006,27,4. Divorced,1. White,3. Some College,2. Middle Atlantic,2. Information,2. >=Very Good,1. Yes,4.68728,108.557487
2003,47,1. Never Married,2. Black,2. HS Grad,2. Middle Atlantic,2. Information,2. >=Very Good,2. No,4.954373,141.793734
2008,49,4. Divorced,3. Asian,5. Advanced Degree,2. Middle Atlantic,2. Information,1. <=Good,2. No,5.352451,211.125204
2007,80,4. Divorced,1. White,2. HS Grad,2. Middle Atlantic,2. Information,1. <=Good,1. Yes,5.083473,161.33338
2007,25,1. Never Married,1. White,3. Some College,2. Middle Atlantic,1. Industrial,2. >=Very Good,1. Yes,4.465243,86.942151
2004,76,1. Never Married,1. White,4. College Grad,2. Middle Atlantic,1. Industrial,1. <=Good,1. Yes,4.702811,110.256719
2008,80,5. Separated,1. White,2. HS Grad,2. Middle Atlantic,2. Information,2. >=Very Good,1. Yes,4.387065,80.404064
2004,61,2. Married,1. White,5. Advanced Degree,2. Middle Atlantic,2. Information,2. >=Very Good,1. Yes,5.321283,204.646231
2006,45,2. Married,1. White,4. College Grad,2. Middle Atlantic,1. Industrial,2. >=Very Good,2. No,4.923416,137.471368
2009,20,3. Widowed,2. Black,2. HS Grad,2. Middle Atlantic,2. Information,2. >=Very Good,1. Yes,4.318347,75.064426
2008,71,2. Married,1. White,3. Some College,2. Middle Atlantic,1. Industrial,2. >=Very Good,1. Yes,4.866208,129.82774
2008,69,1. Never Married,2. Black,2. HS Grad,2. Middle Atlantic,2. Information,2. >=Very Good,1. Yes,4.81715,123.612268
2006,59,4. Divorced,1. White,1. < HS Grad,2. Middle Atlantic,1. Industrial,2. >=Very Good,2. No,4.825509,124.649943
2008,77,5. Separated,2. Black,4. College Grad,2. Middle Atlantic,1. Industrial,2. >=Very Good,1. Yes,5.164513,174.952186
2007,76,2. Married,1. White,5. Advanced Degree,2. Middle Atlantic,1. Industrial,2. >=Very Good,1. Yes,5.531828,252.605205
2008,54,1. Never Married,1. White,4. College Grad,2. Middle Atlantic,2. Information,2. >=Very Good,1. Yes,5.28337,197.032733
2007,46,2. Married,1. White,4. College Grad,2. Middle Atlantic,2. Information,1. <=Good,2. No,5.023487,151.940268
2006,42,2. Married,1. White,4. College Grad,2. Middle Atlantic,1. Industrial,2. >=Very Good,1. Yes,5.206274,182.413135
2006,35,2. Married,1. White,1. < HS Grad,2. Middle Atlantic,1. Industrial,1. <=Good,1. Yes,4.240581,69.448199
2008,39,2. Married,1. White,4. College Grad,2. Middle Atlantic,1. Industrial,1. <=Good,1. Yes,5.08564,161.683433
2004,76,1. Never Married,1. White,2. HS Grad,2. Middle Atlantic,1. Industrial,2. >=Very Good,1. Yes,4.825193,124.610548
2006,56,2. Married,2. Black,4. College Grad,2. Middle Atlantic,2. Information,1. <=Good,1. Yes,5.180179,177.714549
2006,28,1. Never Married,4. Other,3. Some College,2. Middle Atlantic,1. Industrial,1. <=Good,1. Yes,4.782179,119.364132
2005,73,3. Widowed,2. Black,3. Some College,2. Middle Atlantic,2. Information,1. <=Good,1. Yes,4.848872,127.596348
2006,71,5. Separated,1. White,4. College Grad,2. Middle Atlantic,1. Industrial,2. >=Very Good,1. Yes,5.172304,176.320577
2007,53,4. Divorced,2. Black,3. Some College,2. Middle Atlantic,1. Industrial,2. >=Very Good,1. Yes,5.276702,195.723358
2007,43,2. Married,4. Other,4. College Grad,2. Middle Atlantic,1. Industrial,2. >=Very Good,1. Yes,5.253403,191.215824
2003,26,2. Married,1. White,4. College Grad,2. Middle Atlantic,1. Industrial,2. >=Very Good,1. Yes,4.825496,124.648251
2007,44,1. Never Married,3. Asian,5. Advanced Degree,2. Middle Atlantic,1. Industrial,1. <=Good,1. Yes,5.364768,213.741603
2006,75,1. Never Married,1. White,3. Some College,2. Middle Atlantic,1. Industrial,2. >=Very Good,1. Yes,4.813067,123.108607
2006,34,1. Never Married,1. White,2. HS Grad,2. Middle Atlantic,1. Industrial,1. <=Good,1. Yes,4.664268,106.087915
2003,35,2. Married,1. White,5. Advanced Degree,2. Middle Atlantic,2. Information,2. >=Very Good,1. Yes,4.971787,144.284481
2004,57,4. Divorced,1. White,2. HS Grad,2. Middle Atlantic,2. Information,2. >=Very Good,2. No,5.184526,178.488895
2005,45,4. Divorced,1. White,4. College Grad,2. Middle Atlantic,2. Information,2. >=Very Good,1. Yes,5.366774,214.170783
2003,41,2. Married,3. Asian,4. College Grad,2. Middle Atlantic,1. Industrial,2. >=Very Good,1. Yes,5.3996,221.317943
2003,54,2. Married,1. White,5. Advanced Degree,2. Middle Atlantic,2. Information,1. <=Good,2. No,5.684786,294.354838
2004,70,1. Never Married,1. White,2. HS Grad,2. Middle Atlantic,2. Information,2. >=Very Good,2. No,4.593033,98.793606
2008,57,4. Divorced,2. Black,5. Advanced Degree,2. Middle Atlantic,2. Information,1. <=Good,1. Yes,5.727638,307.242587
2005,33,1. Never Married,2. Black,1. < HS Grad,2. Middle Atlantic,1. Industrial,2. >=Very Good,1. Yes,4.276381,71.979504
2005,19,2. Married,1. White,4. College Grad,2. Middle Atlantic,1. Industrial,1. <=Good,1. Yes,4.785579,119.770703
2005,26,1. Never Married,1. White,2. HS Grad,2. Middle Atlantic,1. Industrial,2. >=Very Good,2. No,4.293962,73.256152
2006,30,4. Divorced,1. White,2. HS Grad,2. Middle Atlantic,1. Industrial,2. >=Very Good,2. No,4.440819,84.844408
2005,61,1. Never Married,1. White,4. College Grad,2. Middle Atlantic,1. Industrial,2. >=Very Good,1. Yes,5.336985,207.884932
2006,28,2. Married,3. Asian,5. Advanced Degree,2. Middle Atlantic,1. Industrial,2. >=Very Good,2. No,5.254368,191.400481
2009,37,2. Married,1. White,4. College Grad,2. Middle Atlantic,1. Industrial,2. >=Very Good,2. No,5.152079,172.790292
2008,74,2. Married,4. Other,4. College Grad,2. Middle Atlantic,1. Industrial,2. >=Very Good,2. No,5.117989,166.999162
2006,47,2. Married,1. White,5. Advanced Degree,2. Middle Atlantic,2. Information,2. >=Very Good,1. Yes,5.552175,257.79771
2006,22,2. Married,1. White,4. College Grad,2. Middle Atlantic,2. Information,2. >=Very Good,2. No,4.756286,116.313155
2006,78,2. Married,2. Black,2. HS Grad,2. Middle Atlantic,1. Industrial,2. >=Very Good,1. Yes,4.862046,129.288505
2005,48,1. Never Married,1. White,4. College Grad,2. Middle Atlantic,1. Industrial,2. >=Very Good,1. Yes,5.412212,224.12671
2004,57,2. Married,2. Black,5. Advanced Degree,2. Middle Atlantic,1. Industrial,2. >=Very Good,1. Yes,5.440002,230.442611
2009,36,2. Married,1. White,3. Some College,2. Middle Atlantic,1. Industrial,2. >=Very Good,1. Yes,4.988975,146.785916
2006,74,2. Married,1. White,2. HS Grad,2. Middle Atlantic,1. Industrial,1. <=Good,1. Yes,4.594871,98.975334
2004,52,2. Married,4. Other,2. HS Grad,2. Middle Atlantic,1. Industrial,1. <=Good,1. Yes,4.847476,127.418319
2004,59,2. Married,1. White,3. Some College,2. Middle Atlantic,2. Information,2. >=Very Good,1. Yes,5.330989,206.642249
2006,32,1. Never Married,1. White,4. College Grad,2. Middle Atlantic,2. Information,1. <=Good,1. Yes,4.886099,132.435925
2003,51,1. Never Married,2. Black,3. Some College,2. Middle Atlantic,2. Information,1. <=Good,1. Yes,5.15513,173.318373
2007,39,1. Never Married,2. Black,1. < HS Grad,2. Middle Atlantic,2. Information,2. >=Very Good,1. Yes,4.643952,103.954374
2005,27,1. Never Married,3. Asian,3. Some College,2. Middle Atlantic,2. Information,1. <=Good,2. No,4.578601,97.378077
2003,39,2. Married,1. White,3. Some College,2. Middle Atlantic,1. Industrial,2. >=Very Good,1. Yes,5.103272,164.559473
2004,35,2. Married,1. White,4. College Grad,2. Middle Atlantic,2. Information,1. <=Good,2. No,4.783576,119.531076
2008,61,1. Never Married,1. White,2. HS Grad,2. Middle Atlantic,2. Information,2. >=Very Good,1. Yes,5.538633,254.330163
2009,46,2. Married,4. Other,4. College Grad,2. Middle Atlantic,1. Industrial,2. >=Very Good,1. Yes,5.120472,167.414352
2003,49,1. Never Married,1. White,4. College Grad,2. Middle Atlantic,1. Industrial,1. <=Good,1. Yes,5.326716,205.761201
2004,58,1. Never Married,3. Asian,4. College Grad,2. Middle Atlantic,1. Industrial,2. >=Very Good,1. Yes,5.190845,179.620247
2006,37,3. Widowed,1. White,2. HS Grad,2. Middle Atlantic,1. Industrial,1. <=Good,1. Yes,4.571699,96.70823
2006,18,2. Married,1. White,2. HS Grad,2. Middle Atlantic,1. Industrial,2. >=Very Good,1. Yes,4.214618,67.668335
2009,40,3. Widowed,3. Asian,2. HS Grad,2. Middle Atlantic,2. Information,1. <=Good,1. Yes,4.57099,96.639693
2004,29,4. Divorced,1. White,1. < HS Grad,2. Middle Atlantic,2. Information,2. >=Very Good,1. Yes,4.541635,93.844104
2009,55,4. Divorced,1. White,2. HS Grad,2. Middle Atlantic,2. Information,2. >=Very Good,1. Yes,5.075723,160.087961
2009,59,2. Married,3. Asian,3. Some College,2. Middle Atlantic,2. Information,1. <=Good,1. Yes,5.30468,201.276556
2008,49,4. Divorced,3. Asian,2. HS Grad,2. Middle Atlantic,1. Industrial,2. >=Very Good,1. Yes,4.917518,136.662943
2009,51,1. Never Married,4. Other,2. HS Grad,2. Middle Atlantic,1. Industrial,2. >=Very Good,2. No,4.985821,146.323687
2007,48,2. Married,2. Black,2. HS Grad,2. Middle Atlantic,2. Information,2. >=Very Good,1. Yes,4.920925,137.129459
2009,64,1. Never Married,2. Black,2. HS Grad,2. Middle Atlantic,1. Industrial,2. >=Very Good,1. Yes,4.980787,145.588848
2006,53,2. Married,1. White,3. Some College,2. Middle Atlantic,2. Information,1. <=Good,1. Yes,5.270629,194.538285
2005,32,2. Married,1. White,3. Some College,2. Middle Atlantic,1. Industrial,1. <=Good,1. Yes,4.818247,123.748024
2008,63,1. Never Married,1. White,2. HS Grad,2. Middle Atlantic,1. Industrial,2. >=Very Good,1. Yes,5.206024,182.367464
2007,20,1. Never Married,1. White,2. HS Grad,2. Middle Atlantic,2. Information,1. <=Good,1. Yes,4.535518,93.271845
2009,19,1. Never Married,2. Black,3. Some College,2. Middle Atlantic,2. Information,2. >=Very Good,1. Yes,4.732784,113.611421
2004,57,2. Married,1. White,2. HS Grad,2. Middle Atlantic,2. Information,2. >=Very Good,1. Yes,4.967047,143.602238
2004,35,1. Never Married,1. White,4. College Grad,2. Middle Atlantic,2. Information,2. >=Very Good,2. No,5.362821,213.325956
2006,57,2. Married,4. Other,4. College Grad,2. Middle Atlantic,1. Industrial,2. >=Very Good,2. No,5.249785,190.525346
2007,56,2. Married,1. White,3. Some College,2. Middle Atlantic,2. Information,2. >=Very Good,1. Yes,5.074842,159.946972
2005,76,1. Never Married,1. White,5. Advanced Degree,2. Middle Atlantic,2. Information,2. >=Very Good,1. Yes,5.109311,165.556301
2003,49,2. Married,2. Black,5. Advanced Degree,2. Middle Atlantic,1. Industrial,2. >=Very Good,1. Yes,5.51999,249.632544
2009,26,1. Never Married,4. Other,2. HS Grad,2. Middle Atlantic,1. Industrial,1. <=Good,1. Yes,4.708083,110.839523
2004,80,1. Never Married,2. Black,3. Some College,2. Middle Atlantic,1. Industrial,1. <=Good,1. Yes,5.03627,153.894971
2003,76,2. Married,2. Black,2. HS Grad,2. Middle Atlantic,2. Information,2. >=Very Good,1. Yes,4.752167,115.835048
2009,33,3. Widowed,4. Other,2. HS Grad,2. Middle Atlantic,1. Industrial,1. <=Good,1. Yes,4.54532,94.190568
2006,32,2. Married,1. White,1. < HS Grad,2. Middle Atlantic,2. Information,2. >=Very Good,1. Yes,4.694654,109.360998
2009,18,2. Married,1. White,4. College Grad,2. Middle Atlantic,1. Industrial,2. >=Very Good,1. Yes,4.647674,104.341979
2009,32,2. Married,1. White,2. HS Grad,2. Middle Atlantic,1. Industrial,2. >=Very Good,1. Yes,4.831101,125.348863
2005,41,2. Married,1. White,3. Some College,2. Middle Atlantic,2. Information,2. >=Very Good,1. Yes,4.955979,142.021595
2009,41,2. Married,1. White,4. College Grad,2. Middle Atlantic,1. Industrial,2. >=Very Good,1. Yes,4.82203,124.217027
2003,67,1. Never Married,1. White,2. HS Grad,2. Middle Atlantic,1. Industrial,2. >=Very Good,1. Yes,4.725838,112.825018
2008,43,1. Never Married,1. White,3. Some College,2. Middle Atlantic,2. Information,1. <=Good,1. Yes,5.0727,159.604725
2006,65,2. Married,1. White,3. Some College,2. Middle Atlantic,1. Industrial,2. >=Very Good,1. Yes,4.762555,117.044627
2009,71,2. Married,3. Asian,3. Some College,2. Middle Atlantic,2. Information,2. >=Very Good,2. No,4.9319,138.642644
2003,69,2. Married,1. White,3. Some College,2. Middle Atlantic,2. Information,2. >=Very Good,1. Yes,4.990087,146.949163
2004,77,1. Never Married,1. White,2. HS Grad,2. Middle Atlantic,2. Information,2. >=Very Good,1. Yes,4.991488,147.155234
2004,68,2. Married,1. White,5. Advanced Degree,2. Middle Atlantic,1. Industrial,1. <=Good,1. Yes,5.183015,178.219391
2008,70,2. Married,1. White,5. Advanced Degree,2. Middle Atlantic,2. Information,2. >=Very Good,1. Yes,4.938636,139.579801
2006,44,1. Never Married,3. Asian,4. College Grad,2. Middle Atlantic,2. Information,2. >=Very Good,1. Yes,4.996513,147.896545
2004,35,1. Never Married,3. Asian,5. Advanced Degree,2. Middle Atlantic,1. Industrial,1. <=Good,1. Yes,5.252545,191.051972
2008,41,2. Married,1. White,3. Some College,2. Middle Atlantic,1. Industrial,1. <=Good,2. No,5.141852,171.032204
2009,33,2. Married,1. White,5. Advanced Degree,2. Middle Atlantic,1. Industrial,2. >=Very Good,1. Yes,5.164405,174.933332
2006,74,2. Married,1. White,4. College Grad,2. Middle Atlantic,2. Information,2. >=Very Good,1. Yes,5.263605,193.176734
2006,51,1. Never Married,2. Black,4. College Grad,2. Middle Atlantic,1. Industrial,2. >=Very Good,1. Yes,5.290716,198.485492
2004,37,2. Married,1. White,2. HS Grad,2. Middle Atlantic,1. Industrial,2. >=Very Good,1. Yes,4.742754,114.749833
2003,30,2. Married,1. White,4. College Grad,2. Middle Atlantic,2. Information,2. >=Very Good,2. No,5.029841,152.908629
2003,39,4. Divorced,1. White,4. College Grad,2. Middle Atlantic,1. Industrial,1. <=Good,1. Yes,5.303611,201.061449
2008,35,1. Never Married,2. Black,5. Advanced Degree,2. Middle Atlantic,2. Information,2. >=Very Good,1. Yes,5.045616,155.340023
2009,73,2. Married,3. Asian,3. Some College,2. Middle Atlantic,1. Industrial,2. >=Very Good,1. Yes,4.995023,147.676281
2005,54,2. Married,1. White,4. College Grad,2. Middle Atlantic,1. Industrial,1. <=Good,1. Yes,5.357748,212.246435
2007,53,2. Married,1. White,3. Some College,2. Middle Atlantic,1. Industrial,2. >=Very Good,2. No,5.341265,208.776682
2006,22,2. Married,3. Asian,4. College Grad,2. Middle Atlantic,2. Information,2. >=Very Good,1. Yes,4.569429,96.489022
2004,52,4. Divorced,1. White,4. College Grad,2. Middle Atlantic,1. Industrial,2. >=Very Good,1. Yes,5.525451,250.999474
2006,73,2. Married,2. Black,3. Some College,2. Middle Atlantic,1. Industrial,1. <=Good,1. Yes,5.022703,151.821103
2004,31,2. Married,1. White,2. HS Grad,2. Middle Atlantic,1. Industrial,2. >=Very Good,2. No,5.002586,148.797447
2009,44,1. Never Married,1. White,5. Advanced Degree,2. Middle Atlantic,1. Industrial,1. <=Good,1. Yes,5.139827,170.68622
2003,43,1. Never Married,2. Black,5. Advanced Degree,2. Middle Atlantic,2. Information,1. <=Good,1. Yes,5.490463,242.369473
2007,43,2. Married,1. White,5. Advanced Degree,2. Middle Atlantic,2. Information,2. >=Very Good,1. Yes,4.985314,146.249499
2009,60,1. Never Married,1. White,1. < HS Grad,2. Middle Atlantic,1. Industrial,2. >=Very Good,1. Yes,4.685332,108.346188
2009,70,2. Married,1. White,2. HS Grad,2. Middle Atlantic,1. Industrial,2. >=Very Good,1. Yes,5.182706,178.164291
2008,34,2. Married,3. Asian,2. HS Grad,2. Middle Atlantic,1. Industrial,1. <=Good,1. Yes,4.813053,123.106892
2009,42,2. Married,1. White,1. < HS Grad,2. Middle Atlantic,1. Industrial,2. >=Very Good,1. Yes,4.801291,121.667395
2005,52,2. Married,1. White,3. Some College,2. Middle Atlantic,2. Information,2. >=Very Good,1. Yes,5.168022,175.567189
2008,71,2. Married,1. White,2. HS Grad,2. Middle Atlantic,1. Industrial,1. <=Good,1. Yes,4.724061,112.624732
2004,34,2. Married,1. White,4. College Grad,2. Middle Atlantic,1. Industrial,2. >=Very Good,1. Yes,5.161317,174.393926
2006,46,5. Separated,4. Other,4. College Grad,2. Middle Atlantic,2. Information,2. >=Very Good,1. Yes,5.222042,185.312257
2009,29,2. Married,1. White,2. HS Grad,2. Middle Atlantic,1. Industrial,2. >=Very Good,2. No,4.970934,144.161417
2005,40,2. Married,2. Black,2. HS Grad,2. Middle Atlantic,2. Information,2. >=Very Good,1. Yes,5.268373,194.099932
2005,62,2. Married,1. White,3. Some College,2. Middle Atlantic,2. Information,1. <=Good,2. No,5.191139,179.673169
2007,29,2. Married,1. White,3. Some College,2. Middle Atlantic,2. Information,2. >=Very Good,1. Yes,4.642553,103.809006
2009,59,2. Married,1. White,3. Some College,2. Middle Atlantic,2. Information,1. <=Good,1. Yes,4.71237,111.315659
2009,49,1. Never Married,4. Other,4. College Grad,2. Middle Atlantic,2. Information,2. >=Very Good,1. Yes,5.109234,165.543501
2009,65,1. Never Married,1. White,2. HS Grad,2. Middle Atlantic,1. Industrial,2. >=Very Good,1. Yes,4.632479,102.768466
2008,60,1. Never Married,1. White,4. College Grad,2. Middle Atlantic,2. Information,1. <=Good,1. Yes,5.09311,162.895661
2005,78,2. Married,1. White,3. Some College,2. Middle Atlantic,1. Industrial,2. >=Very Good,1. Yes,4.80633,122.282059
2009,60,2. Married,1. White,2. HS Grad,2. Middle Atlantic,2. Information,1. <=Good,1. Yes,4.903426,134.750691
2006,50,2. Married,4. Other,2. HS Grad,2. Middle Atlantic,1. Industrial,2. >=Very Good,2. No,4.582883,97.795926
2003,47,2. Married,2. Black,3. Some College,2. Middle Atlantic,2. Information,2. >=Very Good,2. No,5.19157,179.750512
2009,47,5. Separated,1. White,4. College Grad,2. Middle Atlantic,1. Industrial,1. <=Good,1. Yes,5.294908,199.319285
2007,62,2. Married,2. Black,4. College Grad,2. Middle Atlantic,2. Information,2. >=Very Good,1. Yes,5.291923,198.725295
2004,29,2. Married,1. White,4. College Grad,2. Middle Atlantic,2. Information,1. <=Good,1. Yes,4.64297,103.852352
2003,65,1. Never Married,1. White,4. College Grad,2. Middle Atlantic,1. Industrial,1. <=Good,1. Yes,4.780078,119.113622
2007,67,1. Never Married,1. White,2. HS Grad,2. Middle Atlantic,2. Information,2. >=Very Good,1. Yes,4.892863,133.33481
2004,52,1. Never Married,1. White,3. Some College,2. Middle Atlantic,1. Industrial,2. >=Very Good,2. No,5.106123,165.029257
2004,20,2. Married,1. White,2. HS Grad,2. Middle Atlantic,2. Information,2. >=Very Good,1. Yes,4.340043,76.710821
2009,72,2. Married,1. White,3. Some College,2. Middle Atlantic,2. Information,2. >=Very Good,2. No,4.672711,106.987367
2008,72,1. Never Married,2. Black,2. HS Grad,2. Middle Atlantic,2. Information,2. >=Very Good,1. Yes,4.325755,75.622616
2008,61,2. Married,1. White,5. Advanced Degree,2. Middle Atlantic,1. Industrial,2. >=Very Good,1. Yes,5.397212,220.789945
2008,32,1. Never Married,1. White,2. HS Grad,2. Middle Atlantic,2. Information,1. <=Good,1. Yes,5.149404,172.328695
2003,38,2. Married,1. White,3. Some College,2. Middle Atlantic,2. Information,2. >=Very Good,2. No,5.026173,152.348862
2006,18,5. Separated,1. White,2. HS Grad,2. Middle Atlantic,2. Information,1. <=Good,1. Yes,4.411984,82.432827
2008,79,1. Never Married,1. White,3. Some College,2. Middle Atlantic,2. Information,2. >=Very Good,1. Yes,4.567223,96.276422
2005,73,2. Married,3. Asian,2. HS Grad,2. Middle Atlantic,1. Industrial,2. >=Very Good,1. Yes,4.495101,89.577222
2004,65,4. Divorced,1. White,3. Some College,2. Middle Atlantic,2. Information,1. <=Good,2. No,5.015723,150.76515
2006,38,1. Never Married,1. White,5. Advanced Degree,2. Middle Atlantic,1. Industrial,1. <=Good,1. Yes,5.064082,158.235081
2004,72,2. Married,1. White,3. Some College,2. Middle Atlantic,1. Industrial,2. >=Very Good,2. No,5.080893,160.917658
2005,72,1. Never Married,1. White,4. College Grad,2. Middle Atlantic,1. Industrial,1. <=Good,1. Yes,5.540436,254.789034
2009,61,1. Never Married,1. White,4. College Grad,2. Middle Atlantic,1. Industrial,2. >=Very Good,1. Yes,5.494726,243.404859
2003,52,1. Never Married,1. White,2. HS Grad,2. Middle Atlantic,1. Industrial,2. >=Very Good,1. Yes,4.86824,130.091777
2004,38,1. Never Married,1. White,3. Some College,2. Middle Atlantic,2. Information,2. >=Very Good,2. No,4.53528,93.249599
2007,23,1. Never Married,1. White,3. Some College,2. Middle Atlantic,2. Information,2. >=Very Good,2. No,5.054616,156.744259
2003,32,2. Married,3. Asian,2. HS Grad,2. Middle Atlantic,2. Information,1. <=Good,1. Yes,4.635139,103.042215
2006,58,4. Divorced,1. White,3. Some College,2. Middle Atlantic,2. Information,2. >=Very Good,2. No,4.823103,124.350306
2006,80,2. Married,1. White,4. College Grad,2. Middle Atlantic,2. Information,2. >=Very Good,1. Yes,5.076988,160.290584
2003,46,2. Married,3. Asian,2. HS Grad,2. Middle Atlantic,1. Industrial,2. >=Very Good,2. No,4.613024,100.788494
2003,46,1. Never Married,3. Asian,3. Some College,2. Middle Atlantic,2. Information,2. >=Very Good,2. No,5.01682,150.93051
2004,58,5. Separated,4. Other,1. < HS Grad,2. Middle Atlantic,2. Information,2. >=Very Good,1. Yes,4.832003,125.461947
2005,48,4. Divorced,1. White,4. College Grad,2. Middle Atlantic,1. Industrial,2. >=Very Good,2. No,5.170697,176.037413
2005,79,2. Married,2. Black,3. Some College,2. Middle Atlantic,1. Industrial,2. >=Very Good,1. Yes,4.801254,121.662843
2003,62,1. Never Married,3. Asian,4. College Grad,2. Middle Atlantic,1. Industrial,2. >=Very Good,2. No,4.992274,147.270884
2003,80,2. Married,1. White,2. HS Grad,2. Middle Atlantic,1. Industrial,2. >=Very Good,1. Yes,4.726074,112.851692
2003,70,2. Married,1. White,4. College Grad,2. Middle Atlantic,1. Industrial,2. >=Very Good,1. Yes,5.085752,161.701436
2007,75,2. Married,1. White,4. College Grad,2. Middle Atlantic,2. Information,2. >=Very Good,2. No,5.27536,195.46075
2004,54,1. Never Married,4. Other,3. Some College,2. Middle Atlantic,1. Industrial,2. >=Very Good,2. No,5.15727,173.689641
2008,64,2. Married,1. White,5. Advanced Degree,2. Middle Atlantic,1. Industrial,2. >=Very Good,2. No,5.179445,177.584312
2006,37,1. Never Married,2. Black,1. < HS Grad,2. Middle Atlantic,2. Information,2. >=Very Good,1. Yes,4.609869,100.470992
2006,40,2. Married,1. White,5. Advanced Degree,2. Middle Atlantic,2. Information,2. >=Very Good,1. Yes,5.124534,168.095776
2005,39,2. Married,1. White,4. College Grad,2. Middle Atlantic,2. Information,2. >=Very Good,1. Yes,5.064354,158.278105
2007,56,5. Separated,2. Black,4. College Grad,2. Middle Atlantic,2. Information,2. >=Very Good,1. Yes,5.152102,172.794408
2009,61,2. Married,1. White,3. Some College,2. Middle Atlantic,1. Industrial,1. <=Good,2. No,4.817843,123.697981
2008,50,2. Married,1. White,4. College Grad,2. Middle Atlantic,1. Industrial,2. >=Very Good,2. No,5.546986,256.463298
2007,65,2. Married,1. White,4. College Grad,2. Middle Atlantic,1. Industrial,1. <=Good,2. No,5.482339,240.408438
2006,50,4. Divorced,1. White,3. Some College,2. Middle Atlantic,2. Information,2. >=Very Good,1. Yes,5.011739,150.16562
2009,19,2. Married,1. White,5. Advanced Degree,2. Middle Atlantic,1. Industrial,1. <=Good,1. Yes,4.982136,145.785438
2005,54,2. Married,2. Black,2. HS Grad,2. Middle Atlantic,1. Industrial,2. >=Very Good,1. Yes,4.689653,108.815446
2009,18,2. Married,1. White,2. HS Grad,2. Middle Atlantic,2. Information,1. <=Good,2. No,4.313221,74.680648
2007,74,2. Married,1. White,2. HS Grad,2. Middle Atlantic,2. Information,2. >=Very Good,1. Yes,4.67066,106.768214
2007,28,2. Married,1. White,3. Some College,2. Middle Atlantic,2. Information,1. <=Good,1. Yes,4.587081,98.207333
2009,28,1. Never Married,1. White,2. HS Grad,2. Middle Atlantic,2. Information,2. >=Very Good,1. Yes,4.420717,83.155861
2007,42,1. Never Married,1. White,3. Some College,2. Middle Atlantic,2. Information,1. <=Good,1. Yes,5.144566,171.497078
2005,73,2. Married,1. White,3. Some College,2. Middle Atlantic,2. Information,2. >=Very Good,1. Yes,4.645061,104.069688
2007,58,2. Married,2. Black,3. Some College,2. Middle Atlantic,1. Industrial,2. >=Very Good,2. No,5.093473,162.95485
2009,45,2. Married,1. White,2. HS Grad,2. Middle Atlantic,2. Information,1. <=Good,1. Yes,5.046647,155.500212
2006,54,4. Divorced,1. White,4. College Grad,2. Middle Atlantic,1. Industrial,2. >=Very Good,1. Yes,5.7015,299.31595
2004,62,1. Never Married,2. Black,2. HS Grad,2. Middle Atlantic,1. Industrial,1. <=Good,1. Yes,4.937796,139.462467
2008,42,2. Married,1. White,4. College Grad,2. Middle Atlantic,2. Information,2. >=Very Good,1. Yes,5.099751,163.981066
2003,68,1. Never Married,4. Other,2. HS Grad,2. Middle Atlantic,2. Information,2. >=Very Good,2. No,4.770056,117.925834
2004,49,2. Married,1. White,3. Some College,2. Middle Atlantic,2. Information,2. >=Very Good,2. No,5.250462,190.654336
2008,63,1. Never Married,3. Asian,3. Some College,2. Middle Atlantic,2. Information,1. <=Good,1. Yes,4.968975,143.879338
2007,44,2. Married,2. Black,1. < HS Grad,2. Middle Atlantic,1. Industrial,2. >=Very Good,1. Yes,5.153497,173.035542
2008,78,2. Married,2. Black,5. Advanced Degree,2. Middle Atlantic,1. Industrial,1. <=Good,1. Yes,4.89805,134.028156
2005,22,2. Married,3. Asian,2. HS Grad,2. Middle Atlantic,1. Industrial,2. >=Very Good,2. No,4.464803,86.903885
2008,31,1. Never Married,4. Other,4. College Grad,2. Middle Atlantic,1. Industrial,2. >=Very Good,1. Yes,4.821866,124.196676
2005,42,2. Married,1. White,3. Some College,2. Middle Atlantic,2. Information,2. >=Very Good,1. Yes,4.800492,121.570228
2006,67,1. Never Married,1. White,3. Some College,2. Middle Atlantic,1. Industrial,1. <=Good,1. Yes,5.247484,190.087424
2003,45,2. Married,3. Asian,5. Advanced Degree,2. Middle Atlantic,1. Industrial,2. >=Very Good,1. Yes,5.073333,159.705713
2007,53,1. Never Married,1. White,2. HS Grad,2. Middle Atlantic,2. Information,1. <=Good,1. Yes,4.835134,125.855456
2009,20,4. Divorced,1. White,2. HS Grad,2. Middle Atlantic,1. Industrial,2. >=Very Good,2. No,4.500256,90.040176
2005,75,4. Divorced,1. White,4. College Grad,2. Middle Atlantic,1. Industrial,2. >=Very Good,1. Yes,5.143468,171.308921
2005,68,2. Married,1. White,2. HS Grad,2. Middle Atlantic,1. Industrial,2. >=Very Good,2. No,5.195331,180.427789
2009,41,1. Never Married,2. Black,3. Some College,2. Middle Atlantic,2. Information,2. >=Very Good,1. Yes,5.233288,187.407969
2005,56,2. Married,4. Other,2. HS Grad,2. Middle Atlantic,2. Information,2. >=Very Good,1. Yes,5.141864,171.034345
2006,35,2. Married,1. White,3. Some College,2. Middle Atlantic,1. Industrial,2. >=Very Good,1. Yes,4.883897,132.144649
2009,18,1. Never Married,2. Black,4. College Grad,2. Middle Atlantic,1. Industrial,2. >=Very Good,2. No,4.487766,88.922557
2006,36,2. Married,1. White,2. HS Grad,2. Middle Atlantic,1. Industrial,1. <=Good,1. Yes,4.833649,125.668739
2005,37,2. Married,1. White,2. HS Grad,2. Middle Atlantic,1. Industrial,1. <=Good,1. Yes,4.790515,120.363379
2007,29,2. Married,1. White,3. Some College,2. Middle Atlantic,1. Industrial,2. >=Very Good,1. Yes,4.587446,98.24318
2006,43,2. Married,1. White,2. HS Grad,2. Middle Atlantic,1. Industrial,2. >=Very Good,1. Yes,4.677054,107.453103
2009,69,1. Never Married,1. White,2. HS Grad,2. Middle Atlantic,1. Industrial,2. >=Very Good,1. Yes,4.945637,140.560292
2008,22,2. Married,1. White,5. Advanced Degree,2. Middle Atlantic,1. Industrial,1. <=Good,2. No,5.105797,164.975567
2007,22,1. Never Married,1. White,4. College Grad,2. Middle Atlantic,2. Information,2. >=Very Good,1. Yes,4.845066,127.111721
2008,70,2. Married,1. White,4. College Grad,2. Middle Atlantic,2. Information,2. >=Very Good,2. No,4.707984,110.82847
2003,47,1. Never Married,1. White,2. HS Grad,2. Middle Atlantic,1. Industrial,2. >=Very Good,1. Yes,4.595691,99.056541
2005,28,2. Married,1. White,3. Some College,2. Middle Atlantic,2. Information,2. >=Very Good,1. Yes,4.483356,88.531247
2005,33,2. Married,1. White,4. College Grad,2. Middle Atlantic,1. Industrial,1. <=Good,2. No,4.833808,125.6887
2003,26,2. Married,1. White,5. Advanced Degree,2. Middle Atlantic,1. Industrial,2. >=Very Good,2. No,4.778954,118.979858
2008,49,1. Never Married,1. White,1. < HS Grad,2. Middle Atlantic,2. Information,2. >=Very Good,1. Yes,4.908778,135.473764
2003,46,1. Never Married,3. Asian,2. HS Grad,2. Middle Atlantic,1. Industrial,2. >=Very Good,1. Yes,5.114399,166.400774
2003,26,2. Married,1. White,4. College Grad,2. Middle Atlantic,1. Industrial,1. <=Good,1. Yes,4.965131,143.327372
2003,68,2. Married,1. White,3. Some College,2. Middle Atlantic,2. Information,2. >=Very Good,2. No,5.251204,190.795861
2006,62,2. Married,1. White,4. College Grad,2. Middle Atlantic,1. Industrial,2. >=Very Good,1. Yes,5.345282,209.616962
2009,19,4. Divorced,1. White,3. Some College,2. Middle Atlantic,2. Information,2. >=Very Good,1. Yes,4.728015,113.070868
2007,46,1. Never Married,1. White,3. Some College,2. Middle Atlantic,2. Information,2. >=Very Good,2. No,5.123917,167.992084
2006,73,1. Never Married,2. Black,4. College Grad,2. Middle Atlantic,2. Information,2. >=Very Good,2. No,5.699618,298.753298
2005,60,1. Never Married,2. Black,3. Some College,2. Middle Atlantic,2. Information,2. >=Very Good,1. Yes,4.952635,141.547478
2006,75,2. Married,1. White,3. Some College,2. Middle Atlantic,1. Industrial,1. <=Good,1. Yes,5.180727,177.811978
2008,75,1. Never Married,1. White,4. College Grad,2. Middle Atlantic,1. Industrial,1. <=Good,2. No,4.882453,131.953999
2006,37,1. Never Married,1. White,2. HS Grad,2. Middle Atlantic,2. Information,2. >=Very Good,1. Yes,4.918405,136.784313
2003,53,2. Married,2. Black,3. Some College,2. Middle Atlantic,2. Information,2. >=Very Good,2. No,5.067588,158.790874
2009,30,2. Married,2. Black,3. Some College,2. Middle Atlantic,2. Information,2. >=Very Good,2. No,4.701339,110.094494
2004,76,4. Divorced,3. Asian,4. College Grad,2. Middle Atlantic,2. Information,2. >=Very Good,1. Yes,4.9486,140.977486
2003,27,2. Married,1. White,2. HS Grad,2. Middle Atlantic,2. Information,2. >=Very Good,2. No,4.984076,146.068584
2003,58,1. Never Married,1. White,5. Advanced Degree,2. Middle Atlantic,2. Information,1. <=Good,1. Yes,5.480659,240.004735
2004,21,2. Married,1. White,2. HS Grad,2. Middle Atlantic,2. Information,2. >=Very Good,1. Yes,5.01056,149.988762
2009,36,2. Married,1. White,3. Some College,2. Middle Atlantic,2. Information,1. <=Good,1. Yes,4.864137,129.55909
2006,54,4. Divorced,1. White,4. College Grad,2. Middle Atlantic,2. Information,1. <=Good,1. Yes,5.630403,278.774526
2003,55,2. Married,4. Other,1. < HS Grad,2. Middle Atlantic,1. Industrial,2. >=Very Good,2. No,4.969085,143.895234
2007,28,2. Married,2. Black,4. College Grad,2. Middle Atlantic,2. Information,1. <=Good,1. Yes,4.754767,116.136631
2005,67,2. Married,1. White,2. HS Grad,2. Middle Atlantic,2. Information,2. >=Very Good,2. No,4.922302,137.318362
2004,65,2. Married,3. Asian,3. Some College,2. Middle Atlantic,2. Information,2. >=Very Good,1. Yes,5.009671,149.855439
2004,74,2. Married,1. White,2. HS Grad,2. Middle Atlantic,1. Industrial,1. <=Good,1. Yes,5.424379,226.870372
2008,19,2. Married,1. White,3. Some College,2. Middle Atlantic,1. Industrial,1. <=Good,2. No,4.520398,91.872182
2004,39,2. Married,1. White,1. < HS Grad,2. Middle Atlantic,1. Industrial,2. >=Very Good,2. No,4.549148,94.551832
2009,31,4. Divorced,1. White,2. HS Grad,2. Middle Atlantic,1. Industrial,1. <=Good,1. Yes,4.8664,129.85267
2005,56,2. Married,4. Other,3. Some College,2. Middle Atlantic,2. Information,2. >=Very Good,1. Yes,4.96361,143.109449
2008,33,3. Widowed,1. White,4. College Grad,2. Middle Atlantic,1. Industrial,2. >=Very Good,1. Yes,4.746455,115.175251
2005,49,2. Married,1. White,1. < HS Grad,2. Middle Atlantic,2. Information,2. >=Very Good,1. Yes,5.128574,168.776218
2003,70,4. Divorced,1. White,2. HS Grad,2. Middle Atlantic,1. Industrial,2. >=Very Good,2. No,4.814324,123.263437
2007,18,2. Married,1. White,5. Advanced Degree,2. Middle Atlantic,2. Information,1. <=Good,1. Yes,5.000499,148.487278
2005,38,2. Married,4. Other,4. College Grad,2. Middle Atlantic,1. Industrial,1. <=Good,1. Yes,4.880781,131.733473
2005,54,2. Married,1. White,2. HS Grad,2. Middle Atlantic,2. Information,2. >=Very Good,1. Yes,5.116958,166.827026
2007,33,4. Divorced,1. White,5. Advanced Degree,2. Middle Atlantic,1. Industrial,2. >=Very Good,1. Yes,5.11829,167.049464
2007,61,3. Widowed,1. White,4. College Grad,2. Middle Atlantic,2. Information,2. >=Very Good,2. No,5.008864,149.734596
2004,21,2. Married,2. Black,3. Some College,2. Middle Atlantic,1. Industrial,2. >=Very Good,2. No,4.402483,81.653331
2007,44,3. Widowed,1. White,3. Some College,2. Middle Atlantic,1. Industrial,2. >=Very Good,1. Yes,4.794833,120.884142
2007,33,2. Married,1. White,3. Some College,2. Middle Atlantic,2. Information,1. <=Good,1. Yes,4.84438,127.024466
2009,21,4. Divorced,1. White,2. HS Grad,2. Middle Atlantic,2. Information,2. >=Very Good,2. No,4.09493,60.035135
2009,78,4. Divorced,1. White,3. Some College,2. Middle Atlantic,2. Information,2. >=Very Good,2. No,4.876307,131.145511
2009,29,2. Married,1. White,3. Some College,2. Middle Atlantic,1. Industrial,2. >=Very Good,1. Yes,5.182644,178.153297
2004,60,1. Never Married,1. White,4. College Grad,2. Middle Atlantic,1. Industrial,1. <=Good,1. Yes,5.255886,191.691191
2006,49,2. Married,1. White,3. Some College,2. Middle Atlantic,1. Industrial,2. >=Very Good,1. Yes,5.192498,179.91749
2008,58,1. Never Married,1. White,2. HS Grad,2. Middle Atlantic,2. Information,1. <=Good,1. Yes,5.392707,219.797501
2008,28,2. Married,4. Other,2. HS Grad,2. Middle Atlantic,2. Information,1. <=Good,1. Yes,4.7774,118.795107
2009,19,1. Never Married,1. White,4. College Grad,2. Middle Atlantic,2. Information,2. >=Very Good,2. No,4.771654,118.114428
2007,28,3. Widowed,3. Asian,3. Some College,2. Middle Atlantic,2. Information,1. <=Good,1. Yes,4.301289,73.794858
2004,23,1. Never Married,1. White,2. HS Grad,2. Middle Atlantic,1. Industrial,2. >=Very Good,1. Yes,4.361007,78.33601
2003,55,2. Married,1. White,4. College Grad,2. Middle Atlantic,2. Information,2. >=Very Good,1. Yes,5.723454,305.959767
2006,29,2. Married,1. White,3. Some College,2. Middle Atlantic,1. Industrial,2. >=Very Good,1. Yes,4.644161,103.976079
2003,32,2. Married,4. Other,3. Some College,2. Middle Atlantic,2. Information,1. <=Good,1. Yes,4.76747,117.6213
2005,59,4. Divorced,3. Asian,5. Advanced Degree,2. Middle Atlantic,1. Industrial,1. <=Good,1. Yes,5.431755,228.550043
2004,67,2. Married,1. White,3. Some College,2. Middle Atlantic,2. Information,1. <=Good,1. Yes,5.110231,165.708629
2007,75,2. Married,1. White,1. < HS Grad,2. Middle Atlantic,2. Information,1. <=Good,1. Yes,4.891384,133.137684
2007,36,2. Married,2. Black,3. Some College,2. Middle Atlantic,2. Information,1. <=Good,1. Yes,4.888293,132.726875
2004,27,1. Never Married,1. White,3. Some College,2. Middle Atlantic,1. Industrial,1. <=Good,1. Yes,4.774927,118.501684
2008,66,2. Married,1. White,3. Some College,2. Middle Atlantic,1. Industrial,2. >=Very Good,2. No,5.20427,182.047999
2006,37,2. Married,3. Asian,2. HS Grad,2. Middle Atlantic,1. Industrial,2. >=Very Good,1. Yes,5.166227,175.252323
2004,40,2. Married,1. White,4. College Grad,2. Middle Atlantic,1. Industrial,1. <=Good,1. Yes,5.249688,190.506737
2009,70,2. Married,1. White,3. Some College,2. Middle Atlantic,1. Industrial,1. <=Good,1. Yes,4.655572,105.169407
2004,48,1. Never Married,1. White,2. HS Grad,2. Middle Atlantic,1. Industrial,1. <=Good,2. No,5.032804,153.362483
2006,78,2. Married,2. Black,4. College Grad,2. Middle Atlantic,1. Industrial,2. >=Very Good,2. No,4.667305,106.410584
2004,78,2. Married,1. White,4. College Grad,2. Middle Atlantic,2. Information,2. >=Very Good,1. Yes,4.877445,131.294767
2003,73,2. Married,1. White,4. College Grad,2. Middle Atlantic,1. Industrial,2. >=Very Good,1. Yes,4.863602,129.489779
2005,24,2. Married,1. White,2. HS Grad,2. Middle Atlantic,2. Information,2. >=Very Good,1. Yes,4.50108,90.11441
2009,48,2. Married,4. Other,3. Some College,2. Middle Atlantic,2. Information,2. >=Very Good,2. No,4.775515,118.571334
2008,47,1. Never Married,1. White,3. Some College,2. Middle Atlantic,2. Information,2. >=Very Good,1. Yes,4.908092,135.380909
2006,41,2. Married,1. White,2. HS Grad,2. Middle Atlantic,1. Industrial,2. >=Very Good,2. No,4.961731,142.840837
2009,48,2. Married,1. White,3. Some College,2. Middle Atlantic,1. Industrial,2. >=Very Good,1. Yes,5.363134,213.392765
2008,78,2. Married,2. Black,3. Some College,2. Middle Atlantic,1. Industrial,2. >=Very Good,1. Yes,5.130111,169.035854
2004,73,2. Married,1. White,3. Some College,2. Middle Atlantic,1. Industrial,2. >=Very Good,1. Yes,5.175592,176.901278
2006,58,4. Divorced,1. White,3. Some College,2. Middle Atlantic,2. Information,2. >=Very Good,1. Yes,5.485892,241.264011
2007,52,2. Married,3. Asian,4. College Grad,2. Middle Atlantic,1. Industrial,1. <=Good,1. Yes,5.284467,197.249
2007,43,1. Never Married,1. White,3. Some College,2. Middle Atlantic,2. Information,2. >=Very Good,2. No,5.245845,189.776109
2007,75,2. Married,1. White,4. College Grad,2. Middle Atlantic,2. Information,2. >=Very Good,1. Yes,4.812197,123.00158
2004,26,1. Never Married,2. Black,4. College Grad,2. Middle Atlantic,2. Information,2. >=Very Good,1. Yes,4.92618,137.851845
2004,73,2. Married,1. White,1. < HS Grad,2. Middle Atlantic,2. Information,2. >=Very Good,2. No,4.746681,115.20133
2009,34,4. Divorced,1. White,5. Advanced Degree,2. Middle Atlantic,2. Information,1. <=Good,1. Yes,5.472162,237.974022
2004,68,2. Married,4. Other,5. Advanced Degree,2. Middle Atlantic,1. Industrial,1. <=Good,1. Yes,5.244445,189.510532
2004,70,2. Married,1. White,4. College Grad,2. Middle Atlantic,1. Industrial,2. >=Very Good,1. Yes,5.096733,163.486953
2005,41,2. Married,1. White,1. < HS Grad,2. Middle Atlantic,1. Industrial,1. <=Good,2. No,4.643439,103.901031
2005,73,5. Separated,1. White,5. Advanced Degree,2. Middle Atlantic,2. Information,2. >=Very Good,1. Yes,5.363609,213.494069
2007,76,1. Never Married,1. White,3. Some College,2. Middle Atlantic,2. Information,2. >=Very Good,1. Yes,4.42487,83.501979
2009,27,2. Married,1. White,2. HS Grad,2. Middle Atlantic,1. Industrial,2. >=Very Good,2. No,4.599006,99.385439
2007,38,2. Married,4. Other,3. Some College,2. Middle Atlantic,2. Information,2. >=Very Good,2. No,5.284449,197.245493
2006,38,1. Never Married,1. White,5. Advanced Degree,2. Middle Atlantic,1. Industrial,1. <=Good,1. Yes,5.09131,162.602785
2003,20,2. Married,1. White,2. HS Grad,2. Middle Atlantic,2. Information,1. <=Good,1. Yes,4.430701,83.990291
2006,62,2. Married,1. White,1. < HS Grad,2. Middle Atlantic,1. Industrial,2. >=Very Good,1. Yes,4.677826,107.536003
2004,28,1. Never Married,2. Black,4. College Grad,2. Middle Atlantic,2. Information,2. >=Very Good,1. Yes,4.698472,109.779336
2006,64,2. Married,1. White,2. HS Grad,2. Middle Atlantic,2. Information,2. >=Very Good,2. No,5.067455,158.769792
2006,58,2. Married,1. White,1. < HS Grad,2. Middle Atlantic,2. Information,2. >=Very Good,1. Yes,4.582211,97.730248
2003,72,2. Married,1. White,5. Advanced Degree,2. Middle Atlantic,1. Industrial,2. >=Very Good,1. Yes,5.390898,219.400317
2004,54,1. Never Married,2. Black,5. Advanced Degree,2. Middle Atlantic,1. Industrial,1. <=Good,1. Yes,5.585333,266.489035
2008,41,4. Divorced,2. Black,4. College Grad,2. Middle Atlantic,2. Information,1. <=Good,1. Yes,4.966612,143.539818
2006,64,2. Married,1. White,2. HS Grad,2. Middle Atlantic,1. Industrial,2. >=Very Good,1. Yes,5.019842,151.387436
2008,58,1. Never Married,2. Black,2. HS Grad,2. Middle Atlantic,2. Information,1. <=Good,1. Yes,5.161647,174.451527
2007,19,2. Married,1. White,2. HS Grad,2. Middle Atlantic,2. Information,2. >=Very Good,1. Yes,4.082001,59.263957
2003,55,2. Married,2. Black,2. HS Grad,2. Middle Atlantic,1. Industrial,2. >=Very Good,2. No,5.044865,155.223371
2006,75,2. Married,1. White,2. HS Grad,2. Middle Atlantic,2. Information,2. >=Very Good,2. No,4.741818,114.642412
2006,21,4. Divorced,4. Other,3. Some College,2. Middle Atlantic,2. Information,2. >=Very Good,2. No,4.777913,118.855992
2005,63,5. Separated,2. Black,5. Advanced Degree,2. Middle Atlantic,1. Industrial,2. >=Very Good,2. No,5.049787,155.989165
2007,45,2. Married,2. Black,3. Some College,2. Middle Atlantic,1. Industrial,2. >=Very Good,1. Yes,4.944433,140.39127
2005,62,2. Married,2. Black,2. HS Grad,2. Middle Atlantic,1. Industrial,2. >=Very Good,1. Yes,5.395229,220.352663
2003,64,1. Never Married,1. White,3. Some College,2. Middle Atlantic,2. Information,1. <=Good,2. No,4.823381,124.384935
2008,19,1. Never Married,2. Black,4. College Grad,2. Middle Atlantic,1. Industrial,2. >=Very Good,1. Yes,4.272091,71.671339
2009,72,1. Never Married,1. White,2. HS Grad,2. Middle Atlantic,1. Industrial,2. >=Very Good,1. Yes,4.874213,130.871056
2003,68,2. Married,2. Black,2. HS Grad,2. Middle Atlantic,1. Industrial,2. >=Very Good,2. No,4.536259,93.340923
2007,77,1. Never Married,4. Other,3. Some College,2. Middle Atlantic,1. Industrial,1. <=Good,1. Yes,4.87256,130.655027
2005,79,1. Never Married,1. White,3. Some College,2. Middle Atlantic,1. Industrial,2. >=Very Good,1. Yes,5.053575,156.58123
2007,57,1. Never Married,1. White,1. < HS Grad,2. Middle Atlantic,1. Industrial,2. >=Very Good,1. Yes,5.028088,152.640934
2008,23,1. Never Married,2. Black,4. College Grad,2. Middle Atlantic,1. Industrial,1. <=Good,1. Yes,4.891951,133.21322
2003,32,1. Never Married,2. Black,1. < HS Grad,2. Middle Atlantic,1. Industrial,1. <=Good,1. Yes,4.799476,121.446722
2005,27,2. Married,1. White,4. College Grad,2. Middle Atlantic,2. Information,2. >=Very Good,1. Yes,4.444925,85.19352
2008,18,4. Divorced,2. Black,2. HS Grad,2. Middle Atlantic,1. Industrial,1. <=Good,1. Yes,4.50807,90.746508
2004,41,1. Never Married,3. Asian,2. HS Grad,2. Middle Atlantic,1. Industrial,2. >=Very Good,2. No,4.289274,72.9135
2003,76,2. Married,1. White,2. HS Grad,2. Middle Atlantic,1. Industrial,1. <=Good,1. Yes,4.696814,109.597492
2009,70,4. Divorced,1. White,4. College Grad,2. Middle Atlantic,1. Industrial,2. >=Very Good,1. Yes,5.431049,228.38859
2004,23,2. Married,1. White,2. HS Grad,2. Middle Atlantic,1. Industrial,1. <=Good,1. Yes,4.39923,81.388146
2006,42,2. Married,1. White,3. Some College,2. Middle Atlantic,2. Information,2. >=Very Good,1. Yes,4.988533,146.721055
2009,50,3. Widowed,4. Other,2. HS Grad,2. Middle Atlantic,2. Information,2. >=Very Good,2. No,4.937617,139.437509
2007,67,3. Widowed,1. White,4. College Grad,2. Middle Atlantic,2. Information,1. <=Good,2. No,5.179895,177.664195
2005,23,2. Married,1. White,4. College Grad,2. Middle Atlantic,1. Industrial,2. >=Very Good,1. Yes,5.014408,150.566923
2003,22,2. Married,1. White,4. College Grad,2. Middle Atlantic,2. Information,1. <=Good,1. Yes,4.370273,79.065201
2003,77,1. Never Married,2. Black,2. HS Grad,2. Middle Atlantic,1. Industrial,2. >=Very Good,1. Yes,4.750936,115.692465
2006,35,2. Married,2. Black,5. Advanced Degree,2. Middle Atlantic,1. Industrial,2. >=Very Good,1. Yes,4.963705,143.123154
2007,18,2. Married,1. White,5. Advanced Degree,2. Middle Atlantic,2. Information,2. >=Very Good,1. Yes,4.635823,103.112753
2009,76,2. Married,1. White,3. Some College,2. Middle Atlantic,1. Industrial,2. >=Very Good,1. Yes,4.892955,133.347049
2007,61,2. Married,2. Black,2. HS Grad,2. Middle Atlantic,1. Industrial,1. <=Good,2. No,5.057941,157.266392
2003,41,2. Married,1. White,3. Some College,2. Middle Atlantic,1. Industrial,2. >=Very Good,2. No,4.942865,140.17121
2003,64,2. Married,1. White,4. College Grad,2. Middle Atlantic,1. Industrial,2. >=Very Good,1. Yes,5.265834,193.607796
2008,34,1. Never Married,1. White,2. HS Grad,2. Middle Atlantic,1. Industrial,1. <=Good,1. Yes,4.846833,127.336493
2005,77,1. Never Married,1. White,3. Some College,2. Middle Atlantic,1. Industrial,2. >=Very Good,1. Yes,4.788479,120.118574
2005,22,4. Divorced,1. White,1. < HS Grad,2. Middle Atlantic,1. Industrial,2. >=Very Good,1. Yes,4.267109,71.315173
2003,65,1. Never Married,1. White,4. College Grad,2. Middle Atlantic,2. Information,1. <=Good,1. Yes,5.335478,207.571969
2006,78,4. Divorced,1. White,2. HS Grad,2. Middle Atlantic,2. Information,2. >=Very Good,1. Yes,4.995304,147.717885
2007,42,4. Divorced,1. White,1. < HS Grad,2. Middle Atlantic,2. Information,2. >=Very Good,2. No,4.635254,103.054113
2006,53,2. Married,1. White,3. Some College,2. Middle Atlantic,1. Industrial,2. >=Very Good,1. Yes,5.115828,166.638677
2005,47,2. Married,1. White,2. HS Grad,2. Middle Atlantic,2. Information,2. >=Very Good,1. Yes,4.73196,113.517858
2006,58,2. Married,1. White,1. < HS Grad,2. Middle Atlantic,2. Information,2. >=Very Good,1. Yes,4.919824,136.978483
2009,46,3. Widowed,2. Black,2. HS Grad,2. Middle Atlantic,2. Information,2. >=Very Good,2. No,4.836679,126.050061
2005,56,4. Divorced,1. White,5. Advanced Degree,2. Middle Atlantic,2. Information,2. >=Very Good,2. No,5.665327,288.682471
2008,52,2. Married,3. Asian,3. Some College,2. Middle Atlantic,2. Information,1. <=Good,2. No,5.001484,148.633618
2007,67,3. Widowed,3. Asian,3. Some College,2. Middle Atlantic,2. Information,2. >=Very Good,1. Yes,5.186182,178.784608
2008,45,2. Married,1. White,4. College Grad,2. Middle Atlantic,2. Information,1. <=Good,1. Yes,5.351904,211.009578
2007,64,1. Never Married,1. White,2. HS Grad,2. Middle Atlantic,1. Industrial,2. >=Very Good,1. Yes,5.252335,191.011827
2007,69,4. Divorced,2. Black,3. Some College,2. Middle Atlantic,2. Information,2. >=Very Good,1. Yes,5.043063,154.943924
2007,67,2. Married,1. White,4. College Grad,2. Middle Atlantic,2. Information,2. >=Very Good,1. Yes,4.990209,146.967097
2008,35,2. Married,3. Asian,2. HS Grad,2. Middle Atlantic,2. Information,1. <=Good,1. Yes,4.993484,147.449316
2004,31,2. Married,1. White,4. College Grad,2. Middle Atlantic,1. Industrial,2. >=Very Good,2. No,4.71489,111.596511
2005,49,1. Never Married,4. Other,5. Advanced Degree,2. Middle Atlantic,1. Industrial,2. >=Very Good,2. No,5.561117,260.113246
2008,22,4. Divorced,1. White,5. Advanced Degree,2. Middle Atlantic,1. Industrial,2. >=Very Good,1. Yes,4.916066,136.464741
2009,53,2. Married,2. Black,4. College Grad,2. Middle Atlantic,1. Industrial,1. <=Good,1. Yes,5.086916,161.889806
2007,69,2. Married,1. White,3. Some College,2. Middle Atlantic,2. Information,2. >=Very Good,1. Yes,4.856043,128.514644
2003,34,4. Divorced,1. White,5. Advanced Degree,2. Middle Atlantic,1. Industrial,2. >=Very Good,1. Yes,5.227631,186.350819
2003,57,2. Married,3. Asian,2. HS Grad,2. Middle Atlantic,1. Industrial,1. <=Good,2. No,5.480503,239.96738
2008,80,2. Married,1. White,4. College Grad,2. Middle Atlantic,2. Information,1. <=Good,1. Yes,5.078195,160.484115
2003,22,1. Never Married,1. White,3. Some College,2. Middle Atlantic,1. Industrial,1. <=Good,1. Yes,4.547447,94.391149
2008,29,1. Never Married,1. White,4. College Grad,2. Middle Atlantic,2. Information,1. <=Good,1. Yes,5.139869,170.693437
2007,24,1. Never Married,1. White,2. HS Grad,2. Middle Atlantic,1. Industrial,1. <=Good,1. Yes,4.609782,100.462289
2008,23,3. Widowed,2. Black,2. HS Grad,2. Middle Atlantic,1. Industrial,2. >=Very Good,1. Yes,4.633645,102.888366
2009,28,2. Married,1. White,5. Advanced Degree,2. Middle Atlantic,1. Industrial,2. >=Very Good,1. Yes,5.110893,165.818432
2004,43,2. Married,1. White,4. College Grad,2. Middle Atlantic,2. Information,2. >=Very Good,1. Yes,5.103453,164.58929
2009,32,2. Married,3. Asian,1. < HS Grad,2. Middle Atlantic,2. Information,2. >=Very Good,1. Yes,4.25006,70.109623
2005,75,1. Never Married,1. White,3. Some College,2. Middle Atlantic,1. Industrial,1. <=Good,1. Yes,4.615188,101.006789
2005,37,2. Married,1. White,2. HS Grad,2. Middle Atlantic,1. Industrial,2. >=Very Good,1. Yes,4.739435,114.369514
2006,46,2. Married,3. Asian,3. Some College,2. Middle Atlantic,2. Information,2. >=Very Good,2. No,4.794112,120.797046
2003,27,4. Divorced,3. Asian,4. College Grad,2. Middle Atlantic,2. Information,1. <=Good,1. Yes,4.607349,100.218124
2003,28,2. Married,1. White,2. HS Grad,2. Middle Atlantic,2. Information,2. >=Very Good,1. Yes,4.776114,118.642395
2004,28,2. Married,1. White,4. College Grad,2. Middle Atlantic,1. Industrial,2. >=Very Good,1. Yes,4.659475,105.580591
2007,46,2. Married,1. White,4. College Grad,2. Middle Atlantic,1. Industrial,1. <=Good,1. Yes,5.254286,191.384853
2004,48,1. Never Married,1. White,3. Some College,2. Middle Atlantic,1. Industrial,1. <=Good,1. Yes,4.721578,112.345343
2008,46,3. Widowed,1. White,2. HS Grad,2. Middle Atlantic,2. Information,1. <=Good,2. No,4.722582,112.458287
2003,54,2. Married,1. White,5. Advanced Degree,2. Middle Atlantic,1. Industrial,1. <=Good,2. No,5.288278,198.002106
2004,75,3. Widowed,1. White,2. HS Grad,2. Middle Atlantic,2. Information,2. >=Very Good,1. Yes,4.718513,112.001538
2004,60,2. Married,3. Asian,4. College Grad,2. Middle Atlantic,1. Industrial,2. >=Very Good,1. Yes,5.501024,244.942733
2003,78,2. Married,1. White,3. Some College,2. Middle Atlantic,2. Information,2. >=Very Good,1. Yes,4.851288,127.905072
2005,34,1. Never Married,1. White,5. Advanced Degree,2. Middle Atlantic,2. Information,2. >=Very Good,1. Yes,5.709893,301.838768
2006,28,2. Married,4. Other,3. Some College,2. Middle Atlantic,2. Information,2. >=Very Good,1. Yes,4.851221,127.8965
2006,32,2. Married,1. White,5. Advanced Degree,2. Middle Atlantic,2. Information,2. >=Very Good,1. Yes,5.326793,205.777061
2004,24,1. Never Married,1. White,2. HS Grad,2. Middle Atlantic,1. Industrial,2. >=Very Good,1. Yes,4.472638,87.587504
2004,64,2. Married,2. Black,3. Some College,2. Middle Atlantic,1. Industrial,2. >=Very Good,2. No,5.080858,160.912094
2009,23,4. Divorced,1. White,5. Advanced Degree,2. Middle Atlantic,1. Industrial,2. >=Very Good,1. Yes,5.045308,155.292155
2007,67,4. Divorced,1. White,4. College Grad,2. Middle Atlantic,2. Information,1. <=Good,1. Yes,5.207355,182.610459
2003,63,1. Never Married,1. White,3. Some College,2. Middle Atlantic,1. Industrial,1. <=Good,2. No,4.896742,133.852942
2004,50,1. Never Married,1. White,4. College Grad,2. Middle Atlantic,1. Industrial,2. >=Very Good,1. Yes,4.867485,129.993637
2007,60,2. Married,1. White,3. Some College,2. Middle Atlantic,1. Industrial,2. >=Very Good,1. Yes,5.234887,187.707865
2008,61,1. Never Married,1. White,2. HS Grad,2. Middle Atlantic,2. Information,1. <=Good,1. Yes,4.971253,144.207521
2009,50,1. Never Married,2. Black,2. HS Grad,2. Middle Atlantic,1. Industrial,2. >=Very Good,1. Yes,5.334801,207.431535
2006,32,2. Married,3. Asian,2. HS Grad,2. Middle Atlantic,2. Information,2. >=Very Good,2. No,4.653855,104.98899
2007,59,2. Married,2. Black,1. < HS Grad,2. Middle Atlantic,1. Industrial,2. >=Very Good,1. Yes,4.346995,77.246007
2004,47,2. Married,1. White,3. Some College,2. Middle Atlantic,2. Information,2. >=Very Good,1. Yes,4.823995,124.461373
2004,73,2. Married,1. White,3. Some College,2. Middle Atlantic,2. Information,2. >=Very Good,1. Yes,4.862678,129.370188
2007,24,2. Married,1. White,4. College Grad,2. Middle Atlantic,2. Information,2. >=Very Good,1. Yes,4.712934,111.378422
2008,25,2. Married,4. Other,4. College Grad,2. Middle Atlantic,1. Industrial,2. >=Very Good,1. Yes,4.558998,95.487788
2006,19,3. Widowed,1. White,5. Advanced Degree,2. Middle Atlantic,1. Industrial,2. >=Very Good,1. Yes,4.681703,107.953807
2003,67,1. Never Married,1. White,4. College Grad,2. Middle Atlantic,2. Information,2. >=Very Good,1. Yes,4.903922,134.817559
2006,29,1. Never Married,1. White,3. Some College,2. Middle Atlantic,1. Industrial,2. >=Very Good,2. No,4.389182,80.574479
2008,55,2. Married,1. White,2. HS Grad,2. Middle Atlantic,2. Information,2. >=Very Good,1. Yes,4.756602,116.349919
2005,75,1. Never Married,1. White,4. College Grad,2. Middle Atlantic,2. Information,1. <=Good,1. Yes,5.175354,176.859134
2008,54,1. Never Married,2. Black,2. HS Grad,2. Middle Atlantic,1. Industrial,2. >=Very Good,1. Yes,5.353558,211.358906
2008,73,1. Never Married,1. White,3. Some College,2. Middle Atlantic,1. Industrial,2. >=Very Good,1. Yes,5.047019,155.558041
2003,53,2. Married,1. White,4. College Grad,2. Middle Atlantic,2. Information,2. >=Very Good,2. No,5.366617,214.137173
2008,19,2. Married,1. White,3. Some College,2. Middle Atlantic,2. Information,2. >=Very Good,2. No,4.651479,104.73975
2003,21,2. Married,1. White,5. Advanced Degree,2. Middle Atlantic,1. Industrial,2. >=Very Good,2. No,4.918478,136.794241
2007,39,2. Married,1. White,4. College Grad,2. Middle Atlantic,2. Information,2. >=Very Good,2. No,5.000505,148.488096
2009,35,2. Married,1. White,2. HS Grad,2. Middle Atlantic,2. Information,2. >=Very Good,1. Yes,4.759517,116.689579
2008,25,2. Married,1. White,5. Advanced Degree,2. Middle Atlantic,2. Information,2. >=Very Good,1. Yes,4.92606,137.835315
2009,19,2. Married,1. White,2. HS Grad,2. Middle Atlantic,1. Industrial,2. >=Very Good,1. Yes,4.633162,102.838736
2007,80,4. Divorced,2. Black,3. Some College,2. Middle Atlantic,2. Information,2. >=Very Good,1. Yes,4.612407,100.72632
2008,48,2. Married,1. White,3. Some College,2. Middle Atlantic,1. Industrial,2. >=Very Good,2. No,4.915914,136.444027
2009,48,2. Married,2. Black,5. Advanced Degree,2. Middle Atlantic,1. Industrial,2. >=Very Good,1. Yes,5.327109,205.841993
2006,31,2. Married,2. Black,3. Some College,2. Middle Atlantic,1. Industrial,2. >=Very Good,2. No,4.86509,129.682672
2005,18,1. Never Married,1. White,3. Some College,2. Middle Atlantic,2. Information,1. <=Good,1. Yes,4.569608,96.50629
2004,51,2. Married,1. White,3. Some College,2. Middle Atlantic,2. Information,2. >=Very Good,1. Yes,5.679193,292.713147
2009,25,2. Married,2. Black,4. College Grad,2. Middle Atlantic,1. Industrial,1. <=Good,2. No,4.583009,97.808246
2008,26,1. Never Married,1. White,2. HS Grad,2. Middle Atlantic,1. Industrial,1. <=Good,1. Yes,4.222155,68.180275
2007,18,1. Never Married,1. White,2. HS Grad,2. Middle Atlantic,2. Information,2. >=Very Good,2. No,4.330595,75.989493
2003,47,2. Married,1. White,3. Some College,2. Middle Atlantic,1. Industrial,1. <=Good,2. No,4.935986,139.210277
2008,45,1. Never Married,1. White,3. Some College,2. Middle Atlantic,2. Information,2. >=Very Good,1. Yes,5.215112,184.032478
2003,74,2. Married,1. White,2. HS Grad,2. Middle Atlantic,1. Industrial,2. >=Very Good,1. Yes,4.971886,144.298781
2004,38,1. Never Married,1. White,2. HS Grad,2. Middle Atlantic,1. Industrial,1. <=Good,1. Yes,4.811055,122.861177
2008,74,1. Never Married,1. White,3. Some College,2. Middle Atlantic,2. Information,2. >=Very Good,1. Yes,4.538208,93.523047
2004,38,1. Never Married,1. White,5. Advanced Degree,2. Middle Atlantic,1. Industrial,2. >=Very Good,2. No,5.35436,211.52846
2008,19,2. Married,2. Black,3. Some College,2. Middle Atlantic,2. Information,2. >=Very Good,1. Yes,4.57379,96.910671
2007,30,2. Married,1. White,2. HS Grad,2. Middle Atlantic,1. Industrial,2. >=Very Good,1. Yes,4.634216,102.947197
2007,37,1. Never Married,1. White,4. College Grad,2. Middle Atlantic,2. Information,2. >=Very Good,1. Yes,5.358957,212.50329
2004,43,2. Married,1. White,3. Some College,2. Middle Atlantic,2. Information,2. >=Very Good,1. Yes,5.049855,155.999886
2003,67,5. Separated,1. White,4. College Grad,2. Middle Atlantic,2. Information,2. >=Very Good,2. No,5.35422,211.499003
2003,24,4. Divorced,1. White,3. Some College,2. Middle Atlantic,2. Information,2. >=Very Good,1. Yes,4.711781,111.250086
2005,43,2. Married,1. White,5. Advanced Degree,2. Middle Atlantic,1. Industrial,2. >=Very Good,2. No,5.639623,281.356619
2005,79,2. Married,1. White,2. HS Grad,2. Middle Atlantic,1. Industrial,2. >=Very Good,1. Yes,4.807346,122.406369
2006,51,2. Married,3. Asian,2. HS Grad,2. Middle Atlantic,2. Information,2. >=Very Good,2. No,4.808999,122.608869
2004,44,2. Married,1. White,2. HS Grad,2. Middle Atlantic,2. Information,1. <=Good,1. Yes,5.390349,219.2798
2005,52,1. Never Married,1. White,4. College Grad,2. Middle Atlantic,1. Industrial,1. <=Good,1. Yes,5.242699,189.180036
2003,44,4. Divorced,2. Black,5. Advanced Degree,2. Middle Atlantic,1. Industrial,2. >=Very Good,1. Yes,5.537756,254.107219
2004,57,1. Never Married,1. White,3. Some College,2. Middle Atlantic,2. Information,2. >=Very Good,1. Yes,5.078682,160.562307
2003,32,1. Never Married,1. White,3. Some College,2. Middle Atlantic,2. Information,2. >=Very Good,1. Yes,5.301046,200.546444
2008,71,2. Married,1. White,1. < HS Grad,2. Middle Atlantic,2. Information,1. <=Good,1. Yes,4.441142,84.871797
2006,29,2. Married,1. White,4. College Grad,2. Middle Atlantic,1. Industrial,1. <=Good,1. Yes,4.669224,106.614963
2004,48,1. Never Married,1. White,2. HS Grad,2. Middle Atlantic,2. Information,1. <=Good,2. No,5.104002,164.67965
2004,80,2. Married,1. White,4. College Grad,2. Middle Atlantic,2. Information,2. >=Very Good,2. No,4.732758,113.608463
2008,62,1. Never Married,1. White,4. College Grad,2. Middle Atlantic,1. Industrial,2. >=Very Good,2. No,5.55006,257.252947
2006,42,4. Divorced,1. White,3. Some College,2. Middle Atlantic,1. Industrial,2. >=Very Good,2. No,4.739507,114.377843
2005,44,4. Divorced,1. White,5. Advanced Degree,2. Middle Atlantic,1. Industrial,1. <=Good,2. No,5.468698,237.151303
2004,32,2. Married,1. White,2. HS Grad,2. Middle Atlantic,1. Industrial,1. <=Good,1. Yes,4.776984,118.745717
2004,52,2. Married,1. White,2. HS Grad,2. Middle Atlantic,1. Industrial,2. >=Very Good,1. Yes,4.933787,138.904548
2004,24,2. Married,1. White,4. College Grad,2. Middle Atlantic,1. Industrial,2. >=Very Good,2. No,4.674558,107.185231
2005,76,2. Married,1. White,5. Advanced Degree,2. Middle Atlantic,1. Industrial,1. <=Good,1. Yes,5.389234,219.035548
2005,48,2. Married,1. White,2. HS Grad,2. Middle Atlantic,1. Industrial,2. >=Very Good,1. Yes,4.884989,132.288998
2009,69,2. Married,1. White,4. College Grad,2. Middle Atlantic,1. Industrial,2. >=Very Good,1. Yes,5.272231,194.85028
2006,59,2. Married,1. White,4. College Grad,2. Middle Atlantic,2. Information,2. >=Very Good,2. No,4.974132,144.623212
2008,50,4. Divorced,1. White,5. Advanced Degree,2. Middle Atlantic,1. Industrial,1. <=Good,2. No,5.67974,292.873216
2004,47,1. Never Married,4. Other,2. HS Grad,2. Middle Atlantic,2. Information,2. >=Very Good,1. Yes,4.760798,116.83907
2008,42,2. Married,1. White,2. HS Grad,2. Middle Atlantic,1. Industrial,2. >=Very Good,1. Yes,5.466722,236.683075
2005,55,1. Never Married,1. White,4. College Grad,2. Middle Atlantic,1. Industrial,2. >=Very Good,1. Yes,5.294712,199.280174
2007,62,2. Married,4. Other,5. Advanced Degree,2. Middle Atlantic,1. Industrial,1. <=Good,1. Yes,5.468033,236.993669
2005,63,2. Married,1. White,2. HS Grad,2. Middle Atlantic,2. Information,2. >=Very Good,1. Yes,5.10417,164.707313
2006,67,2. Married,1. White,2. HS Grad,2. Middle Atlantic,1. Industrial,2. >=Very Good,1. Yes,5.098362,163.753423
2004,34,2. Married,1. White,3. Some College,2. Middle Atlantic,1. Industrial,1. <=Good,1. Yes,4.798036,121.271975
2009,53,2. Married,1. White,2. HS Grad,2. Middle Atlantic,2. Information,1. <=Good,1. Yes,4.75993,116.737702
2005,52,1. Never Married,1. White,3. Some College,2. Middle Atlantic,2. Information,2. >=Very Good,1. Yes,4.942505,140.120817
2004,79,1. Never Married,1. White,2. HS Grad,2. Middle Atlantic,1. Industrial,2. >=Very Good,1. Yes,4.869192,130.215652
2007,30,2. Married,1. White,4. College Grad,2. Middle Atlantic,1. Industrial,1. <=Good,1. Yes,4.938511,139.562293
2006,47,2. Married,1. White,1. < HS Grad,2. Middle Atlantic,2. Information,2. >=Very Good,2. No,4.891832,133.197362
2009,22,2. Married,1. White,5. Advanced Degree,2. Middle Atlantic,2. Information,2. >=Very Good,1. Yes,4.945919,140.600038
2006,72,4. Divorced,1. White,2. HS Grad,2. Middle Atlantic,1. Industrial,2. >=Very Good,1. Yes,4.716932,111.824688
2004,29,2. Married,1. White,3. Some College,2. Middle Atlantic,1. Industrial,2. >=Very Good,1. Yes,4.808807,122.585343
2007,26,2. Married,1. White,4. College Grad,2. Middle Atlantic,2. Information,2. >=Very Good,1. Yes,4.797378,121.192281
2008,59,2. Married,1. White,1. < HS Grad,2. Middle Atlantic,2. Information,1. <=Good,1. Yes,4.731506,113.466266
2006,19,1. Never Married,1. White,3. Some College,2. Middle Atlantic,1. Industrial,1. <=Good,2. No,4.563788,95.946191
2009,74,4. Divorced,4. Other,3. Some College,2. Middle Atlantic,1. Industrial,1. <=Good,1. Yes,4.865164,129.692145
2009,25,2. Married,1. White,3. Some College,2. Middle Atlantic,1. Industrial,1. <=Good,1. Yes,5.103251,164.556049
2008,66,2. Married,1. White,2. HS Grad,2. Middle Atlantic,2. Information,1. <=Good,1. Yes,4.984543,146.136816
2008,26,2. Married,1. White,4. College Grad,2. Middle Atlantic,1. Industrial,2. >=Very Good,1. Yes,5.222847,185.461458
2005,49,2. Married,3. Asian,3. Some College,2. Middle Atlantic,2. Information,2. >=Very Good,1. Yes,4.877853,131.348306
2005,51,2. Married,1. White,5. Advanced Degree,2. Middle Atlantic,1. Industrial,2. >=Very Good,1. Yes,5.188664,179.229031
2003,46,2. Married,1. White,4. College Grad,2. Middle Atlantic,2. Information,2. >=Very Good,2. No,4.908985,135.501743
2003,72,1. Never Married,2. Black,3. Some College,2. Middle Atlantic,1. Industrial,2. >=Very Good,1. Yes,4.996274,147.861272
2005,43,2. Married,1. White,3. Some College,2. Middle Atlantic,1. Industrial,1. <=Good,1. Yes,5.293351,199.0092
2006,50,4. Divorced,1. White,2. HS Grad,2. Middle Atlantic,1. Industrial,1. <=Good,1. Yes,4.621807,101.67759
2007,57,2. Married,1. White,4. College Grad,2. Middle Atlantic,1. Industrial,2. >=Very Good,1. Yes,5.114728,166.455434
2009,65,2. Married,3. Asian,2. HS Grad,2. Middle Atlantic,2. Information,1. <=Good,1. Yes,4.707695,110.796534
2004,62,2. Married,2. Black,4. College Grad,2. Middle Atlantic,2. Information,2. >=Very Good,1. Yes,4.789083,120.191126
2007,31,1. Never Married,1. White,2. HS Grad,2. Middle Atlantic,1. Industrial,1. <=Good,2. No,4.579259,97.442136
2007,38,2. Married,1. White,4. College Grad,2. Middle Atlantic,1. Industrial,2. >=Very Good,1. Yes,4.914247,136.216718
2003,29,1. Never Married,3. Asian,2. HS Grad,2. Middle Atlantic,2. Information,2. >=Very Good,1. Yes,4.305238,74.086831
2006,63,1. Never Married,1. White,3. Some College,2. Middle Atlantic,1. Industrial,2. >=Very Good,1. Yes,5.390055,219.215337
2008,79,1. Never Married,1. White,3. Some College,2. Middle Atlantic,1. Industrial,2. >=Very Good,1. Yes,5.245501,189.710829
2008,24,2. Married,1. White,2. HS Grad,2. Middle Atlantic,2. Information,2. >=Very Good,1. Yes,4.550219,94.653102
2004,47,3. Widowed,1. White,4. College Grad,2. Middle Atlantic,1. Industrial,2. >=Very Good,1. Yes,5.046384,155.459288
2007,30,1. Never Married,2. Black,3. Some College,2. Middle Atlantic,1. Industrial,2. >=Very Good,2. No,5.138429,170.447711
2007,65,2. Married,1. White,4. College Grad,2. Middle Atlantic,2. Information,2. >=Very Good,2. No,4.752316,115.85233
2009,63,2. Married,1. White,5. Advanced Degree,2. Middle Atlantic,1. Industrial,1. <=Good,1. Yes,5.603543,271.386223
2008,55,2. Married,1. White,4. College Grad,2. Middle Atlantic,2. Information,1. <=Good,1. Yes,5.394158,220.116738
2004,29,1. Never Married,1. White,4. College Grad,2. Middle Atlantic,1. Industrial,1. <=Good,1. Yes,4.997381,148.02502
2004,78,4. Divorced,1. White,3. Some College,2. Middle Atlantic,1. Industrial,1. <=Good,1. Yes,4.97529,144.790743
2004,43,1. Never Married,1. White,2. HS Grad,2. Middle Atlantic,2. Information,2. >=Very Good,1. Yes,4.986524,146.426529
2007,52,4. Divorced,2. Black,3. Some College,2. Middle Atlantic,2. Information,2. >=Very Good,1. Yes,5.420336,225.955131
2006,37,1. Never Married,1. White,3. Some College,2. Middle Atlantic,2. Information,2. >=Very Good,1. Yes,5.079701,160.725933
2003,50,5. Separated,1. White,3. Some College,2. Middle Atlantic,1. Industrial,2. >=Very Good,2. No,5.080703,160.887043
2003,56,2. Married,1. White,4. College Grad,2. Middle Atlantic,2. Information,2. >=Very Good,1. Yes,5.417309,225.272091
2005,66,2. Married,1. White,4. College Grad,2. Middle Atlantic,1. Industrial,2. >=Very Good,1. Yes,5.28659,197.668293
2007,37,3. Widowed,1. White,2. HS Grad,2. Middle Atlantic,2. Information,2. >=Very Good,2. No,4.607847,100.268013
2004,30,2. Married,1. White,3. Some College,2. Middle Atlantic,1. Industrial,2. >=Very Good,1. Yes,4.396945,81.202452
2007,79,2. Married,1. White,2. HS Grad,2. Middle Atlantic,1. Industrial,2. >=Very Good,1. Yes,4.605256,100.008545
2006,49,2. Married,4. Other,3. Some College,2. Middle Atlantic,1. Industrial,2. >=Very Good,2. No,4.871177,130.47443
2003,24,4. Divorced,4. Other,3. Some College,2. Middle Atlantic,1. Industrial,2. >=Very Good,2. No,4.559563,95.541711
2007,43,2. Married,3. Asian,5. Advanced Degree,2. Middle Atlantic,1. Industrial,1. <=Good,1. Yes,5.173815,176.587149
2007,77,2. Married,3. Asian,4. College Grad,2. Middle Atlantic,2. Information,2. >=Very Good,1. Yes,4.940757,139.876033
2005,39,2. Married,3. Asian,2. HS Grad,2. Middle Atlantic,1. Industrial,2. >=Very Good,1. Yes,4.897019,133.89005
2004,26,2. Married,1. White,5. Advanced Degree,2. Middle Atlantic,1. Industrial,1. <=Good,2. No,4.978133,145.202966
2003,73,1. Never Married,1. White,3. Some College,2. Middle Atlantic,2. Information,2. >=Very Good,1. Yes,4.659892,105.624699
2004,80,2. Married,1. White,1. < HS Grad,2. Middle Atlantic,2. Information,1. <=Good,1. Yes,4.360907,78.32814
2004,50,2. Married,1. White,4. College Grad,2. Middle Atlantic,1. Industrial,2. >=Very Good,2. No,4.992827,147.352362
2008,59,2. Married,1. White,5. Advanced Degree,2. Middle Atlantic,2. Information,2. >=Very Good,1. Yes,5.270842,194.579756
2004,80,2. Married,1. White,4. College Grad,2. Middle Atlantic,1. Industrial,2. >=Very Good,1. Yes,4.546601,94.311275
2006,55,1. Never Married,1. White,3. Some College,2. Middle Atlantic,1. Industrial,2. >=Very Good,1. Yes,5.510279,247.220169
2003,56,1. Never Married,1. White,4. College Grad,2. Middle Atlantic,1. Industrial,2. >=Very Good,1. Yes,5.053912,156.633955
2004,38,2. Married,1. White,2. HS Grad,2. Middle Atlantic,1. Industrial,1. <=Good,1. Yes,4.991715,147.188613
2003,64,2. Married,1. White,3. Some College,2. Middle Atlantic,2. Information,2. >=Very Good,1. Yes,4.973086,144.471971
2003,33,1. Never Married,1. White,4. College Grad,2. Middle Atlantic,1. Industrial,2. >=Very Good,1. Yes,4.8806,131.709627
2003,47,1. Never Married,1. White,3. Some College,2. Middle Atlantic,1. Industrial,2. >=Very Good,1. Yes,5.125589,168.273148
2005,28,3. Widowed,4. Other,3. Some College,2. Middle Atlantic,1. Industrial,2. >=Very Good,2. No,4.899924,134.279512
2003,68,4. Divorced,1. White,2. HS Grad,2. Middle Atlantic,2. Information,1. <=Good,1. Yes,4.795821,121.003671
2007,80,2. Married,2. Black,2. HS Grad,2. Middle Atlantic,1. Industrial,1. <=Good,1. Yes,4.705326,110.534295
2007,57,4. Divorced,1. White,3. Some College,2. Middle Atlantic,1. Industrial,2. >=Very Good,2. No,5.301497,200.636996
2006,28,2. Married,1. White,2. HS Grad,2. Middle Atlantic,1. Industrial,2. >=Very Good,2. No,4.948052,140.900242
2008,30,2. Married,1. White,4. College Grad,2. Middle Atlantic,2. Information,1. <=Good,1. Yes,4.695942,109.501952
2005,26,1. Never Married,3. Asian,5. Advanced Degree,2. Middle Atlantic,2. Information,1. <=Good,1. Yes,4.929352,138.289886
2007,19,1. Never Married,4. Other,2. HS Grad,2. Middle Atlantic,2. Information,2. >=Very Good,1. Yes,4.220839,68.090579
2009,22,2. Married,3. Asian,3. Some College,2. Middle Atlantic,1. Industrial,2. >=Very Good,1. Yes,4.722641,112.46487
2003,24,1. Never Married,3. Asian,3. Some College,2. Middle Atlantic,2. Information,2. >=Very Good,1. Yes,4.359546,78.221641
2003,43,1. Never Married,1. White,5. Advanced Degree,2. Middle Atlantic,1. Industrial,2. >=Very Good,1. Yes,5.061865,157.884774
2007,72,2. Married,1. White,3. Some College,2. Middle Atlantic,1. Industrial,1. <=Good,2. No,5.11335,166.226226
2005,43,2. Married,1. White,4. College Grad,2. Middle Atlantic,1. Industrial,2. >=Very Good,1. Yes,5.280743,196.515872
2003,67,2. Married,1. White,4. College Grad,2. Middle Atlantic,2. Information,1. <=Good,1. Yes,5.170624,176.024608
2006,75,2. Married,2. Black,3. Some College,2. Middle Atlantic,2. Information,1. <=Good,1. Yes,4.994851,147.650938
2009,50,4. Divorced,1. White,1. < HS Grad,2. Middle Atlantic,2. Information,2. >=Very Good,2. No,4.650107,104.596143
2007,34,2. Married,1. White,4. College Grad,2. Middle Atlantic,1. Industrial,2. >=Very Good,1. Yes,4.722788,112.48147
2003,36,2. Married,1. White,2. HS Grad,2. Middle Atlantic,1. Industrial,1. <=Good,1. Yes,4.736302,114.011773
2004,49,1. Never Married,1. White,5. Advanced Degree,2. Middle Atlantic,2. Information,2. >=Very Good,1. Yes,5.365575,213.914246
2008,30,2. Married,4. Other,3. Some College,2. Middle Atlantic,2. Information,2. >=Very Good,2. No,5.123562,167.932474
2007,59,2. Married,1. White,3. Some College,2. Middle Atlantic,1. Industrial,2. >=Very Good,1. Yes,5.373148,215.540295
2004,40,1. Never Married,2. Black,2. HS Grad,2. Middle Atlantic,1. Industrial,2. >=Very Good,1. Yes,4.934628,139.021367
2009,72,2. Married,1. White,3. Some College,2. Middle Atlantic,1. Industrial,1. <=Good,1. Yes,4.988477,146.712773
2006,56,2. Married,1. White,2. HS Grad,2. Middle Atlantic,1. Industrial,2. >=Very Good,1. Yes,4.729719,113.263683
2007,62,2. Married,1. White,3. Some College,2. Middle Atlantic,1. Industrial,1. <=Good,1. Yes,5.316057,203.579573
2006,65,2. Married,1. White,3. Some College,2. Middle Atlantic,2. Information,2. >=Very Good,1. Yes,5.370377,214.94381
2009,74,1. Never Married,1. White,3. Some College,2. Middle Atlantic,1. Industrial,1. <=Good,2. No,4.757068,116.404137
2007,52,2. Married,1. White,5. Advanced Degree,2. Middle Atlantic,2. Information,2. >=Very Good,1. Yes,5.320588,204.504054
2004,18,2. Married,1. White,2. HS Grad,2. Middle Atlantic,1. Industrial,2. >=Very Good,2. No,4.481904,88.402798
2003,41,3. Widowed,1. White,5. Advanced Degree,2. Middle Atlantic,1. Industrial,2. >=Very Good,1. Yes,5.185275,178.622503
2003,52,2. Married,1. White,3. Some College,2. Middle Atlantic,1. Industrial,1. <=Good,1. Yes,4.982674,145.863885
2005,51,2. Married,4. Other,3. Some College,2. Middle Atlantic,1. Industrial,2. >=Very Good,1. Yes,4.935354,139.122371
2005,46,3. Widowed,2. Black,2. HS Grad,2. Middle Atlantic,1. Industrial,2. >=Very Good,2. No,4.883508,132.093238
2007,37,1. Never Married,1. White,4. College Grad,2. Middle Atlantic,2. Information,1. <=Good,1. Yes,5.312496,202.85593
2007,37,2. Married,2. Black,2. HS Grad,2. Middle Atlantic,1. Industrial,2. >=Very Good,1. Yes,4.752282,115.8483
2009,66,2. Married,1. White,5. Advanced Degree,2. Middle Atlantic,1. Industrial,2. >=Very Good,1. Yes,5.281769,196.717612
2004,25,1. Never Married,1. White,1. < HS Grad,2. Middle Atlantic,1. Industrial,2. >=Very Good,1. Yes,4.47349,87.662162
2003,47,1. Never Married,3. Asian,3. Some College,2. Middle Atlantic,2. Information,2. >=Very Good,1. Yes,4.793568,120.731421
2003,51,2. Married,1. White,4. College Grad,2. Middle Atlantic,2. Information,2. >=Very Good,1. Yes,5.224955,185.852734
2008,49,2. Married,1. White,2. HS Grad,2. Middle Atlantic,2. Information,1. <=Good,1. Yes,5.321356,204.66117
2004,65,2. Married,1. White,3. Some College,2. Middle Atlantic,1. Industrial,2. >=Very Good,1. Yes,4.822775,124.309554
2006,56,2. Married,1. White,2. HS Grad,2. Middle Atlantic,1. Industrial,2. >=Very Good,1. Yes,5.334589,207.387493
2009,61,2. Married,2. Black,2. HS Grad,2. Middle Atlantic,1. Industrial,2. >=Very Good,1. Yes,5.116045,166.674784
2006,31,2. Married,1. White,4. College Grad,2. Middle Atlantic,2. Information,2. >=Very Good,2. No,5.195185,180.401473
2008,22,4. Divorced,1. White,4. College Grad,2. Middle Atlantic,2. Information,1. <=Good,1. Yes,5.061785,157.872082
2007,75,2. Married,3. Asian,1. < HS Grad,2. Middle Atlantic,2. Information,1. <=Good,1. Yes,4.177804,65.222437
2009,53,2. Married,1. White,5. Advanced Degree,2. Middle Atlantic,1. Industrial,2. >=Very Good,2. No,5.702354,299.571813
2005,50,2. Married,2. Black,3. Some College,2. Middle Atlantic,2. Information,2. >=Very Good,2. No,4.898366,134.070592
2004,54,2. Married,1. White,5. Advanced Degree,2. Middle Atlantic,2. Information,2. >=Very Good,1. Yes,5.567541,261.789539
2003,70,2. Married,1. White,5. Advanced Degree,2. Middle Atlantic,2. Information,2. >=Very Good,1. Yes,4.994368,147.579627
2008,23,2. Married,1. White,1. < HS Grad,2. Middle Atlantic,2. Information,2. >=Very Good,1. Yes,4.176845,65.15998
2004,21,1. Never Married,1. White,4. College Grad,2. Middle Atlantic,2. Information,1. <=Good,1. Yes,4.721311,112.315402
2009,77,2. Married,1. White,3. Some College,2. Middle Atlantic,1. Industrial,2. >=Very Good,2. No,5.295438,199.424884
2005,24,1. Never Married,1. White,2. HS Grad,2. Middle Atlantic,1. Industrial,2. >=Very Good,2. No,4.235534,69.098535
2003,50,2. Married,1. White,5. Advanced Degree,2. Middle Atlantic,1. Industrial,2. >=Very Good,2. No,5.540672,254.849076
2003,50,2. Married,1. White,1. < HS Grad,2. Middle Atlantic,1. Industrial,2. >=Very Good,1. Yes,4.627209,102.228352
2007,71,1. Never Married,1. White,4. College Grad,2. Middle Atlantic,1. Industrial,2. >=Very Good,1. Yes,5.013272,150.396021
2009,61,2. Married,1. White,3. Some College,2. Middle Atlantic,1. Industrial,2. >=Very Good,1. Yes,4.995344,147.723817
2008,22,1. Never Married,1. White,3. Some College,2. Middle Atlantic,1. Industrial,2. >=Very Good,1. Yes,4.49035,89.152607
2006,49,2. Married,1. White,4. College Grad,2. Middle Atlantic,2. Information,2. >=Very Good,2. No,5.483443,240.674006
2007,66,2. Married,2. Black,5. Advanced Degree,2. Middle Atlantic,2. Information,1. <=Good,1. Yes,5.377102,216.394248
2008,33,2. Married,3. Asian,4. College Grad,2. Middle Atlantic,1. Industrial,2. >=Very Good,1. Yes,5.287151,197.779115
2004,55,1. Never Married,1. White,2. HS Grad,2. Middle Atlantic,1. Industrial,2. >=Very Good,2. No,5.626863,277.789373
2005,35,2. Married,1. White,4. College Grad,2. Middle Atlantic,1. Industrial,1. <=Good,2. No,5.438961,230.202967
2008,64,1. Never Married,3. Asian,2. HS Grad,2. Middle Atlantic,1. Industrial,1. <=Good,1. Yes,5.217318,184.438852
2004,73,2. Married,4. Other,3. Some College,2. Middle Atlantic,1. Industrial,2. >=Very Good,2. No,4.686403,108.462339
2007,33,1. Never Married,1. White,4. College Grad,2. Middle Atlantic,1. Industrial,2. >=Very Good,1. Yes,4.786423,119.871826
2007,44,2. Married,1. White,4. College Grad,2. Middle Atlantic,1. Industrial,2. >=Very Good,1. Yes,5.337675,208.028515
2009,67,4. Divorced,2. Black,4. College Grad,2. Middle Atlantic,1. Industrial,1. <=Good,1. Yes,4.925204,137.717393
2006,71,3. Widowed,1. White,4. College Grad,2. Middle Atlantic,2. Information,1. <=Good,1. Yes,4.992556,147.312514
2003,63,2. Married,2. Black,4. College Grad,2. Middle Atlantic,1. Industrial,2. >=Very Good,1. Yes,5.560322,259.906598
2006,60,2. Married,1. White,4. College Grad,2. Middle Atlantic,2. Information,2. >=Very Good,1. Yes,5.251615,190.874212
2005,32,2. Married,1. White,5. Advanced Degree,2. Middle Atlantic,2. Information,1. <=Good,2. No,4.984654,146.152981
2004,61,1. Never Married,3. Asian,2. HS Grad,2. Middle Atlantic,1. Industrial,1. <=Good,1. Yes,5.216722,184.328996
2003,21,2. Married,1. White,5. Advanced Degree,2. Middle Atlantic,1. Industrial,2. >=Very Good,1. Yes,4.723961,112.613468
2004,48,2. Married,4. Other,3. Some College,2. Middle Atlantic,1. Industrial,2. >=Very Good,2. No,5.188268,179.157992
2006,66,1. Never Married,1. White,4. College Grad,2. Middle Atlantic,1. Industrial,2. >=Very Good,1. Yes,4.911718,135.872678
2009,61,1. Never Married,1. White,3. Some College,2. Middle Atlantic,1. Industrial,2. >=Very Good,2. No,5.001113,148.578412
2005,31,5. Separated,2. Black,2. HS Grad,2. Middle Atlantic,1. Industrial,2. >=Very Good,1. Yes,4.573655,96.897581
2007,50,5. Separated,1. White,1. < HS Grad,2. Middle Atlantic,1. Industrial,2. >=Very Good,1. Yes,4.842594,126.797848
2006,78,1. Never Married,1. White,4. College Grad,2. Middle Atlantic,1. Industrial,2. >=Very Good,2. No,4.698198,109.749222
2008,40,2. Married,3. Asian,1. < HS Grad,2. Middle Atlantic,1. Industrial,1. <=Good,2. No,4.864949,129.664276
2005,80,1. Never Married,3. Asian,4. College Grad,2. Middle Atlantic,1. Industrial,2. >=Very Good,2. No,4.999138,148.285247
2009,69,2. Married,3. Asian,2. HS Grad,2. Middle Atlantic,1. Industrial,2. >=Very Good,2. No,4.616222,101.111275
2004,30,2. Married,1. White,4. College Grad,2. Middle Atlantic,1. Industrial,1. <=Good,2. No,4.959756,142.558985
2004,26,2. Married,1. White,3. Some College,2. Middle Atlantic,2. Information,1. <=Good,1. Yes,5.132314,169.408597
2006,37,4. Divorced,1. White,4. College Grad,2. Middle Atlantic,2. Information,1. <=Good,1. Yes,5.366743,214.164202
2003,70,2. Married,1. White,2. HS Grad,2. Middle Atlantic,2. Information,2. >=Very Good,2. No,4.956664,142.11887
2008,56,2. Married,1. White,3. Some College,2. Middle Atlantic,2. Information,2. >=Very Good,1. Yes,5.53324,252.962231
2008,43,1. Never Married,2. Black,2. HS Grad,2. Middle Atlantic,1. Industrial,2. >=Very Good,1. Yes,4.793801,120.759454
2004,50,2. Married,1. White,2. HS Grad,2. Middle Atlantic,1. Industrial,2. >=Very Good,1. Yes,5.133956,169.687078
2008,28,4. Divorced,1. White,5. Advanced Degree,2. Middle Atlantic,2. Information,1. <=Good,2. No,5.153976,173.118493
2007,31,1. Never Married,1. White,2. HS Grad,2. Middle Atlantic,2. Information,2. >=Very Good,2. No,4.568886,96.43659
2004,61,1. Never Married,1. White,3. Some College,2. Middle Atlantic,2. Information,2. >=Very Good,1. Yes,4.787919,120.051268
2008,20,4. Divorced,1. White,4. College Grad,2. Middle Atlantic,1. Industrial,2. >=Very Good,1. Yes,4.548288,94.470494
2009,26,2. Married,1. White,3. Some College,2. Middle Atlantic,1. Industrial,2. >=Very Good,1. Yes,4.708841,110.923502
2009,34,3. Widowed,1. White,5. Advanced Degree,2. Middle Atlantic,1. Industrial,2. >=Very Good,1. Yes,5.094373,163.101491
2008,56,2. Married,1. White,1. < HS Grad,2. Middle Atlantic,1. Industrial,2. >=Very Good,1. Yes,4.349679,77.453584
2006,45,4. Divorced,1. White,3. Some College,2. Middle Atlantic,2. Information,2. >=Very Good,2. No,4.938178,139.515798
2009,23,2. Married,2. Black,3. Some College,2. Middle Atlantic,1. Industrial,2. >=Very Good,2. No,4.468414,87.218293
2008,48,2. Married,2. Black,2. HS Grad,2. Middle Atlantic,1. Industrial,2. >=Very Good,2. No,5.138361,170.436141
2003,70,2. Married,1. White,5. Advanced Degree,2. Middle Atlantic,1. Industrial,1. <=Good,1. Yes,5.775616,322.343083
2009,71,1. Never Married,1. White,3. Some College,2. Middle Atlantic,1. Industrial,2. >=Very Good,1. Yes,5.235662,187.853413
2003,75,2. Married,1. White,5. Advanced Degree,2. Middle Atlantic,2. Information,1. <=Good,1. Yes,5.086034,161.747027
2008,25,2. Married,1. White,4. College Grad,2. Middle Atlantic,1. Industrial,2. >=Very Good,1. Yes,5.330447,206.530174
2008,37,1. Never Married,2. Black,4. College Grad,2. Middle Atlantic,1. Industrial,2. >=Very Good,2. No,5.009201,149.785022
2009,51,1. Never Married,2. Black,3. Some College,2. Middle Atlantic,1. Industrial,2. >=Very Good,1. Yes,5.078491,160.531551
2009,31,2. Married,3. Asian,5. Advanced Degree,2. Middle Atlantic,1. Industrial,2. >=Very Good,1. Yes,5.245699,189.748333
2004,47,1. Never Married,1. White,4. College Grad,2. Middle Atlantic,2. Information,1. <=Good,2. No,5.156392,173.5372
2008,77,2. Married,1. White,5. Advanced Degree,2. Middle Atlantic,1. Industrial,2. >=Very Good,2. No,5.089391,162.290925
2008,26,2. Married,1. White,2. HS Grad,2. Middle Atlantic,1. Industrial,2. >=Very Good,2. No,4.295937,73.400966
2009,20,2. Married,1. White,2. HS Grad,2. Middle Atlantic,1. Industrial,2. >=Very Good,1. Yes,4.663775,106.035616
2004,71,4. Divorced,1. White,5. Advanced Degree,2. Middle Atlantic,1. Industrial,2. >=Very Good,2. No,5.46069,235.259694
2006,24,1. Never Married,2. Black,3. Some College,2. Middle Atlantic,2. Information,2. >=Very Good,1. Yes,4.611704,100.655525
2006,26,2. Married,1. White,3. Some College,2. Middle Atlantic,2. Information,2. >=Very Good,2. No,4.402254,81.634673
2007,69,3. Widowed,2. Black,5. Advanced Degree,2. Middle Atlantic,1. Industrial,2. >=Very Good,1. Yes,5.253349,191.205593
2006,57,2. Married,2. Black,3. Some College,2. Middle Atlantic,1. Industrial,1. <=Good,1. Yes,4.860084,129.035049
2004,47,2. Married,1. White,2. HS Grad,2. Middle Atlantic,2. Information,2. >=Very Good,2. No,4.773061,118.280794
2003,40,2. Married,1. White,5. Advanced Degree,2. Middle Atlantic,1. Industrial,2. >=Very Good,1. Yes,5.250608,190.682229
2009,65,1. Never Married,1. White,5. Advanced Degree,2. Middle Atlantic,1. Industrial,2. >=Very Good,1. Yes,5.166379,175.278965
2004,23,2. Married,1. White,2. HS Grad,2. Middle Atlantic,2. Information,1. <=Good,1. Yes,4.814405,123.273391
2005,58,2. Married,1. White,3. Some College,2. Middle Atlantic,1. Industrial,2. >=Very Good,1. Yes,5.54752,256.600415
2004,75,1. Never Married,1. White,5. Advanced Degree,2. Middle Atlantic,1. Industrial,1. <=Good,1. Yes,4.829309,125.124436
2005,36,2. Married,2. Black,2. HS Grad,2. Middle Atlantic,1. Industrial,2. >=Very Good,1. Yes,4.658349,105.461781
2007,64,2. Married,1. White,2. HS Grad,2. Middle Atlantic,2. Information,2. >=Very Good,1. Yes,4.968231,143.772271
2003,35,2. Married,1. White,3. Some College,2. Middle Atlantic,2. Information,1. <=Good,2. No,4.984002,146.057803
2005,32,2. Married,1. White,2. HS Grad,2. Middle Atlantic,2. Information,1. <=Good,1. Yes,4.566108,96.169132
2005,21,2. Married,1. White,3. Some College,2. Middle Atlantic,1. Industrial,2. >=Very Good,2. No,4.705746,110.580765
2008,23,2. Married,1. White,2. HS Grad,2. Middle Atlantic,2. Information,2. >=Very Good,2. No,4.535765,93.294813
2008,70,1. Never Married,1. White,4. College Grad,2. Middle Atlantic,2. Information,2. >=Very Good,1. Yes,4.99358,147.463366
2007,70,2. Married,1. White,3. Some College,2. Middle Atlantic,2. Information,1. <=Good,1. Yes,4.879602,131.578279
2007,24,2. Married,1. White,4. College Grad,2. Middle Atlantic,1. Industrial,2. >=Very Good,1. Yes,5.248644,190.30805
2009,68,2. Married,1. White,2. HS Grad,2. Middle Atlantic,2. Information,1. <=Good,1. Yes,4.820168,123.985946
2007,46,2. Married,1. White,3. Some College,2. Middle Atlantic,1. Industrial,2. >=Very Good,1. Yes,5.199098,181.108736
2006,44,2. Married,1. White,4. College Grad,2. Middle Atlantic,1. Industrial,1. <=Good,1. Yes,5.072652,159.59694
2008,40,2. Married,1. White,4. College Grad,2. Middle Atlantic,2. Information,2. >=Very Good,2. No,5.189335,179.349171
2009,79,2. Married,1. White,5. Advanced Degree,2. Middle Atlantic,2. Information,2. >=Very Good,1. Yes,5.179172,177.535753
2009,50,2. Married,1. White,2. HS Grad,2. Middle Atlantic,2. Information,2. >=Very Good,1. Yes,5.150339,172.489869
2005,21,1. Never Married,1. White,2. HS Grad,2. Middle Atlantic,2. Information,2. >=Very Good,1. Yes,4.122142,61.691219
2006,66,2. Married,1. White,2. HS Grad,2. Middle Atlantic,1. Industrial,1. <=Good,1. Yes,4.877909,131.355721
2006,46,2. Married,1. White,2. HS Grad,2. Middle Atlantic,1. Industrial,2. >=Very Good,1. Yes,4.810019,122.733961
2006,22,1. Never Married,1. White,2. HS Grad,2. Middle Atlantic,2. Information,1. <=Good,1. Yes,4.732103,113.534029
2007,68,4. Divorced,1. White,2. HS Grad,2. Middle Atlantic,1. Industrial,2. >=Very Good,1. Yes,5.040703,154.578634
2008,33,2. Married,1. White,2. HS Grad,2. Middle Atlantic,1. Industrial,2. >=Very Good,2. No,4.751333,115.738408
2006,76,1. Never Married,1. White,4. College Grad,2. Middle Atlantic,2. Information,2. >=Very Good,2. No,5.066494,158.617314
2007,75,1. Never Married,3. Asian,5. Advanced Degree,2. Middle Atlantic,2. Information,2. >=Very Good,2. No,4.860997,129.152862
2008,27,2. Married,1. White,2. HS Grad,2. Middle Atlantic,2. Information,1. <=Good,1. Yes,4.480755,88.301311
2003,24,2. Married,1. White,5. Advanced Degree,2. Middle Atlantic,2. Information,2. >=Very Good,1. Yes,5.098418,163.762654
2008,39,2. Married,3. Asian,4. College Grad,2. Middle Atlantic,1. Industrial,1. <=Good,2. No,5.301275,200.592399
2006,39,2. Married,2. Black,4. College Grad,2. Middle Atlantic,2. Information,2. >=Very Good,1. Yes,5.179936,177.671517
2004,36,4. Divorced,1. White,2. HS Grad,2. Middle Atlantic,2. Information,2. >=Very Good,1. Yes,4.784132,119.597534
2005,18,1. Never Married,1. White,3. Some College,2. Middle Atlantic,1. Industrial,1. <=Good,1. Yes,4.656475,105.264372
2006,26,1. Never Married,1. White,3. Some College,2. Middle Atlantic,1. Industrial,1. <=Good,1. Yes,4.957828,142.284476
2004,38,2. Married,1. White,2. HS Grad,2. Middle Atlantic,2. Information,1. <=Good,1. Yes,4.945055,140.478577
2004,58,2. Married,2. Black,2. HS Grad,2. Middle Atlantic,2. Information,2. >=Very Good,1. Yes,5.250808,190.720359
2004,55,2. Married,1. White,2. HS Grad,2. Middle Atlantic,1. Industrial,2. >=Very Good,1. Yes,5.073209,159.685926
2007,23,2. Married,2. Black,2. HS Grad,2. Middle Atlantic,1. Industrial,1. <=Good,1. Yes,4.787567,120.009042
2004,30,2. Married,1. White,2. HS Grad,2. Middle Atlantic,1. Industrial,1. <=Good,1. Yes,4.367457,78.842898
2004,48,2. Married,3. Asian,2. HS Grad,2. Middle Atlantic,1. Industrial,2. >=Very Good,2. No,4.721633,112.351525
2006,71,2. Married,1. White,1. < HS Grad,2. Middle Atlantic,1. Industrial,2. >=Very Good,1. Yes,4.456842,86.214789
2004,25,1. Never Married,4. Other,1. < HS Grad,2. Middle Atlantic,1. Industrial,2. >=Very Good,1. Yes,4.155818,63.804104
2007,24,1. Never Married,1. White,3. Some College,2. Middle Atlantic,2. Information,2. >=Very Good,1. Yes,5.087863,162.043185
2003,62,1. Never Married,1. White,2. HS Grad,2. Middle Atlantic,2. Information,1. <=Good,1. Yes,4.619058,101.398438
2005,74,1. Never Married,3. Asian,5. Advanced Degree,2. Middle Atlantic,1. Industrial,2. >=Very Good,1. Yes,4.983192,145.939408
2006,25,3. Widowed,2. Black,4. College Grad,2. Middle Atlantic,2. Information,2. >=Very Good,1. Yes,4.392315,80.827297
2005,68,3. Widowed,3. Asian,2. HS Grad,2. Middle Atlantic,1. Industrial,2. >=Very Good,2. No,4.813658,123.181395
2003,67,2. Married,1. White,2. HS Grad,2. Middle Atlantic,1. Industrial,1. <=Good,1. Yes,5.033694,153.498968
2005,49,2. Married,1. White,2. HS Grad,2. Middle Atlantic,2. Information,1. <=Good,1. Yes,5.201903,181.617619
2003,64,1. Never Married,1. White,3. Some College,2. Middle Atlantic,2. Information,1. <=Good,2. No,5.406416,222.831571
2007,20,2. Married,2. Black,3. Some College,2. Middle Atlantic,2. Information,1. <=Good,1. Yes,4.631196,102.636707
2008,21,2. Married,1. White,2. HS Grad,2. Middle Atlantic,1. Industrial,2. >=Very Good,2. No,4.565623,96.122452
2004,66,1. Never Married,2. Black,5. Advanced Degree,2. Middle Atlantic,1. Industrial,1. <=Good,2. No,5.199597,181.199118
2008,49,2. Married,1. White,4. College Grad,2. Middle Atlantic,2. Information,2. >=Very Good,1. Yes,5.221494,185.210612
2007,37,2. Married,1. White,1. < HS Grad,2. Middle Atlantic,2. Information,2. >=Very Good,1. Yes,4.17637,65.129033
2006,58,1. Never Married,1. White,2. HS Grad,2. Middle Atlantic,2. Information,2. >=Very Good,2. No,5.24052,188.768292
2003,40,1. Never Married,1. White,5. Advanced Degree,2. Middle Atlantic,2. Information,1. <=Good,1. Yes,5.437817,229.939739
2004,46,1. Never Married,1. White,4. College Grad,2. Middle Atlantic,1. Industrial,2. >=Very Good,2. No,5.422159,226.367291
2004,50,2. Married,1. White,4. College Grad,2. Middle Atlantic,1. Industrial,2. >=Very Good,1. Yes,5.124541,168.097003
2006,55,2. Married,1. White,1. < HS Grad,2. Middle Atlantic,2. Information,2. >=Very Good,1. Yes,4.435233,84.371773
2004,60,2. Married,1. White,3. Some College,2. Middle Atlantic,1. Industrial,2. >=Very Good,1. Yes,4.953227,141.631307
2007,72,1. Never Married,1. White,2. HS Grad,2. Middle Atlantic,2. Information,2. >=Very Good,1. Yes,4.601369,99.620625
2003,69,2. Married,1. White,5. Advanced Degree,2. Middle Atlantic,2. Information,2. >=Very Good,2. No,5.156716,173.593399
2008,64,2. Married,1. White,2. HS Grad,2. Middle Atlantic,1. Industrial,2. >=Very Good,2. No,4.848552,127.55552
2009,43,2. Married,1. White,2. HS Grad,2. Middle Atlantic,1. Industrial,2. >=Very Good,2. No,4.8152,123.371524
2008,51,2. Married,1. White,2. HS Grad,2. Middle Atlantic,2. Information,2. >=Very Good,2. No,5.347574,210.097997
2008,77,3. Widowed,1. White,2. HS Grad,2. Middle Atlantic,2. Information,2. >=Very Good,2. No,4.750175,115.60456
2008,73,2. Married,1. White,5. Advanced Degree,2. Middle Atlantic,2. Information,2. >=Very Good,1. Yes,5.271523,194.712304
2009,37,2. Married,4. Other,3. Some College,2. Middle Atlantic,1. Industrial,2. >=Very Good,1. Yes,5.109944,165.661037
2004,22,1. Never Married,1. White,4. College Grad,2. Middle Atlantic,1. Industrial,1. <=Good,1. Yes,4.703827,110.368722
2006,24,1. Never Married,3. Asian,3. Some College,2. Middle Atlantic,1. Industrial,1. <=Good,1. Yes,4.383632,80.128527
2003,23,1. Never Married,1. White,2. HS Grad,2. Middle Atlantic,2. Information,2. >=Very Good,2. No,4.77045,117.972317
2009,53,1. Never Married,3. Asian,2. HS Grad,2. Middle Atlantic,2. Information,1. <=Good,2. No,4.958738,142.413958
2006,57,1. Never Married,1. White,2. HS Grad,2. Middle Atlantic,2. Information,2. >=Very Good,1. Yes,4.618561,101.348069
2005,31,2. Married,1. White,3. Some College,2. Middle Atlantic,1. Industrial,2. >=Very Good,1. Yes,4.879304,131.539106
2003,57,1. Never Married,1. White,5. Advanced Degree,2. Middle Atlantic,2. Information,2. >=Very Good,1. Yes,5.004424,149.071249
2003,69,2. Married,1. White,2. HS Grad,2. Middle Atlantic,2. Information,2. >=Very Good,1. Yes,4.741999,114.663183
2006,51,1. Never Married,1. White,4. College Grad,2. Middle Atlantic,1. Industrial,1. <=Good,1. Yes,5.036695,153.960287
2004,67,4. Divorced,1. White,2. HS Grad,2. Middle Atlantic,1. Industrial,1. <=Good,1. Yes,4.460912,86.566415
2008,77,2. Married,1. White,4. College Grad,2. Middle Atlantic,1. Industrial,2. >=Very Good,2. No,5.136994,170.203391
2009,44,2. Married,4. Other,3. Some College,2. Middle Atlantic,2. Information,2. >=Very Good,1. Yes,5.099557,163.94919
2009,30,2. Married,1. White,3. Some College,2. Middle Atlantic,2. Information,2. >=Very Good,1. Yes,4.721271,112.31086
2008,53,4. Divorced,2. Black,2. HS Grad,2. Middle Atlantic,1. Industrial,2. >=Very Good,1. Yes,4.966186,143.478603
2004,23,5. Separated,1. White,3. Some College,2. Middle Atlantic,2. Information,2. >=Very Good,2. No,4.519047,91.748133
2009,68,1. Never Married,1. White,4. College Grad,2. Middle Atlantic,2. Information,2. >=Very Good,2. No,5.4428,231.088336
2005,49,2. Married,1. White,3. Some College,2. Middle Atlantic,2. Information,2. >=Very Good,2. No,5.192724,179.958069
2005,55,2. Married,4. Other,3. Some College,2. Middle Atlantic,1. Industrial,1. <=Good,1. Yes,5.035534,153.781719
2006,39,1. Never Married,1. White,1. < HS Grad,2. Middle Atlantic,1. Industrial,2. >=Very Good,1. Yes,4.38623,80.33695
2009,62,1. Never Married,4. Other,4. College Grad,2. Middle Atlantic,1. Industrial,1. <=Good,1. Yes,5.064426,158.289484
2007,48,2. Married,1. White,2. HS Grad,2. Middle Atlantic,2. Information,2. >=Very Good,1. Yes,5.163695,174.809141
2007,30,2. Married,1. White,3. Some College,2. Middle Atlantic,2. Information,2. >=Very Good,1. Yes,4.779798,119.080325
2003,31,2. Married,1. White,3. Some College,2. Middle Atlantic,1. Industrial,2. >=Very Good,1. Yes,4.759433,116.679789
2006,32,2. Married,1. White,5. Advanced Degree,2. Middle Atlantic,1. Industrial,2. >=Very Good,2. No,5.156471,173.550971
2009,67,2. Married,1. White,4. College Grad,2. Middle Atlantic,1. Industrial,2. >=Very Good,1. Yes,5.352541,211.144159
2003,56,1. Never Married,1. White,3. Some College,2. Middle Atlantic,2. Information,1. <=Good,1. Yes,5.317649,203.904031
2006,45,2. Married,1. White,3. Some College,2. Middle Atlantic,1. Industrial,2. >=Very Good,2. No,4.867872,130.043897
2009,65,1. Never Married,1. White,3. Some College,2. Middle Atlantic,1. Industrial,2. >=Very Good,2. No,5.359098,212.533113
2007,80,5. Separated,3. Asian,4. College Grad,2. Middle Atlantic,2. Information,2. >=Very Good,1. Yes,5.075795,160.09934
2004,63,4. Divorced,3. Asian,3. Some College,2. Middle Atlantic,2. Information,2. >=Very Good,1. Yes,5.264536,193.356585
2006,43,1. Never Married,1. White,2. HS Grad,2. Middle Atlantic,1. Industrial,2. >=Very Good,1. Yes,4.978398,145.241483
2006,79,2. Married,3. Asian,4. College Grad,2. Middle Atlantic,2. Information,2. >=Very Good,1. Yes,4.845427,127.157595
2003,66,1. Never Married,1. White,3. Some College,2. Middle Atlantic,2. Information,2. >=Very Good,2. No,5.093909,163.025958
2005,40,1. Never Married,1. White,1. < HS Grad,2. Middle Atlantic,2. Information,2. >=Very Good,1. Yes,5.224157,185.704509
2004,66,2. Married,1. White,4. College Grad,2. Middle Atlantic,2. Information,2. >=Very Good,1. Yes,4.917405,136.647617
2006,79,2. Married,1. White,3. Some College,2. Middle Atlantic,2. Information,2. >=Very Good,1. Yes,4.712883,111.372732
2003,64,2. Married,1. White,2. HS Grad,2. Middle Atlantic,1. Industrial,2. >=Very Good,1. Yes,5.082343,161.151145
2003,59,1. Never Married,1. White,4. College Grad,2. Middle Atlantic,2. Information,2. >=Very Good,2. No,4.916483,136.521597
2009,72,2. Married,1. White,5. Advanced Degree,2. Middle Atlantic,2. Information,2. >=Very Good,1. Yes,4.955362,141.933954
2006,65,2. Married,1. White,3. Some College,2. Middle Atlantic,1. Industrial,2. >=Very Good,1. Yes,5.091491,162.632137
2003,71,2. Married,1. White,2. HS Grad,2. Middle Atlantic,2. Information,2. >=Very Good,2. No,4.549842,94.617472
2005,76,2. Married,3. Asian,3. Some College,2. Middle Atlantic,1. Industrial,1. <=Good,2. No,4.844228,127.005143
2005,76,2. Married,1. White,4. College Grad,2. Middle Atlantic,1. Industrial,2. >=Very Good,1. Yes,5.158334,173.874466
2006,59,2. Married,1. White,5. Advanced Degree,2. Middle Atlantic,2. Information,1. <=Good,1. Yes,5.178524,177.420826
2007,51,2. Married,3. Asian,2. HS Grad,2. Middle Atlantic,2. Information,2. >=Very Good,2. No,5.263909,193.235398
2009,35,2. Married,1. White,5. Advanced Degree,2. Middle Atlantic,2. Information,2. >=Very Good,1. Yes,4.874003,130.843653
2009,49,4. Divorced,1. White,3. Some College,2. Middle Atlantic,1. Industrial,1. <=Good,1. Yes,5.246563,189.912326
2008,59,4. Divorced,1. White,3. Some College,2. Middle Atlantic,1. Industrial,2. >=Very Good,2. No,4.910426,135.697191
2005,44,2. Married,1. White,5. Advanced Degree,2. Middle Atlantic,1. Industrial,2. >=Very Good,2. No,5.182108,178.057736
2007,53,1. Never Married,1. White,5. Advanced Degree,2. Middle Atlantic,1. Industrial,2. >=Very Good,1. Yes,5.097388,163.594088
2003,19,2. Married,1. White,4. College Grad,2. Middle Atlantic,2. Information,2. >=Very Good,1. Yes,4.610808,100.565358
2006,69,2. Married,2. Black,1. < HS Grad,2. Middle Atlantic,1. Industrial,2. >=Very Good,1. Yes,4.340101,76.715263
2008,21,2. Married,2. Black,2. HS Grad,2. Middle Atlantic,1. Industrial,1. <=Good,1. Yes,4.683964,108.19814
2008,43,1. Never Married,1. White,2. HS Grad,2. Middle Atlantic,2. Information,2. >=Very Good,2. No,4.638778,103.417873
2004,28,3. Widowed,1. White,2. HS Grad,2. Middle Atlantic,1. Industrial,2. >=Very Good,1. Yes,4.841301,126.634027
2009,20,1. Never Married,1. White,5. Advanced Degree,2. Middle Atlantic,2. Information,2. >=Very Good,1. Yes,4.961467,142.803154
2003,75,2. Married,1. White,2. HS Grad,2. Middle Atlantic,1. Industrial,2. >=Very Good,1. Yes,4.723629,112.576081
2006,31,5. Separated,1. White,3. Some College,2. Middle Atlantic,1. Industrial,1. <=Good,1. Yes,4.346411,77.200871
2005,34,2. Married,2. Black,3. Some College,2. Middle Atlantic,2. Information,2. >=Very Good,1. Yes,4.717504,111.888661
2009,58,2. Married,1. White,3. Some College,2. Middle Atlantic,1. Industrial,1. <=Good,1. Yes,4.959289,142.492438
2008,22,2. Married,1. White,3. Some College,2. Middle Atlantic,1. Industrial,2. >=Very Good,1. Yes,4.494885,89.557893
2004,43,1. Never Married,1. White,2. HS Grad,2. Middle Atlantic,2. Information,2. >=Very Good,2. No,5.307406,201.825948
2009,24,2. Married,4. Other,3. Some College,2. Middle Atlantic,1. Industrial,2. >=Very Good,2. No,4.335985,76.400181
2006,77,2. Married,1. White,2. HS Grad,2. Middle Atlantic,2. Information,2. >=Very Good,1. Yes,4.951284,141.35642
2004,62,2. Married,1. White,4. College Grad,2. Middle Atlantic,1. Industrial,1. <=Good,1. Yes,5.30965,202.279499
2004,72,2. Married,2. Black,2. HS Grad,2. Middle Atlantic,2. Information,2. >=Very Good,1. Yes,5.0843,161.466906
2007,62,2. Married,1. White,5. Advanced Degree,2. Middle Atlantic,2. Information,2. >=Very Good,2. No,5.207716,182.676377
2005,58,2. Married,1. White,3. Some College,2. Middle Atlantic,2. Information,2. >=Very Good,1. Yes,4.957834,142.28534
2006,72,5. Separated,4. Other,3. Some College,2. Middle Atlantic,2. Information,2. >=Very Good,1. Yes,4.907131,135.250808
2007,49,2. Married,1. White,4. College Grad,2. Middle Atlantic,2. Information,2. >=Very Good,1. Yes,5.000914,148.548799
2009,72,1. Never Married,1. White,3. Some College,2. Middle Atlantic,2. Information,2. >=Very Good,1. Yes,4.827161,124.855948
2003,63,2. Married,1. White,3. Some College,2. Middle Atlantic,1. Industrial,2. >=Very Good,1. Yes,4.98118,145.646105
2005,61,1. Never Married,2. Black,2. HS Grad,2. Middle Atlantic,2. Information,2. >=Very Good,2. No,4.568901,96.438103
2003,21,2. Married,2. Black,5. Advanced Degree,2. Middle Atlantic,2. Information,2. >=Very Good,2. No,4.803741,121.965878
2006,67,5. Separated,1. White,5. Advanced Degree,2. Middle Atlantic,2. Information,2. >=Very Good,2. No,5.025696,152.276258
2009,58,1. Never Married,1. White,2. HS Grad,2. Middle Atlantic,2. Information,2. >=Very Good,2. No,5.136373,170.097631
2004,33,1. Never Married,1. White,5. Advanced Degree,2. Middle Atlantic,2. Information,1. <=Good,1. Yes,5.281223,196.610106
2005,67,2. Married,1. White,2. HS Grad,2. Middle Atlantic,1. Industrial,2. >=Very Good,1. Yes,4.93851,139.562107
2008,56,2. Married,3. Asian,4. College Grad,2. Middle Atlantic,2. Information,1. <=Good,2. No,4.909425,135.561489
2009,69,2. Married,1. White,5. Advanced Degree,2. Middle Atlantic,1. Industrial,1. <=Good,1. Yes,5.590982,267.998688
2008,63,2. Married,1. White,1. < HS Grad,2. Middle Atlantic,1. Industrial,2. >=Very Good,1. Yes,4.66604,106.276016
2009,36,1. Never Married,1. White,3. Some College,2. Middle Atlantic,2. Information,1. <=Good,1. Yes,5.140926,170.87394
2004,26,1. Never Married,1. White,2. HS Grad,2. Middle Atlantic,2. Information,1. <=Good,2. No,4.381289,79.940976
2008,32,1. Never Married,1. White,2. HS Grad,2. Middle Atlantic,2. Information,1. <=Good,1. Yes,4.752559,115.880391
2006,77,2. Married,3. Asian,5. Advanced Degree,2. Middle Atlantic,2. Information,2. >=Very Good,1. Yes,5.036659,153.954787
2008,40,2. Married,1. White,4. College Grad,2. Middle Atlantic,2. Information,1. <=Good,1. Yes,5.068781,158.980378
2004,65,2. Married,1. White,2. HS Grad,2. Middle Atlantic,1. Industrial,1. <=Good,1. Yes,4.712566,111.337519
2007,22,1. Never Married,2. Black,2. HS Grad,2. Middle Atlantic,2. Information,2. >=Very Good,1. Yes,4.599652,99.449734
2008,60,2. Married,1. White,1. < HS Grad,2. Middle Atlantic,1. Industrial,2. >=Very Good,1. Yes,4.746036,115.127052
2006,73,2. Married,1. White,1. < HS Grad,2. Middle Atlantic,2. Information,2. >=Very Good,1. Yes,4.438278,84.629119
2008,29,2. Married,1. White,2. HS Grad,2. Middle Atlantic,1. Industrial,1. <=Good,2. No,4.334769,76.307327
2008,60,2. Married,2. Black,2. HS Grad,2. Middle Atlantic,2. Information,1. <=Good,1. Yes,5.026698,152.428837
2009,50,2. Married,1. White,3. Some College,2. Middle Atlantic,1. Industrial,2. >=Very Good,2. No,4.942151,140.071149
2007,48,2. Married,2. Black,1. < HS Grad,2. Middle Atlantic,1. Industrial,1. <=Good,1. Yes,5.1579,173.799163
2007,59,1. Never Married,1. White,4. College Grad,2. Middle Atlantic,1. Industrial,2. >=Very Good,2. No,5.063715,158.177053
2007,42,2. Married,1. White,2. HS Grad,2. Middle Atlantic,1. Industrial,2. >=Very Good,2. No,4.954312,141.785036
2007,67,2. Married,1. White,5. Advanced Degree,2. Middle Atlantic,2. Information,2. >=Very Good,1. Yes,5.819752,336.888538
2007,66,4. Divorced,3. Asian,3. Some College,2. Middle Atlantic,1. Industrial,1. <=Good,1. Yes,4.995345,147.723945
2008,29,2. Married,1. White,4. College Grad,2. Middle Atlantic,1. Industrial,2. >=Very Good,1. Yes,4.914973,136.315659
2007,24,2. Married,1. White,1. < HS Grad,2. Middle Atlantic,2. Information,1. <=Good,1. Yes,4.416299,82.789317
2007,53,2. Married,1. White,3. Some College,2. Middle Atlantic,1. Industrial,2. >=Very Good,1. Yes,5.072841,159.627195
2008,18,1. Never Married,1. White,2. HS Grad,2. Middle Atlantic,2. Information,2. >=Very Good,1. Yes,4.411833,82.420372
2003,36,2. Married,1. White,5. Advanced Degree,2. Middle Atlantic,2. Information,2. >=Very Good,1. Yes,4.928973,138.237406
2008,51,5. Separated,1. White,2. HS Grad,2. Middle Atlantic,2. Information,2. >=Very Good,1. Yes,5.013811,150.477078
2009,73,2. Married,1. White,5. Advanced Degree,2. Middle Atlantic,1. Industrial,2. >=Very Good,2. No,5.285963,197.544387
2008,67,1. Never Married,1. White,2. HS Grad,2. Middle Atlantic,2. Information,2. >=Very Good,2. No,5.09399,163.03903
2008,65,1. Never Married,2. Black,3. Some College,2. Middle Atlantic,1. Industrial,2. >=Very Good,1. Yes,5.533374,252.996188
2009,57,2. Married,1. White,1. < HS Grad,2. Middle Atlantic,2. Information,2. >=Very Good,1. Yes,5.062029,157.910561
2009,51,2. Married,1. White,4. College Grad,2. Middle Atlantic,2. Information,2. >=Very Good,1. Yes,5.403005,222.072681
2007,54,1. Never Married,1. White,1. < HS Grad,2. Middle Atlantic,1. Industrial,2. >=Very Good,1. Yes,4.758269,116.544028
2009,70,2. Married,1. White,5. Advanced Degree,2. Middle Atlantic,1. Industrial,2. >=Very Good,1. Yes,5.11198,165.99872
2005,51,2. Married,3. Asian,5. Advanced Degree,2. Middle Atlantic,1. Industrial,2. >=Very Good,2. No,5.243517,189.334739
2007,51,2. Married,4. Other,2. HS Grad,2. Middle Atlantic,2. Information,2. >=Very Good,2. No,5.052471,156.408485
2008,29,2. Married,1. White,2. HS Grad,2. Middle Atlantic,1. Industrial,2. >=Very Good,1. Yes,4.509439,90.870846
2008,39,1. Never Married,1. White,4. College Grad,2. Middle Atlantic,1. Industrial,2. >=Very Good,2. No,5.411844,224.044408
2007,32,2. Married,1. White,3. Some College,2. Middle Atlantic,2. Information,1. <=Good,1. Yes,4.672958,107.013839
2006,32,2. Married,1. White,2. HS Grad,2. Middle Atlantic,2. Information,1. <=Good,2. No,4.147967,63.30515
2009,65,1. Never Married,1. White,3. Some College,2. Middle Atlantic,2. Information,1. <=Good,1. Yes,4.965831,143.42767
2005,79,2. Married,1. White,1. < HS Grad,2. Middle Atlantic,1. Industrial,1. <=Good,1. Yes,4.207148,67.164692
2007,24,2. Married,1. White,4. College Grad,2. Middle Atlantic,1. Industrial,2. >=Very Good,2. No,4.871941,130.574137
2003,73,2. Married,1. White,1. < HS Grad,2. Middle Atlantic,1. Industrial,2. >=Very Good,1. Yes,4.614744,100.962006
2005,73,5. Separated,1. White,5. Advanced Degree,2. Middle Atlantic,1. Industrial,2. >=Very Good,1. Yes,5.236991,188.103244
2009,32,1. Never Married,1. White,3. Some College,2. Middle Atlantic,1. Industrial,2. >=Very Good,1. Yes,4.446188,85.301186
2003,59,2. Married,1. White,2. HS Grad,2. Middle Atlantic,2. Information,1. <=Good,2. No,4.844298,127.01404
2006,48,1. Never Married,2. Black,3. Some College,2. Middle Atlantic,1. Industrial,2. >=Very Good,1. Yes,5.107043,165.181196
2008,62,2. Married,1. White,4. College Grad,2. Middle Atlantic,1. Industrial,2. >=Very Good,2. No,5.106395,165.074225
2004,53,2. Married,1. White,5. Advanced Degree,2. Middle Atlantic,2. Information,2. >=Very Good,1. Yes,5.037122,154.026162
2006,51,1. Never Married,2. Black,2. HS Grad,2. Middle Atlantic,1. Industrial,1. <=Good,1. Yes,5.126267,168.387346
2004,30,2. Married,1. White,5. Advanced Degree,2. Middle Atlantic,2. Information,2. >=Very Good,1. Yes,5.214675,183.951999
2007,59,2. Married,1. White,4. College Grad,2. Middle Atlantic,1. Industrial,1. <=Good,1. Yes,5.059132,157.453809
2009,25,1. Never Married,1. White,2. HS Grad,2. Middle Atlantic,2. Information,1. <=Good,2. No,4.657569,105.379584
2003,43,2. Married,2. Black,4. College Grad,2. Middle Atlantic,1. Industrial,1. <=Good,1. Yes,5.63509,280.084033
2009,43,2. Married,1. White,1. < HS Grad,2. Middle Atlantic,1. Industrial,1. <=Good,2. No,5.056441,157.030714
2004,70,1. Never Married,1. White,2. HS Grad,2. Middle Atlantic,1. Industrial,1. <=Good,1. Yes,4.840328,126.510808
2008,21,2. Married,1. White,2. HS Grad,2. Middle Atlantic,2. Information,2. >=Very Good,1. Yes,5.080377,160.834693
2007,18,1. Never Married,1. White,4. College Grad,2. Middle Atlantic,1. Industrial,1. <=Good,2. No,4.649818,104.565967
2008,24,2. Married,1. White,1. < HS Grad,2. Middle Atlantic,1. Industrial,2. >=Very Good,2. No,4.351687,77.609278
2007,63,4. Divorced,1. White,3. Some College,2. Middle Atlantic,1. Industrial,2. >=Very Good,1. Yes,4.86754,130.000668
2006,39,4. Divorced,3. Asian,1. < HS Grad,2. Middle Atlantic,1. Industrial,1. <=Good,1. Yes,4.448694,85.515189
2009,32,1. Never Married,1. White,5. Advanced Degree,2. Middle Atlantic,1. Industrial,2. >=Very Good,1. Yes,5.026228,152.357289
2003,44,4. Divorced,3. Asian,5. Advanced Degree,2. Middle Atlantic,2. Information,2. >=Very Good,1. Yes,5.619673,275.799233
2009,27,1. Never Married,3. Asian,2. HS Grad,2. Middle Atlantic,2. Information,2. >=Very Good,1. Yes,4.590598,98.553329
2006,55,5. Separated,1. White,3. Some College,2. Middle Atlantic,2. Information,2. >=Very Good,2. No,4.947152,140.773498
2008,59,2. Married,3. Asian,4. College Grad,2. Middle Atlantic,2. Information,2. >=Very Good,2. No,4.999366,148.319143
2006,43,2. Married,1. White,5. Advanced Degree,2. Middle Atlantic,2. Information,1. <=Good,1. Yes,5.348963,210.389945
2003,37,4. Divorced,1. White,3. Some College,2. Middle Atlantic,2. Information,2. >=Very Good,1. Yes,4.94261,140.135478
2004,18,2. Married,4. Other,1. < HS Grad,2. Middle Atlantic,1. Industrial,2. >=Very Good,1. Yes,4.223017,68.239018
2008,63,2. Married,3. Asian,4. College Grad,2. Middle Atlantic,1. Industrial,2. >=Very Good,1. Yes,5.580651,265.244128
2009,51,4. Divorced,1. White,2. HS Grad,2. Middle Atlantic,2. Information,2. >=Very Good,2. No,5.353904,211.432033
2006,20,2. Married,1. White,2. HS Grad,2. Middle Atlantic,1. Industrial,2. >=Very Good,1. Yes,4.337694,76.530837
2007,76,2. Married,2. Black,3. Some College,2. Middle Atlantic,2. Information,2. >=Very Good,1. Yes,4.714233,111.523186
2004,19,2. Married,1. White,4. College Grad,2. Middle Atlantic,2. Information,2. >=Very Good,1. Yes,4.799658,121.468824
2008,18,2. Married,1. White,4. College Grad,2. Middle Atlantic,1. Industrial,1. <=Good,2. No,4.963106,143.037352
2004,64,1. Never Married,1. White,5. Advanced Degree,2. Middle Atlantic,1. Industrial,2. >=Very Good,1. Yes,5.492915,242.964418
2007,65,4. Divorced,3. Asian,4. College Grad,2. Middle Atlantic,2. Information,2. >=Very Good,1. Yes,5.029814,152.904644
2007,73,2. Married,1. White,2. HS Grad,2. Middle Atlantic,2. Information,2. >=Very Good,2. No,4.568087,96.359556
2003,50,2. Married,3. Asian,5. Advanced Degree,2. Middle Atlantic,1. Industrial,1. <=Good,1. Yes,5.548798,256.928436
2006,25,4. Divorced,3. Asian,1. < HS Grad,2. Middle Atlantic,1. Industrial,1. <=Good,1. Yes,4.388252,80.499598
2005,20,1. Never Married,1. White,5. Advanced Degree,2. Middle Atlantic,2. Information,2. >=Very Good,1. Yes,4.845975,127.227257
2007,40,2. Married,1. White,3. Some College,2. Middle Atlantic,2. Information,2. >=Very Good,1. Yes,4.753603,116.001465
2007,20,3. Widowed,1. White,3. Some College,2. Middle Atlantic,2. Information,1. <=Good,2. No,4.535167,93.23906
2008,68,2. Married,1. White,4. College Grad,2. Middle Atlantic,2. Information,2. >=Very Good,1. Yes,5.325018,205.412098
2009,37,2. Married,1. White,3. Some College,2. Middle Atlantic,2. Information,2. >=Very Good,1. Yes,5.121978,167.666695
2004,20,2. Married,2. Black,3. Some College,2. Middle Atlantic,2. Information,2. >=Very Good,2. No,4.651539,104.746056
2008,64,4. Divorced,1. White,2. HS Grad,2. Middle Atlantic,1. Industrial,2. >=Very Good,1. Yes,4.747956,115.348317
2004,40,2. Married,4. Other,3. Some College,2. Middle Atlantic,2. Information,1. <=Good,1. Yes,4.392201,80.818066
2005,65,1. Never Married,1. White,4. College Grad,2. Middle Atlantic,1. Industrial,2. >=Very Good,1. Yes,5.21512,184.033865
2008,41,1. Never Married,2. Black,4. College Grad,2. Middle Atlantic,2. Information,2. >=Very Good,1. Yes,4.865961,129.795622
2008,27,2. Married,1. White,1. < HS Grad,2. Middle Atlantic,2. Information,1. <=Good,1. Yes,4.613037,100.789734
2003,35,2. Married,2. Black,2. HS Grad,2. Middle Atlantic,1. Industrial,2. >=Very Good,1. Yes,4.706665,110.682404
2009,74,2. Married,1. White,4. College Grad,2. Middle Atlantic,2. Information,2. >=Very Good,1. Yes,4.78603,119.824724
2008,40,5. Separated,1. White,4. College Grad,2. Middle Atlantic,1. Industrial,2. >=Very Good,1. Yes,5.02141,151.624948
2007,77,2. Married,1. White,3. Some College,2. Middle Atlantic,2. Information,2. >=Very Good,1. Yes,5.088418,162.133098
2006,64,1. Never Married,1. White,3. Some College,2. Middle Atlantic,1. Industrial,2. >=Very Good,2. No,5.124418,168.076372
2008,22,1. Never Married,1. White,4. College Grad,2. Middle Atlantic,2. Information,2. >=Very Good,2. No,4.833751,125.681454
2005,41,2. Married,1. White,4. College Grad,2. Middle Atlantic,1. Industrial,2. >=Very Good,2. No,4.969503,143.955376
2005,58,5. Separated,1. White,3. Some College,2. Middle Atlantic,1. Industrial,1. <=Good,1. Yes,5.167421,175.461765
2004,54,1. Never Married,1. White,3. Some College,2. Middle Atlantic,2. Information,2. >=Very Good,1. Yes,5.29692,199.720629
2004,45,4. Divorced,1. White,2. HS Grad,2. Middle Atlantic,2. Information,2. >=Very Good,1. Yes,4.836978,126.08777
2009,55,3. Widowed,1. White,4. College Grad,2. Middle Atlantic,1. Industrial,1. <=Good,1. Yes,5.447777,232.241336
2004,18,1. Never Married,2. Black,3. Some College,2. Middle Atlantic,1. Industrial,2. >=Very Good,1. Yes,4.418641,82.983414
2007,64,2. Married,2. Black,5. Advanced Degree,2. Middle Atlantic,1. Industrial,2. >=Very Good,1. Yes,5.22841,186.49595
2006,76,1. Never Married,1. White,2. HS Grad,2. Middle Atlantic,2. Information,2. >=Very Good,1. Yes,4.925561,137.76654
2005,24,5. Separated,1. White,3. Some College,2. Middle Atlantic,1. Industrial,2. >=Very Good,1. Yes,4.518853,91.730365
2007,58,4. Divorced,1. White,4. College Grad,2. Middle Atlantic,2. Information,2. >=Very Good,1. Yes,5.65554,285.870706
2008,67,5. Separated,1. White,4. College Grad,2. Middle Atlantic,2. Information,2. >=Very Good,1. Yes,5.034538,153.628671
2004,64,1. Never Married,1. White,2. HS Grad,2. Middle Atlantic,1. Industrial,2. >=Very Good,2. No,5.114425,166.405008
2008,28,2. Married,2. Black,2. HS Grad,2. Middle Atlantic,1. Industrial,1. <=Good,1. Yes,4.711913,111.264817
2004,59,4. Divorced,1. White,3. Some College,2. Middle Atlantic,2. Information,2. >=Very Good,1. Yes,5.090758,162.512993
2004,46,2. Married,1. White,4. College Grad,2. Middle Atlantic,2. Information,2. >=Very Good,1. Yes,5.26173,192.814771
2008,42,2. Married,1. White,2. HS Grad,2. Middle Atlantic,2. Information,2. >=Very Good,1. Yes,4.624103,101.911285
2006,46,1. Never Married,3. Asian,2. HS Grad,2. Middle Atlantic,2. Information,1. <=Good,2. No,5.169669,175.856608
2004,22,2. Married,1. White,4. College Grad,2. Middle Atlantic,2. Information,2. >=Very Good,1. Yes,4.848356,127.530591
2005,30,2. Married,1. White,3. Some College,2. Middle Atlantic,2. Information,2. >=Very Good,2. No,4.778014,118.868043
2005,30,2. Married,4. Other,3. Some College,2. Middle Atlantic,2. Information,1. <=Good,1. Yes,5.007995,149.604551
2008,45,1. Never Married,2. Black,3. Some College,2. Middle Atlantic,1. Industrial,1. <=Good,1. Yes,4.932097,138.670026
2007,56,2. Married,1. White,3. Some College,2. Middle Atlantic,2. Information,2. >=Very Good,1. Yes,5.030937,153.076404
2009,63,2. Married,1. White,3. Some College,2. Middle Atlantic,1. Industrial,2. >=Very Good,1. Yes,5.24635,189.872003
2004,61,2. Married,1. White,2. HS Grad,2. Middle Atlantic,2. Information,1. <=Good,1. Yes,4.849702,127.702324
2004,35,2. Married,2. Black,2. HS Grad,2. Middle Atlantic,2. Information,1. <=Good,1. Yes,4.540099,93.700068
2007,52,1. Never Married,1. White,2. HS Grad,2. Middle Atlantic,2. Information,2. >=Very Good,1. Yes,5.225276,185.912433
2006,74,2. Married,1. White,2. HS Grad,2. Middle Atlantic,1. Industrial,1. <=Good,1. Yes,4.613332,100.819561
2008,53,2. Married,3. Asian,3. Some College,2. Middle Atlantic,1. Industrial,1. <=Good,1. Yes,4.812609,123.052188
2003,21,2. Married,1. White,2. HS Grad,2. Middle Atlantic,2. Information,2. >=Very Good,2. No,4.268654,71.425461
2008,50,1. Never Married,1. White,4. College Grad,2. Middle Atlantic,2. Information,1. <=Good,1. Yes,5.201714,181.58324
2003,74,1. Never Married,3. Asian,3. Some College,2. Middle Atlantic,2. Information,2. >=Very Good,1. Yes,4.642847,103.839567
2005,43,4. Divorced,1. White,4. College Grad,2. Middle Atlantic,1. Industrial,2. >=Very Good,2. No,5.000884,148.544434
2009,33,2. Married,3. Asian,4. College Grad,2. Middle Atlantic,1. Industrial,2. >=Very Good,1. Yes,4.640437,103.589596
2003,36,2. Married,1. White,5. Advanced Degree,2. Middle Atlantic,2. Information,2. >=Very Good,1. Yes,4.687349,108.565045
2007,41,2. Married,1. White,2. HS Grad,2. Middle Atlantic,1. Industrial,2. >=Very Good,2. No,4.858659,128.851263
2009,78,1. Never Married,1. White,1. < HS Grad,2. Middle Atlantic,2. Information,2. >=Very Good,1. Yes,4.603345,99.817658
2009,42,2. Married,1. White,3. Some College,2. Middle Atlantic,1. Industrial,1. <=Good,1. Yes,5.182275,178.087489
2004,36,2. Married,1. White,3. Some College,2. Middle Atlantic,2. Information,2. >=Very Good,1. Yes,5.024891,152.153667
2006,68,1. Never Married,1. White,4. College Grad,2. Middle Atlantic,2. Information,2. >=Very Good,2. No,5.789155,326.736719
2007,46,1. Never Married,4. Other,2. HS Grad,2. Middle Atlantic,1. Industrial,2. >=Very Good,2. No,4.965735,143.413915
2007,79,4. Divorced,1. White,2. HS Grad,2. Middle Atlantic,2. Information,1. <=Good,1. Yes,5.070677,159.282046
2009,49,2. Married,1. White,3. Some College,2. Middle Atlantic,2. Information,2. >=Very Good,1. Yes,4.633646,102.888513
2009,79,2. Married,1. White,5. Advanced Degree,2. Middle Atlantic,2. Information,2. >=Very Good,1. Yes,5.27727,195.834613
2005,72,1. Never Married,1. White,3. Some College,2. Middle Atlantic,1. Industrial,2. >=Very Good,1. Yes,4.909566,135.580588
2009,78,2. Married,1. White,2. HS Grad,2. Middle Atlantic,2. Information,2. >=Very Good,2. No,4.826671,124.794835
2007,36,2. Married,3. Asian,4. College Grad,2. Middle Atlantic,2. Information,1. <=Good,1. Yes,5.000857,148.540393
2008,25,1. Never Married,1. White,5. Advanced Degree,2. Middle Atlantic,1. Industrial,1. <=Good,1. Yes,4.935944,139.204533
2003,69,2. Married,1. White,4. College Grad,2. Middle Atlantic,2. Information,2. >=Very Good,1. Yes,5.203346,181.879734
2007,69,2. Married,2. Black,3. Some College,2. Middle Atlantic,1. Industrial,2. >=Very Good,1. Yes,4.805584,122.190881
2009,28,2. Married,1. White,2. HS Grad,2. Middle Atlantic,1. Industrial,2. >=Very Good,1. Yes,4.880942,131.754777
2005,73,2. Married,2. Black,3. Some College,2. Middle Atlantic,1. Industrial,2. >=Very Good,1. Yes,4.982786,145.880262
2009,23,1. Never Married,1. White,2. HS Grad,2. Middle Atlantic,1. Industrial,2. >=Very Good,1. Yes,4.276974,72.022189
2009,28,1. Never Married,4. Other,2. HS Grad,2. Middle Atlantic,1. Industrial,1. <=Good,1. Yes,4.503141,90.30032
2007,74,2. Married,2. Black,4. College Grad,2. Middle Atlantic,1. Industrial,2. >=Very Good,2. No,4.688379,108.676876
2005,37,4. Divorced,2. Black,5. Advanced Degree,2. Middle Atlantic,2. Information,2. >=Very Good,1. Yes,4.95496,141.87697
2003,37,3. Widowed,1. White,2. HS Grad,2. Middle Atlantic,2. Information,2. >=Very Good,2. No,4.502858,90.274784
2005,63,4. Divorced,1. White,4. College Grad,2. Middle Atlantic,1. Industrial,1. <=Good,1. Yes,4.856703,128.599496
2007,46,1. Never Married,4. Other,1. < HS Grad,2. Middle Atlantic,2. Information,2. >=Very Good,1. Yes,4.826944,124.828855
2006,25,1. Never Married,2. Black,1. < HS Grad,2. Middle Atlantic,1. Industrial,2. >=Very Good,1. Yes,4.599427,99.427368
2005,36,1. Never Married,1. White,2. HS Grad,2. Middle Atlantic,2. Information,2. >=Very Good,1. Yes,4.929396,138.296009
2006,66,2. Married,1. White,4. College Grad,2. Middle Atlantic,1. Industrial,1. <=Good,1. Yes,5.186985,178.928219
2007,20,2. Married,1. White,5. Advanced Degree,2. Middle Atlantic,1. Industrial,2. >=Very Good,1. Yes,4.641064,103.654581
2004,73,4. Divorced,1. White,1. < HS Grad,2. Middle Atlantic,1. Industrial,2. >=Very Good,2. No,4.935128,139.090901
2003,58,1. Never Married,1. White,3. Some College,2. Middle Atlantic,2. Information,2. >=Very Good,1. Yes,5.130028,169.021768
2006,69,2. Married,3. Asian,2. HS Grad,2. Middle Atlantic,1. Industrial,2. >=Very Good,1. Yes,4.68129,107.909227
2007,53,2. Married,1. White,3. Some College,2. Middle Atlantic,1. Industrial,1. <=Good,2. No,5.418615,225.566542
2005,58,1. Never Married,1. White,2. HS Grad,2. Middle Atlantic,2. Information,2. >=Very Good,2. No,5.095656,163.310889
2008,30,4. Divorced,1. White,1. < HS Grad,2. Middle Atlantic,2. Information,1. <=Good,1. Yes,4.402621,81.664664
2006,39,2. Married,1. White,2. HS Grad,2. Middle Atlantic,1. Industrial,1. <=Good,1. Yes,4.896576,133.830772
2003,79,1. Never Married,3. Asian,4. College Grad,2. Middle Atlantic,1. Industrial,2. >=Very Good,1. Yes,4.697906,109.717206
2003,63,1. Never Married,2. Black,3. Some College,2. Middle Atlantic,1. Industrial,2. >=Very Good,2. No,4.594335,98.922292
2007,67,1. Never Married,1. White,4. College Grad,2. Middle Atlantic,2. Information,2. >=Very Good,1. Yes,5.471117,237.725601
2007,52,2. Married,1. White,2. HS Grad,2. Middle Atlantic,1. Industrial,2. >=Very Good,1. Yes,5.10426,164.72208
2003,54,2. Married,1. White,4. College Grad,2. Middle Atlantic,1. Industrial,2. >=Very Good,2. No,5.490391,242.351966
2006,52,1. Never Married,1. White,4. College Grad,2. Middle Atlantic,2. Information,1. <=Good,1. Yes,5.173419,176.51735
2005,55,1. Never Married,1. White,2. HS Grad,2. Middle Atlantic,1. Industrial,2. >=Very Good,1. Yes,5.431293,228.44451
2005,24,2. Married,3. Asian,4. College Grad,2. Middle Atlantic,1. Industrial,2. >=Very Good,2. No,4.384855,80.226619
2006,53,2. Married,3. Asian,1. < HS Grad,2. Middle Atlantic,1. Industrial,2. >=Very Good,1. Yes,4.95371,141.699752
2004,60,1. Never Married,1. White,2. HS Grad,2. Middle Atlantic,2. Information,2. >=Very Good,1. Yes,5.071782,159.458151
2003,61,2. Married,1. White,2. HS Grad,2. Middle Atlantic,2. Information,2. >=Very Good,2. No,5.004055,149.016223
2008,25,2. Married,1. White,3. Some College,2. Middle Atlantic,1. Industrial,2. >=Very Good,2. No,4.747473,115.292589
2007,59,2. Married,1. White,2. HS Grad,2. Middle Atlantic,2. Information,2. >=Very Good,2. No,5.22168,185.245199
2006,71,2. Married,1. White,3. Some College,2. Middle Atlantic,2. Information,2. >=Very Good,1. Yes,5.087212,161.937785
2008,60,2. Married,1. White,4. College Grad,2. Middle Atlantic,2. Information,2. >=Very Good,1. Yes,4.967324,143.641988
2005,30,1. Never Married,1. White,1. < HS Grad,2. Middle Atlantic,2. Information,2. >=Very Good,2. No,4.424176,83.443997
2008,61,2. Married,1. White,2. HS Grad,2. Middle Atlantic,2. Information,2. >=Very Good,1. Yes,5.128519,168.767007
2007,56,2. Married,3. Asian,2. HS Grad,2. Middle Atlantic,1. Industrial,2. >=Very Good,1. Yes,4.772376,118.199729
2007,55,2. Married,1. White,2. HS Grad,2. Middle Atlantic,1. Industrial,2. >=Very Good,1. Yes,5.416436,225.075456
2004,75,1. Never Married,1. White,3. Some College,2. Middle Atlantic,2. Information,2. >=Very Good,1. Yes,4.702618,110.235432
2008,36,2. Married,1. White,5. Advanced Degree,2. Middle Atlantic,2. Information,2. >=Very Good,1. Yes,5.440201,230.488423
2004,27,1. Never Married,1. White,2. HS Grad,2. Middle Atlantic,2. Information,2. >=Very Good,1. Yes,4.736712,114.058528
2004,64,2. Married,1. White,3. Some College,2. Middle Atlantic,1. Industrial,2. >=Very Good,1. Yes,5.576323,264.098724
2007,71,4. Divorced,2. Black,3. Some College,2. Middle Atlantic,1. Industrial,2. >=Very Good,2. No,5.055309,156.852973
2004,28,1. Never Married,3. Asian,2. HS Grad,2. Middle Atlantic,2. Information,2. >=Very Good,1. Yes,4.508998,90.830732
2005,41,1. Never Married,2. Black,2. HS Grad,2. Middle Atlantic,2. Information,2. >=Very Good,1. Yes,5.071352,159.389696
2005,56,2. Married,1. White,3. Some College,2. Middle Atlantic,1. Industrial,2. >=Very Good,1. Yes,5.113862,166.311461
2005,36,5. Separated,2. Black,4. College Grad,2. Middle Atlantic,1. Industrial,2. >=Very Good,1. Yes,5.43818,230.023257
2009,74,2. Married,1. White,4. College Grad,2. Middle Atlantic,2. Information,2. >=Very Good,2. No,5.076148,160.155962
2009,46,1. Never Married,2. Black,4. College Grad,2. Middle Atlantic,1. Industrial,2. >=Very Good,1. Yes,5.10491,164.8293
2006,61,2. Married,2. Black,4. College Grad,2. Middle Atlantic,2. Information,2. >=Very Good,1. Yes,5.068499,158.935556
2009,29,1. Never Married,1. White,5. Advanced Degree,2. Middle Atlantic,1. Industrial,2. >=Very Good,1. Yes,4.893557,133.427301
2004,44,2. Married,3. Asian,1. < HS Grad,2. Middle Atlantic,1. Industrial,2. >=Very Good,2. No,4.867265,129.964925
2008,56,2. Married,2. Black,2. HS Grad,2. Middle Atlantic,2. Information,1. <=Good,2. No,5.128248,168.721245
2004,44,4. Divorced,1. White,2. HS Grad,2. Middle Atlantic,1. Industrial,2. >=Very Good,2. No,4.988899,146.774693
2005,34,2. Married,2. Black,4. College Grad,2. Middle Atlantic,1. Industrial,1. <=Good,2. No,5.312831,202.923905
2005,39,1. Never Married,2. Black,2. HS Grad,2. Middle Atlantic,1. Industrial,2. >=Very Good,2. No,5.090162,162.416189
2007,74,2. Married,1. White,4. College Grad,2. Middle Atlantic,1. Industrial,2. >=Very Good,2. No,5.255103,191.541215
2005,80,3. Widowed,1. White,3. Some College,2. Middle Atlantic,2. Information,2. >=Very Good,1. Yes,4.786059,119.828173
2005,30,2. Married,1. White,4. College Grad,2. Middle Atlantic,1. Industrial,2. >=Very Good,1. Yes,4.954018,141.743374
2003,49,1. Never Married,2. Black,5. Advanced Degree,2. Middle Atlantic,1. Industrial,2. >=Very Good,1. Yes,5.267982,194.024051
2009,22,1. Never Married,1. White,1. < HS Grad,2. Middle Atlantic,1. Industrial,1. <=Good,1. Yes,4.522325,92.049394
2008,60,2. Married,2. Black,3. Some College,2. Middle Atlantic,2. Information,2. >=Very Good,1. Yes,5.425445,227.11249
2006,35,5. Separated,1. White,3. Some College,2. Middle Atlantic,1. Industrial,2. >=Very Good,1. Yes,4.944202,140.358742
2006,47,4. Divorced,1. White,4. College Grad,2. Middle Atlantic,2. Information,2. >=Very Good,1. Yes,5.331516,206.751211
2003,56,1. Never Married,1. White,4. College Grad,2. Middle Atlantic,2. Information,2. >=Very Good,1. Yes,5.092713,162.831013
2007,59,5. Separated,1. White,3. Some College,2. Middle Atlantic,1. Industrial,2. >=Very Good,1. Yes,5.187957,179.102262
2007,29,2. Married,1. White,1. < HS Grad,2. Middle Atlantic,2. Information,2. >=Very Good,2. No,4.791542,120.487004
2009,76,1. Never Married,1. White,3. Some College,2. Middle Atlantic,1. Industrial,2. >=Very Good,1. Yes,5.095327,163.257266
2004,46,2. Married,1. White,5. Advanced Degree,2. Middle Atlantic,1. Industrial,1. <=Good,2. No,5.473273,238.238727
2004,30,1. Never Married,1. White,1. < HS Grad,2. Middle Atlantic,2. Information,1. <=Good,1. Yes,4.58161,97.671529
2006,59,2. Married,1. White,2. HS Grad,2. Middle Atlantic,1. Industrial,2. >=Very Good,1. Yes,5.221744,185.256908
2008,36,1. Never Married,1. White,4. College Grad,2. Middle Atlantic,1. Industrial,1. <=Good,1. Yes,4.925068,137.698736
2007,44,2. Married,1. White,2. HS Grad,2. Middle Atlantic,2. Information,1. <=Good,1. Yes,5.212961,183.637079
2008,36,2. Married,2. Black,4. College Grad,2. Middle Atlantic,2. Information,1. <=Good,1. Yes,4.775677,118.590516
2006,76,3. Widowed,1. White,1. < HS Grad,2. Middle Atlantic,1. Industrial,2. >=Very Good,2. No,4.790473,120.35827
2008,42,2. Married,1. White,5. Advanced Degree,2. Middle Atlantic,1. Industrial,2. >=Very Good,1. Yes,5.408817,223.367103
2003,68,2. Married,4. Other,5. Advanced Degree,2. Middle Atlantic,1. Industrial,1. <=Good,2. No,5.240309,188.728441
2006,49,2. Married,1. White,4. College Grad,2. Middle Atlantic,1. Industrial,2. >=Very Good,1. Yes,5.459627,235.009638
2004,74,1. Never Married,1. White,2. HS Grad,2. Middle Atlantic,2. Information,2. >=Very Good,1. Yes,5.426397,227.328789
2009,67,1. Never Married,3. Asian,4. College Grad,2. Middle Atlantic,1. Industrial,1. <=Good,1. Yes,5.238666,188.418625
2005,72,2. Married,1. White,2. HS Grad,2. Middle Atlantic,2. Information,1. <=Good,1. Yes,5.024716,152.127118
2003,66,2. Married,1. White,2. HS Grad,2. Middle Atlantic,1. Industrial,1. <=Good,1. Yes,5.002775,148.82555
2003,50,1. Never Married,3. Asian,2. HS Grad,2. Middle Atlantic,2. Information,2. >=Very Good,1. Yes,5.038306,154.208552
2006,35,3. Widowed,1. White,4. College Grad,2. Middle Atlantic,2. Information,2. >=Very Good,2. No,4.767445,117.618317
2007,35,2. Married,1. White,4. College Grad,2. Middle Atlantic,1. Industrial,2. >=Very Good,1. Yes,4.893036,133.357832
2003,32,1. Never Married,1. White,2. HS Grad,2. Middle Atlantic,2. Information,2. >=Very Good,2. No,4.893553,133.426854
2009,71,2. Married,1. White,2. HS Grad,2. Middle Atlantic,2. Information,2. >=Very Good,2. No,5.091215,162.587269
2009,76,2. Married,2. Black,5. Advanced Degree,2. Middle Atlantic,1. Industrial,2. >=Very Good,2. No,5.097881,163.674664
2007,30,2. Married,1. White,4. College Grad,2. Middle Atlantic,2. Information,2. >=Very Good,1. Yes,4.845752,127.198958
2009,76,2. Married,2. Black,2. HS Grad,2. Middle Atlantic,2. Information,2. >=Very Good,2. No,4.398853,81.35752
2009,38,2. Married,1. White,3. Some College,2. Middle Atlantic,2. Information,1. <=Good,1. Yes,4.680285,107.80075
2005,69,1. Never Married,1. White,4. College Grad,2. Middle Atlantic,1. Industrial,2. >=Very Good,1. Yes,5.18878,179.249687
2009,29,4. Divorced,2. Black,4. College Grad,2. Middle Atlantic,2. Information,2. >=Very Good,2. No,4.77676,118.719094
2003,20,2. Married,1. White,3. Some College,2. Middle Atlantic,2. Information,2. >=Very Good,1. Yes,4.748929,115.460514
2008,65,2. Married,1. White,2. HS Grad,2. Middle Atlantic,1. Industrial,2. >=Very Good,1. Yes,4.782894,119.449481
2004,56,1. Never Married,1. White,4. College Grad,2. Middle Atlantic,1. Industrial,1. <=Good,1. Yes,5.666211,288.93755
2009,54,2. Married,1. White,3. Some College,2. Middle Atlantic,1. Industrial,1. <=Good,1. Yes,5.195284,180.419348
2003,39,2. Married,1. White,2. HS Grad,2. Middle Atlantic,1. Industrial,2. >=Very Good,1. Yes,4.668625,106.551117
2008,53,4. Divorced,1. White,4. College Grad,2. Middle Atlantic,1. Industrial,1. <=Good,1. Yes,4.995234,147.707575
2004,53,3. Widowed,1. White,2. HS Grad,2. Middle Atlantic,2. Information,2. >=Very Good,1. Yes,4.953053,141.606697
2008,32,1. Never Married,4. Other,5. Advanced Degree,2. Middle Atlantic,1. Industrial,1. <=Good,2. No,5.425256,227.069563
2006,72,1. Never Married,1. White,4. College Grad,2. Middle Atlantic,2. Information,2. >=Very Good,1. Yes,5.371269,215.135708
2008,73,1. Never Married,1. White,2. HS Grad,2. Middle Atlantic,1. Industrial,2. >=Very Good,2. No,4.952126,141.475469
2009,77,1. Never Married,1. White,3. Some College,2. Middle Atlantic,1. Industrial,2. >=Very Good,1. Yes,4.569398,96.486007
2003,61,2. Married,4. Other,3. Some College,2. Middle Atlantic,1. Industrial,1. <=Good,1. Yes,5.041858,154.757244
2009,52,2. Married,1. White,1. < HS Grad,2. Middle Atlantic,2. Information,2. >=Very Good,1. Yes,4.876495,131.170151
2009,50,2. Married,1. White,2. HS Grad,2. Middle Atlantic,2. Information,2. >=Very Good,1. Yes,5.128677,168.793605
2008,32,1. Never Married,1. White,4. College Grad,2. Middle Atlantic,2. Information,1. <=Good,1. Yes,5.066363,158.596515
2006,78,1. Never Married,2. Black,1. < HS Grad,2. Middle Atlantic,2. Information,1. <=Good,2. No,4.529669,92.727834
2005,29,2. Married,1. White,3. Some College,2. Middle Atlantic,2. Information,2. >=Very Good,1. Yes,4.643522,103.90968
2004,61,2. Married,4. Other,2. HS Grad,2. Middle Atlantic,2. Information,1. <=Good,2. No,5.262638,192.989851
2004,78,2. Married,1. White,1. < HS Grad,2. Middle Atlantic,1. Industrial,2. >=Very Good,2. No,4.208655,67.266
2004,78,1. Never Married,1. White,4. College Grad,2. Middle Atlantic,1. Industrial,2. >=Very Good,1. Yes,5.330458,206.532459
2003,46,2. Married,3. Asian,3. Some College,2. Middle Atlantic,2. Information,2. >=Very Good,1. Yes,5.376692,216.305564
2003,23,1. Never Married,1. White,3. Some College,2. Middle Atlantic,2. Information,2. >=Very Good,1. Yes,4.47676,87.949295
2006,60,2. Married,1. White,5. Advanced Degree,2. Middle Atlantic,1. Industrial,1. <=Good,1. Yes,5.049647,155.967407
2008,69,4. Divorced,4. Other,2. HS Grad,2. Middle Atlantic,2. Information,2. >=Very Good,1. Yes,4.880021,131.63343
2005,61,2. Married,1. White,3. Some College,2. Middle Atlantic,1. Industrial,1. <=Good,1. Yes,5.461744,235.507728
2009,65,2. Married,1. White,2. HS Grad,2. Middle Atlantic,1. Industrial,1. <=Good,1. Yes,5.02526,152.209842
2006,22,1. Never Married,1. White,4. College Grad,2. Middle Atlantic,2. Information,1. <=Good,2. No,4.706577,110.672629
2009,29,2. Married,1. White,2. HS Grad,2. Middle Atlantic,2. Information,1. <=Good,1. Yes,4.411058,82.356546
2004,36,1. Never Married,1. White,4. College Grad,2. Middle Atlantic,1. Industrial,2. >=Very Good,1. Yes,4.697558,109.678965
2005,20,2. Married,1. White,2. HS Grad,2. Middle Atlantic,2. Information,1. <=Good,1. Yes,4.616544,101.143845
2003,29,2. Married,3. Asian,4. College Grad,2. Middle Atlantic,1. Industrial,2. >=Very Good,1. Yes,4.796772,121.118806
2004,39,3. Widowed,1. White,5. Advanced Degree,2. Middle Atlantic,1. Industrial,1. <=Good,2. No,5.686004,294.713692
2006,44,1. Never Married,1. White,3. Some College,2. Middle Atlantic,2. Information,2. >=Very Good,2. No,4.797861,121.250832
2005,60,2. Married,1. White,2. HS Grad,2. Middle Atlantic,1. Industrial,2. >=Very Good,1. Yes,4.649453,104.527787
2007,80,2. Married,2. Black,3. Some College,2. Middle Atlantic,1. Industrial,2. >=Very Good,2. No,4.777953,118.86078
2008,74,2. Married,2. Black,2. HS Grad,2. Middle Atlantic,1. Industrial,1. <=Good,1. Yes,4.637174,103.252156
2008,34,2. Married,1. White,4. College Grad,2. Middle Atlantic,1. Industrial,1. <=Good,1. Yes,4.944293,140.371576
2005,32,4. Divorced,4. Other,4. College Grad,2. Middle Atlantic,1. Industrial,2. >=Very Good,1. Yes,4.700618,110.015135
2005,71,2. Married,3. Asian,4. College Grad,2. Middle Atlantic,2. Information,2. >=Very Good,1. Yes,5.055794,156.929109
2009,43,2. Married,1. White,2. HS Grad,2. Middle Atlantic,1. Industrial,2. >=Very Good,1. Yes,4.751445,115.751409
2008,35,2. Married,1. White,2. HS Grad,2. Middle Atlantic,2. Information,2. >=Very Good,1. Yes,4.925926,137.816842
2004,38,1. Never Married,2. Black,4. College Grad,2. Middle Atlantic,1. Industrial,2. >=Very Good,2. No,4.969731,143.988218
2003,24,1. Never Married,1. White,5. Advanced Degree,2. Middle Atlantic,1. Industrial,2. >=Very Good,1. Yes,5.017638,151.054066
2009,65,3. Widowed,4. Other,4. College Grad,2. Middle Atlantic,1. Industrial,2. >=Very Good,1. Yes,5.601546,270.844749
2008,76,2. Married,3. Asian,3. Some College,2. Middle Atlantic,1. Industrial,1. <=Good,1. Yes,4.982023,145.768927
2009,76,2. Married,1. White,2. HS Grad,2. Middle Atlantic,2. Information,2. >=Very Good,2. No,4.955018,141.885143
2005,19,2. Married,1. White,3. Some College,2. Middle Atlantic,2. Information,2. >=Very Good,1. Yes,4.69533,109.434922
2004,70,2. Married,1. White,2. HS Grad,2. Middle Atlantic,2. Information,2. >=Very Good,2. No,4.663405,105.996352
2004,55,4. Divorced,1. White,2. HS Grad,2. Middle Atlantic,2. Information,2. >=Very Good,2. No,4.817412,123.644714
2004,24,2. Married,1. White,3. Some College,2. Middle Atlantic,1. Industrial,2. >=Very Good,1. Yes,4.607686,100.251915
2008,51,1. Never Married,2. Black,3. Some College,2. Middle Atlantic,2. Information,2. >=Very Good,1. Yes,4.90573,135.061484
2004,36,4. Divorced,1. White,1. < HS Grad,2. Middle Atlantic,2. Information,2. >=Very Good,2. No,4.891238,133.118327
2005,69,2. Married,1. White,2. HS Grad,2. Middle Atlantic,2. Information,2. >=Very Good,1. Yes,5.010449,149.972027
2005,65,2. Married,2. Black,4. College Grad,2. Middle Atlantic,2. Information,1. <=Good,1. Yes,5.01786,151.087689
2007,24,2. Married,1. White,5. Advanced Degree,2. Middle Atlantic,1. Industrial,2. >=Very Good,2. No,4.952649,141.54937
2005,47,4. Divorced,3. Asian,4. College Grad,2. Middle Atlantic,2. Information,2. >=Very Good,1. Yes,5.512366,247.736657
2008,49,2. Married,3. Asian,3. Some College,2. Middle Atlantic,1. Industrial,2. >=Very Good,2. No,5.039654,154.416615
2006,52,4. Divorced,1. White,4. College Grad,2. Middle Atlantic,2. Information,2. >=Very Good,1. Yes,5.488989,242.01236
2003,46,2. Married,3. Asian,3. Some College,2. Middle Atlantic,2. Information,2. >=Very Good,2. No,4.833705,125.675711
2008,31,2. Married,3. Asian,3. Some College,2. Middle Atlantic,1. Industrial,2. >=Very Good,1. Yes,4.296116,73.41408
2009,53,2. Married,1. White,2. HS Grad,2. Middle Atlantic,1. Industrial,2. >=Very Good,2. No,5.188321,179.167504
2009,24,4. Divorced,1. White,4. College Grad,2. Middle Atlantic,1. Industrial,2. >=Very Good,2. No,4.818223,123.745019
2004,36,1. Never Married,1. White,4. College Grad,2. Middle Atlantic,1. Industrial,1. <=Good,2. No,5.214327,183.887992
2005,22,2. Married,2. Black,3. Some College,2. Middle Atlantic,2. Information,2. >=Very Good,1. Yes,4.807803,122.46231
2009,73,2. Married,3. Asian,2. HS Grad,2. Middle Atlantic,1. Industrial,1. <=Good,1. Yes,5.006928,149.444918
2005,68,2. Married,2. Black,5. Advanced Degree,2. Middle Atlantic,1. Industrial,1. <=Good,1. Yes,5.51504,248.399934
2006,41,1. Never Married,1. White,3. Some College,2. Middle Atlantic,2. Information,2. >=Very Good,1. Yes,5.182809,178.182672
2009,33,1. Never Married,2. Black,3. Some College,2. Middle Atlantic,1. Industrial,1. <=Good,2. No,4.681976,107.983208
2005,71,3. Widowed,2. Black,2. HS Grad,2. Middle Atlantic,2. Information,2. >=Very Good,1. Yes,5.013662,150.454688
2009,40,2. Married,1. White,5. Advanced Degree,2. Middle Atlantic,2. Information,2. >=Very Good,2. No,5.376027,216.161656
2005,50,4. Divorced,1. White,3. Some College,2. Middle Atlantic,1. Industrial,2. >=Very Good,1. Yes,4.93372,138.895309
2003,41,3. Widowed,1. White,4. College Grad,2. Middle Atlantic,1. Industrial,1. <=Good,1. Yes,5.277727,195.924108
2008,26,2. Married,1. White,2. HS Grad,2. Middle Atlantic,1. Industrial,2. >=Very Good,2. No,4.373406,79.313313
2004,51,2. Married,2. Black,3. Some College,2. Middle Atlantic,2. Information,1. <=Good,1. Yes,5.461256,235.392981
2005,52,2. Married,1. White,2. HS Grad,2. Middle Atlantic,2. Information,2. >=Very Good,2. No,5.343094,209.15882
2006,43,5. Separated,1. White,3. Some College,2. Middle Atlantic,2. Information,2. >=Very Good,1. Yes,5.323638,205.128758
2009,18,2. Married,1. White,2. HS Grad,2. Middle Atlantic,1. Industrial,2. >=Very Good,1. Yes,4.485088,88.684778
2007,34,2. Married,1. White,3. Some College,2. Middle Atlantic,1. Industrial,2. >=Very Good,2. No,4.373128,79.29124
2003,50,2. Married,1. White,1. < HS Grad,2. Middle Atlantic,2. Information,2. >=Very Good,1. Yes,4.959734,142.555817
2005,21,4. Divorced,1. White,4. College Grad,2. Middle Atlantic,2. Information,1. <=Good,1. Yes,4.422764,83.326277
2004,71,2. Married,1. White,3. Some College,2. Middle Atlantic,2. Information,2. >=Very Good,1. Yes,4.879391,131.550588
2007,69,2. Married,1. White,1. < HS Grad,2. Middle Atlantic,1. Industrial,2. >=Very Good,1. Yes,4.846173,127.252479
2004,44,2. Married,1. White,5. Advanced Degree,2. Middle Atlantic,2. Information,2. >=Very Good,2. No,5.308513,202.049494
2007,26,2. Married,1. White,5. Advanced Degree,2. Middle Atlantic,1. Industrial,2. >=Very Good,1. Yes,4.805371,122.164827
2007,78,2. Married,1. White,5. Advanced Degree,2. Middle Atlantic,1. Industrial,2. >=Very Good,2. No,5.49566,243.632297
2007,48,2. Married,1. White,5. Advanced Degree,2. Middle Atlantic,2. Information,2. >=Very Good,1. Yes,5.418677,225.580425
2004,44,2. Married,2. Black,4. College Grad,2. Middle Atlantic,1. Industrial,2. >=Very Good,1. Yes,5.416206,225.023731
2006,35,1. Never Married,3. Asian,3. Some College,2. Middle Atlantic,2. Information,1. <=Good,2. No,4.929298,138.282453
2009,37,1. Never Married,1. White,3. Some College,2. Middle Atlantic,1. Industrial,2. >=Very Good,1. Yes,4.947499,140.822283
2006,19,1. Never Married,1. White,3. Some College,2. Middle Atlantic,2. Information,1. <=Good,1. Yes,4.599751,99.459569
2006,70,2. Married,1. White,2. HS Grad,2. Middle Atlantic,1. Industrial,1. <=Good,1. Yes,4.748943,115.462225
2007,50,2. Married,3. Asian,4. College Grad,2. Middle Atlantic,2. Information,1. <=Good,1. Yes,5.465518,236.39839
2006,21,1. Never Married,1. White,3. Some College,2. Middle Atlantic,1. Industrial,1. <=Good,2. No,4.542909,93.963775
2004,41,2. Married,1. White,2. HS Grad,2. Middle Atlantic,1. Industrial,2. >=Very Good,2. No,4.683403,108.137466
2004,37,1. Never Married,1. White,4. College Grad,2. Middle Atlantic,1. Industrial,1. <=Good,1. Yes,5.226153,186.075634
2004,20,2. Married,1. White,5. Advanced Degree,2. Middle Atlantic,1. Industrial,1. <=Good,2. No,4.963338,143.070526
2008,58,2. Married,2. Black,2. HS Grad,2. Middle Atlantic,1. Industrial,1. <=Good,2. No,4.911391,135.828214
2005,53,2. Married,1. White,1. < HS Grad,2. Middle Atlantic,1. Industrial,2. >=Very Good,1. Yes,5.075214,160.006508
2008,37,1. Never Married,3. Asian,4. College Grad,2. Middle Atlantic,2. Information,2. >=Very Good,2. No,4.842736,126.815818
2008,45,2. Married,1. White,2. HS Grad,2. Middle Atlantic,2. Information,2. >=Very Good,1. Yes,5.406195,222.782185
2005,67,2. Married,2. Black,4. College Grad,2. Middle Atlantic,2. Information,1. <=Good,1. Yes,5.127615,168.614495
2003,19,2. Married,1. White,2. HS Grad,2. Middle Atlantic,1. Industrial,2. >=Very Good,2. No,4.538813,93.579665
2008,69,2. Married,3. Asian,4. College Grad,2. Middle Atlantic,1. Industrial,2. >=Very Good,1. Yes,4.977529,145.115306
2008,27,2. Married,3. Asian,3. Some College,2. Middle Atlantic,2. Information,2. >=Very Good,1. Yes,4.608611,100.344715
2005,24,2. Married,1. White,3. Some College,2. Middle Atlantic,1. Industrial,2. >=Very Good,1. Yes,4.795044,120.909726
2007,75,2. Married,1. White,3. Some College,2. Middle Atlantic,1. Industrial,2. >=Very Good,2. No,4.867159,129.951214
2006,34,2. Married,1. White,3. Some College,2. Middle Atlantic,1. Industrial,1. <=Good,1. Yes,4.648636,104.442434
2007,49,2. Married,1. White,2. HS Grad,2. Middle Atlantic,2. Information,2. >=Very Good,1. Yes,4.898768,134.124456
2004,48,1. Never Married,1. White,3. Some College,2. Middle Atlantic,1. Industrial,1. <=Good,1. Yes,4.951255,141.352236
2004,61,2. Married,1. White,4. College Grad,2. Middle Atlantic,2. Information,2. >=Very Good,1. Yes,5.652357,284.962405
2008,55,2. Married,1. White,1. < HS Grad,2. Middle Atlantic,2. Information,2. >=Very Good,1. Yes,4.88965,132.90709
2008,37,2. Married,1. White,5. Advanced Degree,2. Middle Atlantic,1. Industrial,1. <=Good,2. No,5.236689,188.046358
2008,56,2. Married,1. White,2. HS Grad,2. Middle Atlantic,1. Industrial,2. >=Very Good,1. Yes,5.107968,165.334106
2008,51,1. Never Married,1. White,4. College Grad,2. Middle Atlantic,2. Information,2. >=Very Good,1. Yes,5.420609,226.016755
2004,20,5. Separated,1. White,2. HS Grad,2. Middle Atlantic,2. Information,2. >=Very Good,2. No,4.368063,78.890642
2009,59,2. Married,2. Black,2. HS Grad,2. Middle Atlantic,2. Information,2. >=Very Good,2. No,4.865476,129.732678
2007,43,2. Married,3. Asian,4. College Grad,2. Middle Atlantic,1. Industrial,2. >=Very Good,1. Yes,4.653067,104.906232
2004,56,2. Married,1. White,2. HS Grad,2. Middle Atlantic,1. Industrial,2. >=Very Good,1. Yes,4.998402,148.176174
2004,43,4. Divorced,1. White,3. Some College,2. Middle Atlantic,2. Information,1. <=Good,1. Yes,5.185055,178.583336
2007,29,1. Never Married,2. Black,1. < HS Grad,2. Middle Atlantic,2. Information,2. >=Very Good,1. Yes,4.164265,64.345371
2007,55,1. Never Married,2. Black,4. College Grad,2. Middle Atlantic,1. Industrial,1. <=Good,1. Yes,5.229413,186.683189
2004,32,2. Married,1. White,1. < HS Grad,2. Middle Atlantic,2. Information,2. >=Very Good,1. Yes,4.432513,84.142573
2005,47,2. Married,1. White,3. Some College,2. Middle Atlantic,1. Industrial,2. >=Very Good,2. No,4.639231,103.464766
2005,37,1. Never Married,1. White,2. HS Grad,2. Middle Atlantic,1. Industrial,1. <=Good,1. Yes,4.557295,95.325312
2004,44,2. Married,1. White,2. HS Grad,2. Middle Atlantic,1. Industrial,2. >=Very Good,2. No,5.019532,151.340475
2007,77,1. Never Married,2. Black,3. Some College,2. Middle Atlantic,2. Information,2. >=Very Good,1. Yes,4.54133,93.81546
2003,29,2. Married,2. Black,2. HS Grad,2. Middle Atlantic,2. Information,2. >=Very Good,1. Yes,4.279219,72.18406
2009,51,2. Married,1. White,4. College Grad,2. Middle Atlantic,1. Industrial,2. >=Very Good,1. Yes,4.977695,145.139485
2009,61,2. Married,1. White,3. Some College,2. Middle Atlantic,2. Information,2. >=Very Good,2. No,4.905741,135.062964
2009,51,2. Married,1. White,2. HS Grad,2. Middle Atlantic,2. Information,2. >=Very Good,1. Yes,5.167773,175.523476
2005,62,4. Divorced,3. Asian,1. < HS Grad,2. Middle Atlantic,2. Information,2. >=Very Good,2. No,5.051256,156.218515
2007,18,2. Married,3. Asian,4. College Grad,2. Middle Atlantic,1. Industrial,2. >=Very Good,1. Yes,4.918872,136.848163
2006,56,2. Married,1. White,2. HS Grad,2. Middle Atlantic,2. Information,2. >=Very Good,2. No,4.586661,98.166057
2007,77,2. Married,1. White,4. College Grad,2. Middle Atlantic,2. Information,2. >=Very Good,2. No,5.005301,149.201921
2008,32,2. Married,1. White,2. HS Grad,2. Middle Atlantic,1. Industrial,2. >=Very Good,1. Yes,4.653701,104.972796
2005,34,2. Married,2. Black,2. HS Grad,2. Middle Atlantic,1. Industrial,1. <=Good,1. Yes,5.153436,173.024899
2007,43,2. Married,1. White,3. Some College,2. Middle Atlantic,2. Information,1. <=Good,1. Yes,4.956295,142.066444
2004,48,2. Married,1. White,4. College Grad,2. Middle Atlantic,2. Information,1. <=Good,2. No,5.56695,261.635024
2003,50,2. Married,1. White,2. HS Grad,2. Middle Atlantic,2. Information,2. >=Very Good,1. Yes,4.674553,107.184673
2006,80,1. Never Married,1. White,2. HS Grad,2. Middle Atlantic,2. Information,1. <=Good,1. Yes,4.568261,96.376353
2004,51,2. Married,1. White,3. Some College,2. Middle Atlantic,1. Industrial,2. >=Very Good,1. Yes,5.100673,164.132308
2007,77,2. Married,1. White,4. College Grad,2. Middle Atlantic,2. Information,2. >=Very Good,1. Yes,4.976563,144.975182
2004,50,2. Married,1. White,2. HS Grad,2. Middle Atlantic,2. Information,1. <=Good,1. Yes,4.808862,122.591978
2004,54,1. Never Married,2. Black,2. HS Grad,2. Middle Atlantic,1. Industrial,2. >=Very Good,2. No,5.215842,184.166739
2006,66,3. Widowed,1. White,5. Advanced Degree,2. Middle Atlantic,2. Information,1. <=Good,2. No,4.886713,132.517248
2007,75,2. Married,1. White,3. Some College,2. Middle Atlantic,1. Industrial,2. >=Very Good,1. Yes,4.787748,120.030722
2007,73,2. Married,1. White,2. HS Grad,2. Middle Atlantic,2. Information,1. <=Good,2. No,4.880292,131.669096
2007,76,1. Never Married,3. Asian,2. HS Grad,2. Middle Atlantic,2. Information,1. <=Good,1. Yes,4.56784,96.335835
2004,63,4. Divorced,1. White,4. College Grad,2. Middle Atlantic,2. Information,1. <=Good,2. No,5.261532,192.776562
2003,62,2. Married,2. Black,2. HS Grad,2. Middle Atlantic,2. Information,2. >=Very Good,1. Yes,5.111037,165.842325
2007,63,1. Never Married,1. White,2. HS Grad,2. Middle Atlantic,1. Industrial,2. >=Very Good,1. Yes,4.538268,93.528646
2006,74,1. Never Married,4. Other,2. HS Grad,2. Middle Atlantic,1. Industrial,2. >=Very Good,2. No,4.350765,77.537789
2003,67,1. Never Married,1. White,2. HS Grad,2. Middle Atlantic,1. Industrial,2. >=Very Good,1. Yes,4.981686,145.719803
2003,40,2. Married,1. White,2. HS Grad,2. Middle Atlantic,1. Industrial,1. <=Good,1. Yes,4.609926,100.476707
2006,79,1. Never Married,1. White,1. < HS Grad,2. Middle Atlantic,2. Information,2. >=Very Good,1. Yes,4.79971,121.475187
2007,37,2. Married,1. White,1. < HS Grad,2. Middle Atlantic,2. Information,1. <=Good,2. No,4.329974,75.942337
2003,23,2. Married,1. White,1. < HS Grad,2. Middle Atlantic,1. Industrial,1. <=Good,1. Yes,4.122768,61.729858
2008,42,1. Never Married,2. Black,4. College Grad,2. Middle Atlantic,2. Information,2. >=Very Good,1. Yes,5.040218,154.503642
2007,39,2. Married,3. Asian,3. Some College,2. Middle Atlantic,1. Industrial,2. >=Very Good,1. Yes,5.055986,156.959259
2004,40,2. Married,4. Other,2. HS Grad,2. Middle Atlantic,2. Information,2. >=Very Good,1. Yes,4.988115,146.659764
2004,29,2. Married,1. White,2. HS Grad,2. Middle Atlantic,2. Information,2. >=Very Good,2. No,5.022309,151.761302
2009,27,2. Married,3. Asian,3. Some College,2. Middle Atlantic,1. Industrial,1. <=Good,1. Yes,4.35236,77.661559
2007,48,2. Married,1. White,4. College Grad,2. Middle Atlantic,1. Industrial,2. >=Very Good,1. Yes,5.466537,236.639381
2007,71,2. Married,1. White,3. Some College,2. Middle Atlantic,1. Industrial,2. >=Very Good,1. Yes,5.224785,185.821265
2008,41,2. Married,1. White,4. College Grad,2. Middle Atlantic,1. Industrial,1. <=Good,1. Yes,4.66604,106.276009
2005,52,1. Never Married,2. Black,5. Advanced Degree,2. Middle Atlantic,2. Information,1. <=Good,1. Yes,5.255601,191.636711
2004,42,4. Divorced,4. Other,3. Some College,2. Middle Atlantic,1. Industrial,2. >=Very Good,1. Yes,4.853177,128.14688
2003,59,4. Divorced,1. White,5. Advanced Degree,2. Middle Atlantic,1. Industrial,1. <=Good,1. Yes,5.148625,172.194596
2007,31,2. Married,4. Other,2. HS Grad,2. Middle Atlantic,1. Industrial,2. >=Very Good,1. Yes,4.668208,106.506727
2009,34,1. Never Married,1. White,2. HS Grad,2. Middle Atlantic,2. Information,2. >=Very Good,1. Yes,4.675489,107.284989
2007,64,4. Divorced,1. White,4. College Grad,2. Middle Atlantic,2. Information,1. <=Good,2. No,5.270333,194.480713
2009,38,4. Divorced,1. White,4. College Grad,2. Middle Atlantic,2. Information,1. <=Good,2. No,4.624349,101.93639
2007,33,2. Married,1. White,2. HS Grad,2. Middle Atlantic,1. Industrial,2. >=Very Good,2. No,4.605049,99.987899
2005,77,2. Married,1. White,4. College Grad,2. Middle Atlantic,1. Industrial,1. <=Good,1. Yes,4.990801,147.054114
2003,18,2. Married,1. White,2. HS Grad,2. Middle Atlantic,1. Industrial,2. >=Very Good,1. Yes,4.425122,83.522984
2009,69,1. Never Married,1. White,2. HS Grad,2. Middle Atlantic,1. Industrial,2. >=Very Good,1. Yes,5.407733,223.125272
2009,68,2. Married,1. White,3. Some College,2. Middle Atlantic,2. Information,1. <=Good,1. Yes,4.960232,142.626864
2009,47,2. Married,1. White,4. College Grad,2. Middle Atlantic,1. Industrial,2. >=Very Good,1. Yes,5.282858,196.931928
2004,65,2. Married,1. White,2. HS Grad,2. Middle Atlantic,2. Information,2. >=Very Good,1. Yes,4.841498,126.658909
2008,57,4. Divorced,1. White,3. Some College,2. Middle Atlantic,1. Industrial,2. >=Very Good,1. Yes,4.874499,130.908526
2006,40,1. Never Married,2. Black,3. Some College,2. Middle Atlantic,2. Information,2. >=Very Good,1. Yes,4.74278,114.752799
2004,50,1. Never Married,2. Black,3. Some College,2. Middle Atlantic,1. Industrial,2. >=Very Good,1. Yes,5.367095,214.239583
2005,63,2. Married,1. White,2. HS Grad,2. Middle Atlantic,1. Industrial,2. >=Very Good,1. Yes,4.929862,138.360474
2004,50,1. Never Married,1. White,2. HS Grad,2. Middle Atlantic,2. Information,2. >=Very Good,2. No,5.144594,171.50186
2003,59,2. Married,1. White,2. HS Grad,2. Middle Atlantic,2. Information,2. >=Very Good,1. Yes,5.045409,155.307847
2005,40,2. Married,1. White,5. Advanced Degree,2. Middle Atlantic,1. Industrial,1. <=Good,2. No,5.093188,162.908341
2005,70,2. Married,2. Black,2. HS Grad,2. Middle Atlantic,1. Industrial,2. >=Very Good,1. Yes,4.517299,91.587911
2003,49,2. Married,3. Asian,4. College Grad,2. Middle Atlantic,1. Industrial,2. >=Very Good,1. Yes,5.443475,231.244404
2008,50,1. Never Married,1. White,2. HS Grad,2. Middle Atlantic,1. Industrial,2. >=Very Good,2. No,5.513846,248.103501
2009,65,1. Never Married,1. White,5. Advanced Degree,2. Middle Atlantic,1. Industrial,1. <=Good,1. Yes,5.227057,186.24392
2005,46,1. Never Married,1. White,4. College Grad,2. Middle Atlantic,1. Industrial,1. <=Good,1. Yes,4.852052,128.00279
2008,28,1. Never Married,1. White,2. HS Grad,2. Middle Atlantic,2. Information,2. >=Very Good,2. No,4.750777,115.67417
2005,18,1. Never Married,1. White,4. College Grad,2. Middle Atlantic,2. Information,2. >=Very Good,1. Yes,4.828915,125.075205
2004,77,2. Married,1. White,2. HS Grad,2. Middle Atlantic,2. Information,2. >=Very Good,1. Yes,4.896836,133.865588
2005,31,2. Married,3. Asian,3. Some College,2. Middle Atlantic,1. Industrial,2. >=Very Good,1. Yes,5.091944,162.705838
2003,35,2. Married,1. White,2. HS Grad,2. Middle Atlantic,1. Industrial,1. <=Good,1. Yes,4.812968,123.096481
2003,66,1. Never Married,1. White,5. Advanced Degree,2. Middle Atlantic,1. Industrial,2. >=Very Good,1. Yes,5.35536,211.740185
2004,28,1. Never Married,1. White,2. HS Grad,2. Middle Atlantic,1. Industrial,1. <=Good,2. No,4.758585,116.580853
2003,62,2. Married,1. White,5. Advanced Degree,2. Middle Atlantic,1. Industrial,2. >=Very Good,1. Yes,5.303317,201.002449
2008,25,1. Never Married,1. White,2. HS Grad,2. Middle Atlantic,2. Information,2. >=Very Good,2. No,4.590792,98.57248
2007,53,2. Married,3. Asian,2. HS Grad,2. Middle Atlantic,1. Industrial,1. <=Good,1. Yes,4.892419,133.275603
2009,27,1. Never Married,1. White,3. Some College,2. Middle Atlantic,2. Information,2. >=Very Good,1. Yes,4.739022,114.322306
2003,70,2. Married,2. Black,2. HS Grad,2. Middle Atlantic,2. Information,2. >=Very Good,1. Yes,4.594938,98.981969
2007,60,2. Married,3. Asian,3. Some College,2. Middle Atlantic,2. Information,2. >=Very Good,1. Yes,5.153173,172.979403
2005,38,2. Married,1. White,2. HS Grad,2. Middle Atlantic,2. Information,2. >=Very Good,2. No,4.875638,131.057743
2008,46,1. Never Married,1. White,5. Advanced Degree,2. Middle Atlantic,2. Information,1. <=Good,1. Yes,5.40589,222.714357
2003,29,2. Married,1. White,2. HS Grad,2. Middle Atlantic,1. Industrial,1. <=Good,2. No,4.810795,122.829256
2004,45,1. Never Married,1. White,5. Advanced Degree,2. Middle Atlantic,2. Information,1. <=Good,1. Yes,5.182297,178.091416
2005,64,1. Never Married,1. White,4. College Grad,2. Middle Atlantic,1. Industrial,2. >=Very Good,2. No,5.281144,196.594744
2003,76,2. Married,1. White,2. HS Grad,2. Middle Atlantic,2. Information,2. >=Very Good,1. Yes,5.209897,183.075231
2008,58,2. Married,1. White,5. Advanced Degree,2. Middle Atlantic,1. Industrial,1. <=Good,2. No,5.718767,304.529281
2006,22,1. Never Married,4. Other,5. Advanced Degree,2. Middle Atlantic,2. Information,2. >=Very Good,1. Yes,4.668178,106.503496
2004,71,1. Never Married,4. Other,3. Some College,2. Middle Atlantic,1. Industrial,1. <=Good,1. Yes,4.661901,105.837082
2003,18,2. Married,2. Black,3. Some College,2. Middle Atlantic,2. Information,2. >=Very Good,1. Yes,4.350203,77.494216
2008,76,2. Married,1. White,2. HS Grad,2. Middle Atlantic,1. Industrial,1. <=Good,1. Yes,4.588737,98.370118
2007,50,1. Never Married,3. Asian,3. Some College,2. Middle Atlantic,2. Information,1. <=Good,2. No,5.058531,157.359228
2005,76,2. Married,1. White,1. < HS Grad,2. Middle Atlantic,1. Industrial,2. >=Very Good,1. Yes,4.678135,107.569266
2004,59,4. Divorced,1. White,1. < HS Grad,2. Middle Atlantic,1. Industrial,1. <=Good,1. Yes,4.544885,94.149637
2004,31,1. Never Married,1. White,4. College Grad,2. Middle Atlantic,1. Industrial,2. >=Very Good,1. Yes,5.098899,163.841408
2004,27,3. Widowed,4. Other,3. Some College,2. Middle Atlantic,1. Industrial,1. <=Good,1. Yes,4.836656,126.047167
2006,23,1. Never Married,1. White,2. HS Grad,2. Middle Atlantic,1. Industrial,1. <=Good,1. Yes,4.815709,123.434329
2008,51,1. Never Married,1. White,3. Some College,2. Middle Atlantic,1. Industrial,1. <=Good,2. No,5.291183,198.57825
2006,44,2. Married,2. Black,2. HS Grad,2. Middle Atlantic,1. Industrial,2. >=Very Good,1. Yes,5.024065,152.028117
2004,44,2. Married,3. Asian,3. Some College,2. Middle Atlantic,1. Industrial,2. >=Very Good,1. Yes,5.226868,186.20876
2006,29,2. Married,1. White,3. Some College,2. Middle Atlantic,1. Industrial,2. >=Very Good,1. Yes,4.773045,118.278807
2009,58,2. Married,3. Asian,3. Some College,2. Middle Atlantic,1. Industrial,2. >=Very Good,1. Yes,5.468563,237.119309
2009,59,2. Married,1. White,4. College Grad,2. Middle Atlantic,2. Information,1. <=Good,2. No,5.277672,195.913184
2006,75,2. Married,1. White,5. Advanced Degree,2. Middle Atlantic,1. Industrial,2. >=Very Good,1. Yes,5.32155,204.700847
2006,56,4. Divorced,1. White,2. HS Grad,2. Middle Atlantic,1. Industrial,2. >=Very Good,1. Yes,4.986285,146.391608
2009,65,2. Married,1. White,4. College Grad,2. Middle Atlantic,1. Industrial,2. >=Very Good,1. Yes,5.257821,192.062562
2007,48,2. Married,1. White,4. College Grad,2. Middle Atlantic,2. Information,1. <=Good,1. Yes,5.181767,177.997132
2004,23,1. Never Married,1. White,3. Some College,2. Middle Atlantic,2. Information,1. <=Good,1. Yes,4.760572,116.812679
2005,41,3. Widowed,1. White,5. Advanced Degree,2. Middle Atlantic,1. Industrial,2. >=Very Good,1. Yes,5.551976,257.746329
2008,80,2. Married,1. White,4. College Grad,2. Middle Atlantic,2. Information,2. >=Very Good,2. No,5.015935,150.796996
2003,76,1. Never Married,1. White,2. HS Grad,2. Middle Atlantic,1. Industrial,2. >=Very Good,1. Yes,5.210305,183.14992
2006,31,2. Married,1. White,2. HS Grad,2. Middle Atlantic,1. Industrial,2. >=Very Good,1. Yes,4.657997,105.42469
2007,66,1. Never Married,2. Black,5. Advanced Degree,2. Middle Atlantic,1. Industrial,2. >=Very Good,1. Yes,5.198938,181.079831
2007,58,1. Never Married,1. White,3. Some College,2. Middle Atlantic,2. Information,1. <=Good,1. Yes,5.139133,170.567832
2007,70,4. Divorced,1. White,4. College Grad,2. Middle Atlantic,1. Industrial,1. <=Good,1. Yes,4.903996,134.827539
2004,51,2. Married,1. White,2. HS Grad,2. Middle Atlantic,2. Information,1. <=Good,2. No,5.081491,161.014016
2008,77,4. Divorced,3. Asian,5. Advanced Degree,2. Middle Atlantic,1. Industrial,2. >=Very Good,1. Yes,5.27005,194.425686
2004,32,1. Never Married,2. Black,4. College Grad,2. Middle Atlantic,2. Information,2. >=Very Good,2. No,5.054226,156.683187
2005,70,2. Married,1. White,3. Some College,2. Middle Atlantic,2. Information,2. >=Very Good,1. Yes,4.940443,139.832197
2003,24,2. Married,1. White,5. Advanced Degree,2. Middle Atlantic,2. Information,2. >=Very Good,2. No,5.304756,201.291853
2006,50,4. Divorced,3. Asian,3. Some College,2. Middle Atlantic,2. Information,1. <=Good,2. No,5.185828,178.721341
2005,79,2. Married,3. Asian,3. Some College,2. Middle Atlantic,1. Industrial,2. >=Very Good,2. No,5.126959,168.503954
2008,30,2. Married,1. White,3. Some College,2. Middle Atlantic,2. Information,1. <=Good,1. Yes,4.401752,81.593687
2008,78,2. Married,1. White,3. Some College,2. Middle Atlantic,1. Industrial,1. <=Good,2. No,4.71121,111.186562
2005,45,2. Married,1. White,4. College Grad,2. Middle Atlantic,2. Information,2. >=Very Good,1. Yes,5.107271,165.218817
2005,36,1. Never Married,2. Black,5. Advanced Degree,2. Middle Atlantic,1. Industrial,2. >=Very Good,1. Yes,4.931891,138.641503
2005,56,2. Married,1. White,5. Advanced Degree,2. Middle Atlantic,1. Industrial,2. >=Very Good,1. Yes,5.666644,289.062731
2009,80,4. Divorced,2. Black,5. Advanced Degree,2. Middle Atlantic,1. Industrial,2. >=Very Good,1. Yes,4.83402,125.715357
2004,55,2. Married,1. White,1. < HS Grad,2. Middle Atlantic,1. Industrial,2. >=Very Good,1. Yes,4.732532,113.582744
2005,36,2. Married,1. White,4. College Grad,2. Middle Atlantic,2. Information,2. >=Very Good,1. Yes,5.127901,168.662717
2005,32,5. Separated,1. White,2. HS Grad,2. Middle Atlantic,2. Information,2. >=Very Good,1. Yes,4.776778,118.721164
2007,23,2. Married,1. White,3. Some College,2. Middle Atlantic,2. Information,2. >=Very Good,1. Yes,4.649976,104.582504
2003,71,1. Never Married,1. White,4. College Grad,2. Middle Atlantic,1. Industrial,2. >=Very Good,1. Yes,5.137746,170.331473
2008,59,1. Never Married,1. White,2. HS Grad,2. Middle Atlantic,1. Industrial,2. >=Very Good,2. No,5.062631,158.005736
2003,34,3. Widowed,1. White,4. College Grad,2. Middle Atlantic,1. Industrial,2. >=Very Good,1. Yes,5.249792,190.526699
2005,64,5. Separated,1. White,5. Advanced Degree,2. Middle Atlantic,1. Industrial,2. >=Very Good,1. Yes,4.676144,107.355269
2008,60,4. Divorced,1. White,4. College Grad,2. Middle Atlantic,2. Information,2. >=Very Good,1. Yes,5.188312,179.165832
2005,38,2. Married,1. White,3. Some College,2. Middle Atlantic,1. Industrial,2. >=Very Good,1. Yes,5.180607,177.790627
2009,35,1. Never Married,2. Black,2. HS Grad,2. Middle Atlantic,2. Information,2. >=Very Good,1. Yes,4.711651,111.235713
2003,77,2. Married,2. Black,2. HS Grad,2. Middle Atlantic,1. Industrial,2. >=Very Good,1. Yes,4.73986,114.418221
2003,33,1. Never Married,2. Black,2. HS Grad,2. Middle Atlantic,1. Industrial,2. >=Very Good,1. Yes,4.866413,129.854356
2004,27,2. Married,1. White,2. HS Grad,2. Middle Atlantic,2. Information,2. >=Very Good,1. Yes,4.720979,112.278114
2008,76,5. Separated,1. White,3. Some College,2. Middle Atlantic,2. Information,2. >=Very Good,1. Yes,4.958341,142.357457
2003,70,4. Divorced,1. White,2. HS Grad,2. Middle Atlantic,1. Industrial,1. <=Good,2. No,4.933291,138.835738
2003,78,2. Married,1. White,4. College Grad,2. Middle Atlantic,2. Information,2. >=Very Good,1. Yes,4.866979,129.927834
2006,40,2. Married,1. White,5. Advanced Degree,2. Middle Atlantic,2. Information,1. <=Good,2. No,5.558162,259.345836
2004,75,2. Married,1. White,3. Some College,2. Middle Atlantic,1. Industrial,1. <=Good,1. Yes,4.863911,129.529741
2005,35,1. Never Married,1. White,3. Some College,2. Middle Atlantic,1. Industrial,2. >=Very Good,2. No,5.048364,155.767497
2009,51,1. Never Married,3. Asian,3. Some College,2. Middle Atlantic,2. Information,2. >=Very Good,1. Yes,5.026694,152.428324
2008,65,3. Widowed,1. White,3. Some College,2. Middle Atlantic,2. Information,2. >=Very Good,2. No,4.558959,95.484054
2009,40,2. Married,3. Asian,4. College Grad,2. Middle Atlantic,2. Information,1. <=Good,2. No,4.752773,115.905213
2003,24,1. Never Married,1. White,2. HS Grad,2. Middle Atlantic,1. Industrial,2. >=Very Good,1. Yes,4.777101,118.759574
2003,64,4. Divorced,4. Other,2. HS Grad,2. Middle Atlantic,1. Industrial,2. >=Very Good,2. No,4.54157,93.838002
2008,23,1. Never Married,1. White,3. Some College,2. Middle Atlantic,1. Industrial,2. >=Very Good,1. Yes,4.820875,124.073603
2007,19,5. Separated,1. White,5. Advanced Degree,2. Middle Atlantic,2. Information,1. <=Good,2. No,4.642572,103.811018
2009,22,2. Married,1. White,4. College Grad,2. Middle Atlantic,2. Information,2. >=Very Good,1. Yes,4.392755,80.86286
2006,49,1. Never Married,1. White,2. HS Grad,2. Middle Atlantic,1. Industrial,1. <=Good,1. Yes,5.592828,268.493824
2009,31,1. Never Married,1. White,2. HS Grad,2. Middle Atlantic,2. Information,2. >=Very Good,1. Yes,4.83856,126.287344
2004,60,2. Married,4. Other,3. Some College,2. Middle Atlantic,2. Information,2. >=Very Good,2. No,5.035388,153.759259
2007,42,2. Married,3. Asian,3. Some College,2. Middle Atlantic,2. Information,2. >=Very Good,1. Yes,4.899778,134.260004
2007,18,2. Married,1. White,2. HS Grad,2. Middle Atlantic,1. Industrial,1. <=Good,1. Yes,4.252088,70.251913
2006,30,2. Married,1. White,2. HS Grad,2. Middle Atlantic,2. Information,2. >=Very Good,2. No,4.915182,136.344153
2006,33,1. Never Married,1. White,5. Advanced Degree,2. Middle Atlantic,2. Information,2. >=Very Good,1. Yes,4.855078,128.390661
2008,33,2. Married,3. Asian,3. Some College,2. Middle Atlantic,1. Industrial,2. >=Very Good,2. No,5.153063,172.96047
2005,62,2. Married,2. Black,1. < HS Grad,2. Middle Atlantic,1. Industrial,2. >=Very Good,2. No,5.075486,160.049983
2003,67,1. Never Married,1. White,3. Some College,2. Middle Atlantic,2. Information,2. >=Very Good,1. Yes,4.78508,119.710914
2009,72,2. Married,2. Black,2. HS Grad,2. Middle Atlantic,2. Information,2. >=Very Good,2. No,5.475828,238.848071
2009,48,2. Married,4. Other,3. Some College,2. Middle Atlantic,1. Industrial,1. <=Good,2. No,4.862208,129.30942
2008,40,2. Married,1. White,3. Some College,2. Middle Atlantic,1. Industrial,1. <=Good,1. Yes,4.898319,134.064216
2009,41,2. Married,1. White,2. HS Grad,2. Middle Atlantic,2. Information,2. >=Very Good,2. No,5.274657,195.32356
2007,63,2. Married,1. White,1. < HS Grad,2. Middle Atlantic,2. Information,2. >=Very Good,1. Yes,5.128049,168.687728
2007,61,2. Married,1. White,3. Some College,2. Middle Atlantic,1. Industrial,2. >=Very Good,2. No,5.382265,217.51431
2009,52,2. Married,1. White,4. College Grad,2. Middle Atlantic,2. Information,2. >=Very Good,1. Yes,4.956054,142.032189
2003,37,5. Separated,1. White,2. HS Grad,2. Middle Atlantic,1. Industrial,1. <=Good,2. No,4.306366,74.170493
2005,69,2. Married,3. Asian,3. Some College,2. Middle Atlantic,2. Information,2. >=Very Good,1. Yes,5.287774,197.902352
2009,45,2. Married,1. White,4. College Grad,2. Middle Atlantic,1. Industrial,1. <=Good,1. Yes,4.958828,142.426748
2005,55,1. Never Married,1. White,4. College Grad,2. Middle Atlantic,1. Industrial,1. <=Good,1. Yes,5.204417,182.074623
2007,65,2. Married,1. White,2. HS Grad,2. Middle Atlantic,2. Information,2. >=Very Good,1. Yes,4.744695,114.972789
2008,77,2. Married,1. White,2. HS Grad,2. Middle Atlantic,1. Industrial,2. >=Very Good,1. Yes,4.557665,95.360584
2005,65,4. Divorced,3. Asian,3. Some College,2. Middle Atlantic,1. Industrial,2. >=Very Good,1. Yes,5.147606,172.019193
2006,62,2. Married,1. White,4. College Grad,2. Middle Atlantic,2. Information,2. >=Very Good,1. Yes,5.56707,261.666353
2007,61,1. Never Married,1. White,3. Some College,2. Middle Atlantic,1. Industrial,2. >=Very Good,1. Yes,5.036343,153.906172
2004,69,2. Married,1. White,3. Some College,2. Middle Atlantic,2. Information,1. <=Good,1. Yes,5.256586,191.825439
2006,79,1. Never Married,1. White,2. HS Grad,2. Middle Atlantic,2. Information,2. >=Very Good,1. Yes,5.049781,155.988232
2003,45,2. Married,1. White,4. College Grad,2. Middle Atlantic,1. Industrial,1. <=Good,1. Yes,4.973687,144.558945
2007,30,5. Separated,1. White,2. HS Grad,2. Middle Atlantic,1. Industrial,1. <=Good,1. Yes,4.495325,89.597264
2009,23,4. Divorced,4. Other,3. Some College,2. Middle Atlantic,2. Information,2. >=Very Good,1. Yes,4.587542,98.25266
2003,67,2. Married,1. White,5. Advanced Degree,2. Middle Atlantic,1. Industrial,2. >=Very Good,2. No,5.319394,204.259967
2007,39,2. Married,4. Other,4. College Grad,2. Middle Atlantic,2. Information,1. <=Good,2. No,5.204902,182.162977
2007,20,5. Separated,1. White,3. Some College,2. Middle Atlantic,1. Industrial,2. >=Very Good,1. Yes,5.093122,162.897706
2004,39,2. Married,1. White,2. HS Grad,2. Middle Atlantic,2. Information,2. >=Very Good,2. No,4.732441,113.572449
2009,49,2. Married,1. White,2. HS Grad,2. Middle Atlantic,2. Information,1. <=Good,2. No,5.01955,151.343201
2004,18,2. Married,1. White,5. Advanced Degree,2. Middle Atlantic,2. Information,2. >=Very Good,2. No,5.034736,153.659014
2006,78,2. Married,1. White,4. College Grad,2. Middle Atlantic,1. Industrial,2. >=Very Good,1. Yes,4.586681,98.168092
2008,20,2. Married,1. White,2. HS Grad,2. Middle Atlantic,2. Information,1. <=Good,1. Yes,3.820972,45.648554
2008,69,1. Never Married,1. White,2. HS Grad,2. Middle Atlantic,2. Information,2. >=Very Good,1. Yes,4.892151,133.239878
2009,30,2. Married,1. White,5. Advanced Degree,2. Middle Atlantic,2. Information,1. <=Good,1. Yes,5.285347,197.422764
2007,21,4. Divorced,2. Black,2. HS Grad,2. Middle Atlantic,1. Industrial,2. >=Very Good,2. No,4.603744,99.857515
2005,38,1. Never Married,2. Black,4. College Grad,2. Middle Atlantic,1. Industrial,1. <=Good,1. Yes,5.47263,238.085502
2006,35,1. Never Married,1. White,5. Advanced Degree,2. Middle Atlantic,1. Industrial,2. >=Very Good,1. Yes,5.32148,204.686564
2009,64,2. Married,2. Black,5. Advanced Degree,2. Middle Atlantic,1. Industrial,1. <=Good,2. No,5.50591,246.142282
2003,44,2. Married,3. Asian,3. Some College,2. Middle Atlantic,2. Information,2. >=Very Good,2. No,4.932282,138.695624
2004,53,1. Never Married,1. White,2. HS Grad,2. Middle Atlantic,2. Information,2. >=Very Good,2. No,5.327459,205.91416
2009,48,1. Never Married,1. White,2. HS Grad,2. Middle Atlantic,1. Industrial,2. >=Very Good,1. Yes,5.126709,168.461833
2004,74,2. Married,1. White,5. Advanced Degree,2. Middle Atlantic,2. Information,2. >=Very Good,1. Yes,4.704169,110.40652
2009,48,1. Never Married,1. White,2. HS Grad,2. Middle Atlantic,2. Information,1. <=Good,1. Yes,4.781272,119.255924
2004,23,1. Never Married,1. White,5. Advanced Degree,2. Middle Atlantic,2. Information,2. >=Very Good,1. Yes,5.111921,165.98895
2007,77,2. Married,1. White,4. College Grad,2. Middle Atlantic,1. Industrial,1. <=Good,1. Yes,5.081068,160.94579
2009,80,2. Married,1. White,5. Advanced Degree,2. Middle Atlantic,2. Information,2. >=Very Good,1. Yes,5.565073,261.144146
2003,29,2. Married,3. Asian,2. HS Grad,2. Middle Atlantic,2. Information,2. >=Very Good,1. Yes,4.961106,142.751637
2009,43,3. Widowed,1. White,1. < HS Grad,2. Middle Atlantic,2. Information,2. >=Very Good,1. Yes,4.822199,124.237939
2006,44,2. Married,4. Other,5. Advanced Degree,2. Middle Atlantic,2. Information,2. >=Very Good,1. Yes,5.252816,191.103737
2008,55,4. Divorced,1. White,2. HS Grad,2. Middle Atlantic,2. Information,2. >=Very Good,1. Yes,4.909406,135.558935
2005,32,1. Never Married,3. Asian,3. Some College,2. Middle Atlantic,1. Industrial,2. >=Very Good,2. No,4.517596,91.615077
2004,74,1. Never Married,1. White,2. HS Grad,2. Middle Atlantic,2. Information,2. >=Very Good,2. No,5.162063,174.524212
2005,48,2. Married,1. White,3. Some College,2. Middle Atlantic,2. Information,2. >=Very Good,2. No,5.35575,211.822738
2004,52,2. Married,3. Asian,2. HS Grad,2. Middle Atlantic,2. Information,2. >=Very Good,1. Yes,5.061093,157.762885
2007,55,2. Married,1. White,4. College Grad,2. Middle Atlantic,1. Industrial,2. >=Very Good,2. No,5.31826,204.028512
2007,59,4. Divorced,1. White,3. Some College,2. Middle Atlantic,1. Industrial,2. >=Very Good,1. Yes,5.135241,169.905205
2007,26,4. Divorced,1. White,5. Advanced Degree,2. Middle Atlantic,2. Information,2. >=Very Good,2. No,4.834274,125.747281
2008,32,2. Married,1. White,3. Some College,2. Middle Atlantic,2. Information,2. >=Very Good,1. Yes,4.493399,89.424865
2005,49,2. Married,1. White,2. HS Grad,2. Middle Atlantic,1. Industrial,2. >=Very Good,2. No,4.657437,105.365673
2006,48,2. Married,1. White,4. College Grad,2. Middle Atlantic,1. Industrial,1. <=Good,2. No,5.316987,203.768976
2009,55,2. Married,1. White,3. Some College,2. Middle Atlantic,1. Industrial,2. >=Very Good,1. Yes,5.466257,236.57304
2008,52,2. Married,3. Asian,4. College Grad,2. Middle Atlantic,1. Industrial,1. <=Good,1. Yes,5.441737,230.842752
2005,64,2. Married,2. Black,1. < HS Grad,2. Middle Atlantic,1. Industrial,2. >=Very Good,1. Yes,4.738138,114.221316
2003,19,2. Married,1. White,2. HS Grad,2. Middle Atlantic,1. Industrial,2. >=Very Good,1. Yes,4.591723,98.664244
2003,48,2. Married,1. White,4. College Grad,2. Middle Atlantic,2. Information,2. >=Very Good,1. Yes,5.609523,273.013882
2009,43,2. Married,1. White,4. College Grad,2. Middle Atlantic,2. Information,2. >=Very Good,1. Yes,5.360863,212.908542
2006,65,1. Never Married,1. White,5. Advanced Degree,2. Middle Atlantic,2. Information,2. >=Very Good,2. No,5.426479,227.347286
2003,29,5. Separated,1. White,3. Some College,2. Middle Atlantic,2. Information,2. >=Very Good,1. Yes,5.148895,172.241133
2007,79,2. Married,1. White,3. Some College,2. Middle Atlantic,2. Information,2. >=Very Good,1. Yes,5.046825,155.52784
2006,32,1. Never Married,1. White,2. HS Grad,2. Middle Atlantic,2. Information,2. >=Very Good,1. Yes,4.893766,133.455241
2006,66,2. Married,1. White,3. Some College,2. Middle Atlantic,1. Industrial,1. <=Good,1. Yes,4.82032,124.004742
2003,24,2. Married,1. White,5. Advanced Degree,2. Middle Atlantic,1. Industrial,1. <=Good,1. Yes,4.574583,96.98758
2007,50,2. Married,1. White,5. Advanced Degree,2. Middle Atlantic,2. Information,1. <=Good,2. No,5.139415,170.615993
2004,51,1. Never Married,3. Asian,5. Advanced Degree,2. Middle Atlantic,2. Information,2. >=Very Good,2. No,5.269676,194.352961
2007,33,2. Married,2. Black,3. Some College,2. Middle Atlantic,1. Industrial,1. <=Good,2. No,5.149394,172.327051
2009,44,4. Divorced,2. Black,4. College Grad,2. Middle Atlantic,2. Information,2. >=Very Good,1. Yes,4.720133,112.183126
2009,72,2. Married,1. White,3. Some College,2. Middle Atlantic,2. Information,2. >=Very Good,1. Yes,4.960809,142.709221
2007,18,2. Married,1. White,2. HS Grad,2. Middle Atlantic,2. Information,1. <=Good,1. Yes,4.659564,105.590018
2007,50,2. Married,1. White,4. College Grad,2. Middle Atlantic,2. Information,2. >=Very Good,1. Yes,5.561576,260.232611
2005,80,2. Married,1. White,3. Some College,2. Middle Atlantic,2. Information,2. >=Very Good,1. Yes,4.974699,144.705334
2005,61,2. Married,1. White,1. < HS Grad,2. Middle Atlantic,2. Information,2. >=Very Good,1. Yes,4.645304,104.094964
2007,41,2. Married,4. Other,5. Advanced Degree,2. Middle Atlantic,2. Information,2. >=Very Good,1. Yes,5.000958,148.555418
2007,20,2. Married,1. White,3. Some College,2. Middle Atlantic,2. Information,2. >=Very Good,1. Yes,4.489164,89.046946
2005,57,2. Married,1. White,5. Advanced Degree,2. Middle Atlantic,1. Industrial,2. >=Very Good,1. Yes,5.406155,222.773467
2009,43,2. Married,1. White,1. < HS Grad,2. Middle Atlantic,1. Industrial,2. >=Very Good,1. Yes,4.860167,129.045743
2008,55,2. Married,1. White,2. HS Grad,2. Middle Atlantic,1. Industrial,2. >=Very Good,1. Yes,5.040303,154.516827
2008,23,2. Married,1. White,4. College Grad,2. Middle Atlantic,1. Industrial,2. >=Very Good,2. No,4.989317,146.836146
2006,44,2. Married,3. Asian,4. College Grad,2. Middle Atlantic,1. Industrial,2. >=Very Good,2. No,5.217791,184.526178
2003,61,2. Married,1. White,3. Some College,2. Middle Atlantic,1. Industrial,2. >=Very Good,1. Yes,4.915802,136.428711
2009,78,4. Divorced,2. Black,3. Some College,2. Middle Atlantic,2. Information,1. <=Good,1. Yes,4.906083,135.109132
2004,28,4. Divorced,1. White,1. < HS Grad,2. Middle Atlantic,2. Information,1. <=Good,1. Yes,4.691513,109.017956
2009,31,2. Married,1. White,5. Advanced Degree,2. Middle Atlantic,2. Information,2. >=Very Good,1. Yes,4.997573,148.053369
2006,79,2. Married,2. Black,5. Advanced Degree,2. Middle Atlantic,2. Information,1. <=Good,1. Yes,5.551104,257.5217
2008,30,3. Widowed,1. White,2. HS Grad,2. Middle Atlantic,2. Information,2. >=Very Good,1. Yes,4.633774,102.901728
2008,24,1. Never Married,1. White,5. Advanced Degree,2. Middle Atlantic,2. Information,2. >=Very Good,1. Yes,5.03004,152.939175
2007,52,2. Married,1. White,3. Some College,2. Middle Atlantic,2. Information,2. >=Very Good,2. No,4.85714,128.655765
2003,55,1. Never Married,2. Black,5. Advanced Degree,2. Middle Atlantic,2. Information,2. >=Very Good,1. Yes,5.380438,217.117359
2005,44,2. Married,1. White,3. Some College,2. Middle Atlantic,2. Information,2. >=Very Good,1. Yes,5.211646,183.395613
2008,34,2. Married,1. White,2. HS Grad,2. Middle Atlantic,1. Industrial,2. >=Very Good,2. No,4.43519,84.368117
2005,54,1. Never Married,4. Other,3. Some College,2. Middle Atlantic,2. Information,2. >=Very Good,1. Yes,5.111728,165.95686
2009,60,5. Separated,3. Asian,2. HS Grad,2. Middle Atlantic,2. Information,2. >=Very Good,1. Yes,5.053069,156.502061
2004,75,2. Married,4. Other,2. HS Grad,2. Middle Atlantic,2. Information,2. >=Very Good,1. Yes,5.199606,181.20089
2007,33,1. Never Married,1. White,5. Advanced Degree,2. Middle Atlantic,1. Industrial,1. <=Good,1. Yes,4.930445,138.441071
2006,28,1. Never Married,1. White,2. HS Grad,2. Middle Atlantic,2. Information,2. >=Very Good,2. No,4.711853,111.258077
2008,61,2. Married,1. White,2. HS Grad,2. Middle Atlantic,1. Industrial,1. <=Good,1. Yes,4.934088,138.946349
2004,37,2. Married,1. White,2. HS Grad,2. Middle Atlantic,1. Industrial,1. <=Good,2. No,4.799419,121.439808
2006,33,1. Never Married,1. White,2. HS Grad,2. Middle Atlantic,2. Information,2. >=Very Good,1. Yes,4.816888,123.579946
2009,25,2. Married,1. White,3. Some College,2. Middle Atlantic,2. Information,2. >=Very Good,1. Yes,4.230924,68.780758
2003,51,2. Married,1. White,2. HS Grad,2. Middle Atlantic,2. Information,2. >=Very Good,2. No,4.793451,120.717305
2008,25,2. Married,4. Other,3. Some College,2. Middle Atlantic,1. Industrial,1. <=Good,1. Yes,4.639263,103.468063
2005,44,2. Married,2. Black,3. Some College,2. Middle Atlantic,2. Information,2. >=Very Good,1. Yes,4.766411,117.496801
2005,46,2. Married,1. White,4. College Grad,2. Middle Atlantic,2. Information,2. >=Very Good,2. No,5.372796,215.464553
2005,76,2. Married,2. Black,4. College Grad,2. Middle Atlantic,2. Information,2. >=Very Good,2. No,5.157589,173.745031
2004,31,4. Divorced,2. Black,4. College Grad,2. Middle Atlantic,1. Industrial,1. <=Good,1. Yes,5.438396,230.072747
2005,29,2. Married,3. Asian,4. College Grad,2. Middle Atlantic,1. Industrial,2. >=Very Good,1. Yes,4.816109,123.483726
2003,48,2. Married,2. Black,4. College Grad,2. Middle Atlantic,2. Information,2. >=Very Good,1. Yes,5.281572,196.678767
2005,19,1. Never Married,1. White,4. College Grad,2. Middle Atlantic,2. Information,2. >=Very Good,1. Yes,4.873736,130.808692
2006,27,2. Married,1. White,2. HS Grad,2. Middle Atlantic,2. Information,2. >=Very Good,1. Yes,4.550975,94.724683
2005,28,2. Married,1. White,3. Some College,2. Middle Atlantic,2. Information,2. >=Very Good,1. Yes,4.970594,144.112498
2003,20,4. Divorced,2. Black,4. College Grad,2. Middle Atlantic,1. Industrial,1. <=Good,1. Yes,5.007791,149.573979
2003,42,2. Married,1. White,4. College Grad,2. Middle Atlantic,2. Information,1. <=Good,1. Yes,5.44087,230.642678
2006,48,4. Divorced,1. White,1. < HS Grad,2. Middle Atlantic,2. Information,1. <=Good,1. Yes,5.206947,182.536003
2007,77,2. Married,1. White,3. Some College,2. Middle Atlantic,2. Information,2. >=Very Good,1. Yes,4.781721,119.309515
2003,67,1. Never Married,2. Black,2. HS Grad,2. Middle Atlantic,2. Information,2. >=Very Good,1. Yes,4.758538,116.575413
2007,41,1. Never Married,1. White,5. Advanced Degree,2. Middle Atlantic,2. Information,2. >=Very Good,1. Yes,5.390954,219.412662
2007,45,2. Married,1. White,2. HS Grad,2. Middle Atlantic,2. Information,2. >=Very Good,1. Yes,5.210029,183.099377
2003,55,1. Never Married,1. White,2. HS Grad,2. Middle Atlantic,1. Industrial,1. <=Good,1. Yes,5.016662,150.906672
2003,26,1. Never Married,2. Black,5. Advanced Degree,2. Middle Atlantic,1. Industrial,2. >=Very Good,1. Yes,4.639528,103.495459
2008,20,2. Married,1. White,3. Some College,2. Middle Atlantic,2. Information,2. >=Very Good,1. Yes,4.795833,121.00512
2007,79,1. Never Married,1. White,4. College Grad,2. Middle Atlantic,1. Industrial,2. >=Very Good,1. Yes,5.113386,166.2323
2006,67,1. Never Married,1. White,2. HS Grad,2. Middle Atlantic,2. Information,1. <=Good,2. No,4.737465,114.144527
2004,19,2. Married,1. White,2. HS Grad,2. Middle Atlantic,2. Information,2. >=Very Good,1. Yes,4.627597,102.268045
2006,37,2. Married,1. White,2. HS Grad,2. Middle Atlantic,1. Industrial,2. >=Very Good,1. Yes,4.889896,132.939728
2007,63,1. Never Married,1. White,5. Advanced Degree,2. Middle Atlantic,1. Industrial,2. >=Very Good,1. Yes,5.336474,207.778876
2003,20,2. Married,3. Asian,2. HS Grad,2. Middle Atlantic,1. Industrial,2. >=Very Good,2. No,4.689627,108.81263
2004,74,2. Married,1. White,5. Advanced Degree,2. Middle Atlantic,2. Information,2. >=Very Good,1. Yes,4.899184,134.180267
2004,23,2. Married,1. White,3. Some College,2. Middle Atlantic,2. Information,2. >=Very Good,1. Yes,4.639373,103.479485
2008,35,1. Never Married,1. White,4. College Grad,2. Middle Atlantic,1. Industrial,1. <=Good,1. Yes,5.112485,166.082615
2009,49,1. Never Married,2. Black,3. Some College,2. Middle Atlantic,2. Information,2. >=Very Good,1. Yes,5.051147,156.201541
2005,76,2. Married,2. Black,1. < HS Grad,2. Middle Atlantic,1. Industrial,2. >=Very Good,1. Yes,4.786879,119.92655
2005,78,1. Never Married,1. White,2. HS Grad,2. Middle Atlantic,1. Industrial,2. >=Very Good,1. Yes,4.732683,113.599925
2005,55,2. Married,1. White,1. < HS Grad,2. Middle Atlantic,1. Industrial,2. >=Very Good,2. No,5.118316,167.053853
2006,65,2. Married,2. Black,2. HS Grad,2. Middle Atlantic,2. Information,2. >=Very Good,2. No,4.933194,138.822241
2006,74,1. Never Married,1. White,4. College Grad,2. Middle Atlantic,1. Industrial,2. >=Very Good,1. Yes,5.023576,151.953766
2003,25,2. Married,3. Asian,4. College Grad,2. Middle Atlantic,2. Information,2. >=Very Good,1. Yes,5.136313,170.087456
2008,77,4. Divorced,3. Asian,5. Advanced Degree,2. Middle Atlantic,2. Information,2. >=Very Good,2. No,5.101665,164.295228
2003,24,3. Widowed,4. Other,4. College Grad,2. Middle Atlantic,1. Industrial,2. >=Very Good,2. No,5.133855,169.669884
2006,41,5. Separated,2. Black,2. HS Grad,2. Middle Atlantic,2. Information,2. >=Very Good,1. Yes,4.518294,91.679078
2004,24,2. Married,1. White,2. HS Grad,2. Middle Atlantic,2. Information,2. >=Very Good,1. Yes,4.478608,88.111907
2003,50,2. Married,1. White,4. College Grad,2. Middle Atlantic,1. Industrial,2. >=Very Good,1. Yes,5.068462,158.929729
2004,49,2. Married,1. White,2. HS Grad,2. Middle Atlantic,1. Industrial,2. >=Very Good,1. Yes,4.824687,124.547489
2007,27,1. Never Married,4. Other,5. Advanced Degree,2. Middle Atlantic,2. Information,2. >=Very Good,2. No,5.02738,152.532829
2003,24,1. Never Married,1. White,1. < HS Grad,2. Middle Atlantic,1. Industrial,2. >=Very Good,1. Yes,4.26971,71.500919
2007,35,2. Married,4. Other,2. HS Grad,2. Middle Atlantic,1. Industrial,2. >=Very Good,1. Yes,4.529819,92.74179
2004,62,4. Divorced,2. Black,4. College Grad,2. Middle Atlantic,1. Industrial,1. <=Good,1. Yes,4.845674,127.18898
2009,71,2. Married,1. White,4. College Grad,2. Middle Atlantic,1. Industrial,1. <=Good,2. No,4.973846,144.581867
2009,42,2. Married,1. White,4. College Grad,2. Middle Atlantic,2. Information,2. >=Very Good,1. Yes,5.144902,171.554741
2007,35,1. Never Married,2. Black,2. HS Grad,2. Middle Atlantic,1. Industrial,1. <=Good,1. Yes,4.447427,85.406874
2006,21,2. Married,3. Asian,3. Some College,2. Middle Atlantic,1. Industrial,2. >=Very Good,1. Yes,4.183023,65.563739
2008,23,2. Married,3. Asian,2. HS Grad,2. Middle Atlantic,2. Information,2. >=Very Good,1. Yes,4.407604,82.072622
2008,70,2. Married,1. White,4. College Grad,2. Middle Atlantic,2. Information,1. <=Good,1. Yes,5.120618,167.438765
2005,78,1. Never Married,2. Black,3. Some College,2. Middle Atlantic,2. Information,1. <=Good,2. No,4.820799,124.064186
2006,51,4. Divorced,2. Black,3. Some College,2. Middle Atlantic,2. Information,2. >=Very Good,1. Yes,5.504197,245.720947
2006,45,1. Never Married,1. White,2. HS Grad,2. Middle Atlantic,2. Information,1. <=Good,1. Yes,4.913377,136.09827
2008,60,2. Married,2. Black,5. Advanced Degree,2. Middle Atlantic,1. Industrial,2. >=Very Good,2. No,5.454861,233.892247
2009,40,1. Never Married,1. White,3. Some College,2. Middle Atlantic,1. Industrial,1. <=Good,1. Yes,4.712141,111.290214
2009,63,2. Married,2. Black,2. HS Grad,2. Middle Atlantic,1. Industrial,2. >=Very Good,1. Yes,4.986442,146.414606
2003,49,2. Married,1. White,2. HS Grad,2. Middle Atlantic,2. Information,1. <=Good,1. Yes,4.545769,94.232854
2004,50,2. Married,1. White,3. Some College,2. Middle Atlantic,2. Information,2. >=Very Good,1. Yes,5.024523,152.097692
2003,21,2. Married,1. White,3. Some College,2. Middle Atlantic,1. Industrial,1. <=Good,2. No,4.1346,62.464624
2007,22,1. Never Married,3. Asian,3. Some College,2. Middle Atlantic,1. Industrial,1. <=Good,1. Yes,4.600826,99.566508
2009,51,2. Married,1. White,4. College Grad,2. Middle Atlantic,1. Industrial,2. >=Very Good,1. Yes,5.45473,233.861644
2005,50,2. Married,1. White,4. College Grad,2. Middle Atlantic,2. Information,2. >=Very Good,1. Yes,5.287348,197.818069
2006,36,1. Never Married,1. White,2. HS Grad,2. Middle Atlantic,1. Industrial,2. >=Very Good,1. Yes,4.77114,118.053752
2007,19,4. Divorced,3. Asian,4. College Grad,2. Middle Atlantic,2. Information,2. >=Very Good,1. Yes,4.499686,89.988884
2006,28,1. Never Married,1. White,4. College Grad,2. Middle Atlantic,1. Industrial,2. >=Very Good,2. No,5.229073,186.619664
2003,72,2. Married,1. White,5. Advanced Degree,2. Middle Atlantic,2. Information,1. <=Good,1. Yes,5.735473,309.659481
2004,70,2. Married,1. White,3. Some College,2. Middle Atlantic,1. Industrial,2. >=Very Good,1. Yes,4.815482,123.406265
2007,54,2. Married,1. White,5. Advanced Degree,2. Middle Atlantic,2. Information,1. <=Good,1. Yes,5.35272,211.181951
2004,33,2. Married,1. White,4. College Grad,2. Middle Atlantic,2. Information,2. >=Very Good,1. Yes,4.788479,120.118588
2005,24,2. Married,3. Asian,5. Advanced Degree,2. Middle Atlantic,2. Information,2. >=Very Good,1. Yes,4.930157,138.401197
2005,45,2. Married,1. White,3. Some College,2. Middle Atlantic,2. Information,1. <=Good,1. Yes,4.812587,123.049547
2007,43,2. Married,1. White,2. HS Grad,2. Middle Atlantic,1. Industrial,1. <=Good,1. Yes,4.892338,133.264818
2009,66,2. Married,1. White,5. Advanced Degree,2. Middle Atlantic,2. Information,2. >=Very Good,2. No,5.073602,159.74867
2005,20,2. Married,3. Asian,4. College Grad,2. Middle Atlantic,1. Industrial,1. <=Good,1. Yes,4.302782,73.905116
2008,24,2. Married,1. White,4. College Grad,2. Middle Atlantic,1. Industrial,1. <=Good,2. No,4.815106,123.359868
2006,75,1. Never Married,1. White,3. Some College,2. Middle Atlantic,2. Information,2. >=Very Good,1. Yes,5.183318,178.273368
2009,76,2. Married,4. Other,2. HS Grad,2. Middle Atlantic,1. Industrial,2. >=Very Good,1. Yes,5.003467,148.928616
2004,78,4. Divorced,2. Black,3. Some College,2. Middle Atlantic,2. Information,2. >=Very Good,2. No,5.134409,169.763957
2009,80,2. Married,1. White,2. HS Grad,2. Middle Atlantic,2. Information,2. >=Very Good,1. Yes,4.979932,145.464528
2004,44,2. Married,1. White,2. HS Grad,2. Middle Atlantic,1. Industrial,2. >=Very Good,1. Yes,4.797094,121.157772
2008,70,2. Married,1. White,5. Advanced Degree,2. Middle Atlantic,2. Information,1. <=Good,2. No,5.202813,181.782826
2008,67,1. Never Married,1. White,2. HS Grad,2. Middle Atlantic,1. Industrial,2. >=Very Good,2. No,4.34923,77.418863
2009,53,4. Divorced,1. White,4. College Grad,2. Middle Atlantic,1. Industrial,2. >=Very Good,1. Yes,5.34826,210.242123
2005,38,1. Never Married,1. White,2. HS Grad,2. Middle Atlantic,1. Industrial,1. <=Good,1. Yes,4.787958,120.056015
2007,35,2. Married,1. White,2. HS Grad,2. Middle Atlantic,2. Information,2. >=Very Good,2. No,4.523476,92.155367
2006,55,2. Married,2. Black,3. Some College,2. Middle Atlantic,1. Industrial,2. >=Very Good,2. No,5.379512,216.916503
2006,31,2. Married,2. Black,4. College Grad,2. Middle Atlantic,2. Information,2. >=Very Good,1. Yes,4.550154,94.646998
2007,32,2. Married,1. White,2. HS Grad,2. Middle Atlantic,2. Information,2. >=Very Good,1. Yes,4.799728,121.477377
2004,60,1. Never Married,1. White,3. Some College,2. Middle Atlantic,2. Information,1. <=Good,1. Yes,5.416589,225.109966
2004,49,2. Married,1. White,2. HS Grad,2. Middle Atlantic,1. Industrial,2. >=Very Good,1. Yes,5.137436,170.278594
2006,43,3. Widowed,1. White,2. HS Grad,2. Middle Atlantic,2. Information,2. >=Very Good,1. Yes,5.343672,209.279764
2006,37,2. Married,1. White,5. Advanced Degree,2. Middle Atlantic,1. Industrial,1. <=Good,1. Yes,5.491726,242.675696
2009,65,4. Divorced,1. White,3. Some College,2. Middle Atlantic,2. Information,1. <=Good,1. Yes,5.010782,150.021974
2006,43,1. Never Married,2. Black,1. < HS Grad,2. Middle Atlantic,1. Industrial,2. >=Very Good,1. Yes,4.673374,107.058337
2007,43,2. Married,1. White,3. Some College,2. Middle Atlantic,1. Industrial,1. <=Good,1. Yes,4.704034,110.391612
2005,59,1. Never Married,1. White,1. < HS Grad,2. Middle Atlantic,1. Industrial,1. <=Good,2. No,5.099207,163.891947
2003,21,4. Divorced,2. Black,3. Some College,2. Middle Atlantic,1. Industrial,2. >=Very Good,1. Yes,4.874223,130.872434
2006,26,1. Never Married,1. White,2. HS Grad,2. Middle Atlantic,2. Information,2. >=Very Good,1. Yes,4.425405,83.546675
2005,40,2. Married,1. White,4. College Grad,2. Middle Atlantic,2. Information,1. <=Good,1. Yes,5.02492,152.158038
2009,61,1. Never Married,2. Black,2. HS Grad,2. Middle Atlantic,1. Industrial,2. >=Very Good,2. No,4.925769,137.795297
2009,49,2. Married,2. Black,5. Advanced Degree,2. Middle Atlantic,2. Information,2. >=Very Good,1. Yes,5.816505,335.796425
2003,80,2. Married,1. White,2. HS Grad,2. Middle Atlantic,1. Industrial,1. <=Good,2. No,4.573953,96.926459
2006,41,1. Never Married,1. White,2. HS Grad,2. Middle Atlantic,2. Information,1. <=Good,1. Yes,4.441617,84.912161
2003,36,2. Married,1. White,5. Advanced Degree,2. Middle Atlantic,1. Industrial,1. <=Good,1. Yes,5.301691,200.675874
2007,75,2. Married,1. White,3. Some College,2. Middle Atlantic,1. Industrial,2. >=Very Good,2. No,4.749905,115.573329
2004,73,3. Widowed,3. Asian,4. College Grad,2. Middle Atlantic,1. Industrial,2. >=Very Good,2. No,5.152632,172.88588
2006,80,2. Married,2. Black,2. HS Grad,2. Middle Atlantic,1. Industrial,2. >=Very Good,1. Yes,4.538926,93.590192
2003,40,2. Married,1. White,3. Some College,2. Middle Atlantic,2. Information,2. >=Very Good,1. Yes,4.866088,129.812062
2004,57,2. Married,1. White,3. Some College,2. Middle Atlantic,2. Information,2. >=Very Good,1. Yes,5.402475,221.95506
2004,57,1. Never Married,3. Asian,2. HS Grad,2. Middle Atlantic,1. Industrial,2. >=Very Good,1. Yes,5.283426,197.043739
2005,39,5. Separated,1. White,4. College Grad,2. Middle Atlantic,1. Industrial,1. <=Good,1. Yes,5.080463,160.848473
2009,28,2. Married,2. Black,4. College Grad,2. Middle Atlantic,1. Industrial,2. >=Very Good,1. Yes,4.612692,100.755031
2005,29,1. Never Married,1. White,3. Some College,2. Middle Atlantic,2. Information,1. <=Good,2. No,4.785831,119.800865
2003,58,2. Married,1. White,2. HS Grad,2. Middle Atlantic,2. Information,1. <=Good,1. Yes,5.268546,194.133579
2007,22,2. Married,1. White,2. HS Grad,2. Middle Atlantic,2. Information,2. >=Very Good,1. Yes,4.684589,108.265794
2005,20,2. Married,2. Black,1. < HS Grad,2. Middle Atlantic,1. Industrial,2. >=Very Good,1. Yes,4.101987,60.460277
2004,27,2. Married,2. Black,4. College Grad,2. Middle Atlantic,1. Industrial,2. >=Very Good,1. Yes,4.744288,114.925982
2004,77,1. Never Married,1. White,5. Advanced Degree,2. Middle Atlantic,2. Information,1. <=Good,2. No,5.396163,220.55852
2008,21,2. Married,1. White,1. < HS Grad,2. Middle Atlantic,2. Information,1. <=Good,1. Yes,4.325351,75.592076
2008,73,1. Never Married,2. Black,2. HS Grad,2. Middle Atlantic,2. Information,1. <=Good,1. Yes,4.991516,147.159321
2004,48,2. Married,2. Black,3. Some College,2. Middle Atlantic,2. Information,2. >=Very Good,1. Yes,5.006174,149.332236
2005,49,3. Widowed,2. Black,4. College Grad,2. Middle Atlantic,1. Industrial,2. >=Very Good,1. Yes,4.649658,104.549193
2004,62,2. Married,1. White,3. Some College,2. Middle Atlantic,2. Information,2. >=Very Good,1. Yes,5.136309,170.086818
2007,71,2. Married,1. White,3. Some College,2. Middle Atlantic,1. Industrial,2. >=Very Good,2. No,4.684462,108.252048
2008,64,4. Divorced,1. White,4. College Grad,2. Middle Atlantic,2. Information,1. <=Good,1. Yes,5.580795,265.282546
2008,30,2. Married,3. Asian,5. Advanced Degree,2. Middle Atlantic,1. Industrial,2. >=Very Good,1. Yes,5.014303,150.551117
2007,27,2. Married,1. White,5. Advanced Degree,2. Middle Atlantic,2. Information,1. <=Good,1. Yes,5.163738,174.816674
2003,72,4. Divorced,1. White,2. HS Grad,2. Middle Atlantic,2. Information,2. >=Very Good,2. No,5.034862,153.678372
2009,67,5. Separated,1. White,5. Advanced Degree,2. Middle Atlantic,1. Industrial,2. >=Very Good,1. Yes,5.670402,290.151151
2006,80,1. Never Married,1. White,1. < HS Grad,2. Middle Atlantic,2. Information,2. >=Very Good,1. Yes,4.270552,71.561113
2006,19,2. Married,1. White,1. < HS Grad,2. Middle Atlantic,1. Industrial,2. >=Very Good,1. Yes,4.359733,78.23621
2007,66,2. Married,1. White,2. HS Grad,2. Middle Atlantic,2. Information,2. >=Very Good,2. No,5.098862,163.835312
2008,51,2. Married,1. White,2. HS Grad,2. Middle Atlantic,2. Information,2. >=Very Good,1. Yes,4.738374,114.248281
2004,18,4. Divorced,2. Black,2. HS Grad,2. Middle Atlantic,1. Industrial,2. >=Very Good,1. Yes,4.28343,72.488616
2005,26,2. Married,1. White,4. College Grad,2. Middle Atlantic,1. Industrial,2. >=Very Good,1. Yes,4.978383,145.239371
2003,74,2. Married,4. Other,5. Advanced Degree,2. Middle Atlantic,1. Industrial,1. <=Good,1. Yes,5.172744,176.398209
2009,75,2. Married,1. White,3. Some College,2. Middle Atlantic,2. Information,2. >=Very Good,2. No,5.154784,173.258376
2009,31,4. Divorced,2. Black,2. HS Grad,2. Middle Atlantic,1. Industrial,1. <=Good,2. No,4.299391,73.654892
2008,43,2. Married,3. Asian,4. College Grad,2. Middle Atlantic,1. Industrial,1. <=Good,1. Yes,5.110214,165.705804
2007,55,2. Married,1. White,2. HS Grad,2. Middle Atlantic,1. Industrial,2. >=Very Good,1. Yes,4.793114,120.676582
2006,50,1. Never Married,1. White,2. HS Grad,2. Middle Atlantic,2. Information,2. >=Very Good,2. No,4.874472,130.905068
2005,20,4. Divorced,1. White,4. College Grad,2. Middle Atlantic,1. Industrial,2. >=Very Good,1. Yes,4.725486,112.785254
2003,38,1. Never Married,1. White,2. HS Grad,2. Middle Atlantic,2. Information,2. >=Very Good,1. Yes,5.09575,163.326327
2009,37,2. Married,4. Other,5. Advanced Degree,2. Middle Atlantic,1. Industrial,2. >=Very Good,1. Yes,4.752705,115.897391
2006,61,1. Never Married,1. White,2. HS Grad,2. Middle Atlantic,1. Industrial,2. >=Very Good,1. Yes,4.786267,119.853137
2006,32,2. Married,1. White,3. Some College,2. Middle Atlantic,1. Industrial,1. <=Good,1. Yes,4.777397,118.794772
2009,38,2. Married,1. White,2. HS Grad,2. Middle Atlantic,2. Information,2. >=Very Good,2. No,5.078634,160.554509
2008,18,1. Never Married,1. White,5. Advanced Degree,2. Middle Atlantic,2. Information,2. >=Very Good,1. Yes,5.04092,154.612129
2003,67,5. Separated,2. Black,5. Advanced Degree,2. Middle Atlantic,2. Information,2. >=Very Good,1. Yes,5.817137,336.008738
2007,32,2. Married,1. White,2. HS Grad,2. Middle Atlantic,1. Industrial,2. >=Very Good,2. No,4.730849,113.391834
2008,33,1. Never Married,1. White,3. Some College,2. Middle Atlantic,1. Industrial,2. >=Very Good,1. Yes,4.612002,100.685541
2003,72,2. Married,1. White,3. Some College,2. Middle Atlantic,2. Information,1. <=Good,1. Yes,5.024484,152.091773
2003,78,4. Divorced,4. Other,4. College Grad,2. Middle Atlantic,2. Information,2. >=Very Good,1. Yes,5.256229,191.757061
2009,52,2. Married,1. White,2. HS Grad,2. Middle Atlantic,2. Information,1. <=Good,1. Yes,4.62359,101.859071
2003,36,2. Married,1. White,3. Some College,2. Middle Atlantic,2. Information,2. >=Very Good,1. Yes,4.924906,137.676359
2003,55,1. Never Married,1. White,2. HS Grad,2. Middle Atlantic,2. Information,2. >=Very Good,2. No,4.639337,103.475706
2008,54,2. Married,1. White,3. Some College,2. Middle Atlantic,2. Information,1. <=Good,1. Yes,4.893783,133.457424
2006,20,2. Married,1. White,5. Advanced Degree,2. Middle Atlantic,2. Information,2. >=Very Good,1. Yes,4.836806,126.066004
2008,34,2. Married,4. Other,4. College Grad,2. Middle Atlantic,1. Industrial,2. >=Very Good,2. No,4.984627,146.149077
2009,22,2. Married,1. White,2. HS Grad,2. Middle Atlantic,1. Industrial,2. >=Very Good,1. Yes,4.376311,79.54405
2007,33,1. Never Married,1. White,4. College Grad,2. Middle Atlantic,1. Industrial,2. >=Very Good,1. Yes,5.066487,158.616177
2004,77,1. Never Married,1. White,2. HS Grad,2. Middle Atlantic,1. Industrial,2. >=Very Good,1. Yes,4.861371,129.201155
2003,32,1. Never Married,1. White,3. Some College,2. Middle Atlantic,2. Information,2. >=Very Good,1. Yes,4.409902,82.261403
2005,18,2. Married,1. White,4. College Grad,2. Middle Atlantic,2. Information,2. >=Very Good,2. No,4.635266,103.055278
2009,22,2. Married,4. Other,3. Some College,2. Middle Atlantic,2. Information,2. >=Very Good,2. No,4.755175,116.183954
2003,31,1. Never Married,4. Other,5. Advanced Degree,2. Middle Atlantic,1. Industrial,2. >=Very Good,1. Yes,4.96724,143.62997
2007,48,1. Never Married,1. White,2. HS Grad,2. Middle Atlantic,1. Industrial,1. <=Good,2. No,5.283778,197.113132
